№,Publication ID,Year,Title,Material System,Composition / Doping,Bandgap (eV),Synthesis Method,Morphology,Nanostructure,Cocatalyst,Protective Layer,Photoelectrode Type,Thickness (nm),Electrolyte,pH,Illumination Type,Wavelength (nm),Light Intensity (mW/cm²),Applied Bias (V vs RHE),Temperature (K),Photocurrent Density (mA/cm²),Onset Potential (V),STH Efficiency (%),ABPE (%),Hydrogen Evolution Rate (µmol h⁻¹ cm⁻²),Stability Time (h),Units Normalized,Performance Class,Notes
1,10.1016/j.cattod.2019.02.024,2020,Fabrication of large size nanoporous BiVO4...,BiVO4,BiVO4,2.4,electrodeposition,nanoporous,nanoporous structure,NiOOH,,photoanode,,,,simulated solar light,,,,,1.7,,24,,,,Yes,,Source reports 24% STH
2,10.1016/j.apcata.2017.07.020,2017,Toward non-precious nanocomposite...,TiO2,Co9S8 + POM (PW12),,two-step anodization,porous nanotube arrays,TiO2 nanotube arrays,Co9S8,,photoanode,,ethylene glycol,,simulated solar light,,,1.23,298,1.12,,,0.56,,,Yes,Medium,8.5-fold improvement
3,10.1021/acsami.0c17811,2020,Highly Efficient PEC Water Splitting...,GaN,WxS1−x coating,,,nanowires,GaN nanowires,WxS1−x,,photoanode,,0.5 M H2SO4,,,,,,,20.38,,,13.76,144.29,7,Yes,,
4,10.1021/acsami.1c15225,2021,Spinel-Oxide-Integrated BiVO4...,BiVO4,NiCo2O4/BiVO4,,,spinel-oxide-integrated,,NiCo2O4,,photoanode,,,,NIR radiation,,,1.23,,6.2,,,,,,Yes,High,photothermal effect
5,10.1016/j.jpowsour.2015.08.027,2015,Nitrogen and cobalt co-doped ZnO...,ZnO,(Zn0.95Co0.05)O:N,2.16,hydrothermal + NH3,nanowires,nanowires,,,photoanode,,,,under illumination,,,,873,1.39,,,,,,Yes,Medium,generated at 600 °C
6,10.1088/1361-6528/ac8a51,2022,Interfacial engineering of 1D/2D...,ZnO,Hematene/ZnO,,ZnO nanorod array,nanorod array,1D/2D hierarchical,Hematene,,photoanode,1.5,,,visible light,,,,,0.28,,,,,,Yes,Medium,Hematene monolayer
7,10.1021/acsaem.5c01370,2025,High-Efficiency PEC Hydrogen...,Ti–Si–O,CdS–ZnS/black Ti–Si–O,,anodization + Sn red,black nanotube arrays,nanotube arrays,CdS–ZnS,,photoanode,,,,,,,,,12.69,,,,,,Yes,High,Sn reduction treatment
8,10.1007/s10854-022-09772-8,2023,N-doped reduced graphene oxide...,reduced graphene oxide,N-doped rGO + Ag,,nanocomposite,,nanocomposite,Ag nanoparticles,,photoanode,,,,visible LED light,500,,0.95,,0.69,,,0.69,,,Yes,Low,unit inconsistency likely
9,10.1021/acsaem.5c00474,2025,Raspberry-like Au-decorated TiO2...,TiO2,Au RLNP/TiO2,,hydrothermal + Au RLNPs,raspberry-like Au,TiO2 nanorod arrays,Au RLNPs,,photoanode,,,,AM 1.5G,,,1.23,,2.18,,,,,,Yes,Low,Au RLNP/TiO2
10,10.3390/catal11050584,2021,Surface-Modified Ta3N5 Photoanodes...,Ta3N5,NiFeOx/Ta3N5,2.1,RF sputtering + nitrid,thin film,Ta3N5 thin-film,NiFeOx,,photoanode,500,sodium phosphate,13,AM 1.5G,600,100,0.7,1073,0.4,0.6,0.2,,1.8,6,Yes,Low,tandem cell data incl.
11,10.1016/j.jelechem.2019.113361,2019,Enhancing WS2 performance...,WS2,Ti-doped / Mo-doped WS2,,CVD,vertically aligned nanosheets,2D nanosheets,,,photoanode,,,,AM 1.5G,,100,1.23,,10.44,,,2.84,,,Yes,High,CVD at low temp
12,10.1007/s11708-021-0781-9,2021,Enhanced performance of NiF2/BiVO4...,BiVO4,NiF2/BiVO4,,electrodeposition,,heterojunction,NiF2,,photoanode,,,,,,,,,,,,,,,Yes,Medium,180% vs pristine
13,10.1016/j.nanoen.2017.03.042,2017,Cactus-like hierarchical nanorod...,ZnO,H-ZnO/CdS/Ni(OH)2,,electrodeposition,cactus-like,mixed 2D/1D,Ni(OH)2,,photoanode,150,neutral solution,,,,,,,,,,4.12,,1,Yes,High,ABPE 4.12%
14,10.1016/j.colsurfa.2022.128412,2022,Zn-MOF decorated BiVO4...,BiVO4,BiVO4 / Zn-MOF,2.4,electrodeposition,thin film,MOF-decorated,Zn-MOF,Zn-MOF,photoanode,,,,simulated solar light,,,,298,,,,,,,Yes,Medium,3.1x improvement
15,10.1016/j.jelechem.2024.118385,2024,Strategic band alignment of ZnO...,ZnO,FSZn,,microemulsion,fibrous structure,bicontinuous concentric,,,photoanode,,Na2SO4,,solar / light,,,,298,17.88,,22,,,,Yes,High,high surface area
16,10.1039/d3ra00346a,2023,Facile preparation of Ni2P...,BiVO4/Ni2P,Ni2P modification,,solvothermal,,,Ni2P,,photoanode,,1 M KBi buffer,9,AM 1.5G,,100,1.23,,3.3,,,0.98,,1,Yes,Medium,2.3x vs bare BVO
17,10.1002/smsc.202300318,2024,Boosting Water Oxidation of Fe2O3...,Fe2O3,Pt nanocrystals,,Laser generation,Nanoporous,Nanocrystals,Pt,,photoanode,,,,AM 1.5G,,100,1.23,,1.16,1,,0.062,,,Yes,Medium,Schottky barrier
18,10.26599/JAC.2025.9221043,2025,Texture development of BiVO4...,BiVO4,CoBi cocatalyst,2.4,hydrothermal,Textured,(00l)-textured grains,CoBi,,photoanode,800,1 M borate buffer,9.4,AM 1.5G,,100,1.23,,4.3,,,0.55,,,Yes,Medium,16x improvement
19,10.26599/NRE.2024.9120117,2024,Hollow dodecahedral NiCo-LDH...,BiVO4,NiCo-LDH modification,,Electro-deposition,Hollow dodecahedral,Nanosheets,HD-NiCo-LDH,,photoanode,,0.5 M Na2SO4,7,AM 1.5G,,100,1.23,,4.54,,,1.12,,,Yes,Medium,multi-active sites
20,10.1021/acscatal.5c03869,2025,Performance of Transition Metal...,BiVO4,pGO/Co4O4 mod,,,,,,,photoanode,,0.2 M KPi,7,AM 1.5G,,100,,,3.5,,4.3,,,3.3,Yes,Medium,Tandem cell STH 4.3
21,10.1039/d5na00667h,2025,Efficient and stable photoanodes...,BiVO4,,2.44,Pulse electrodeposition,"Porous, interconnected",,,,photoanode,,0.5 M Na2SO4,6.8,AM 1.5G,,100,1.23,,1.33,0.6,,20,115,10,Yes,Medium,Optimized Bi-576
22,10.1039/d0cc07778j,2020,BaTaO2N decorated with CoO...,BaTaO2N,CoO on BaTaO2N,1.9,Electrophoretic dep,Microflowers,nanofibers,CoO,,photoanode,3000,1 M KOH,,AM 1.5,600,100,1.23,,1.6,0.7,,,27.5,1,Yes,Medium,CoO microflowers
23,10.1039/d3sc05420a,2024,Dual atom modification...,Ta3N5,"Cu, Zr-doped",2.1,Electrophoretic dep,,nanoparticles,NiCoFe-Bi,,photoanode,3000,1.0 M KOH,13.6,AM 1.5 G,505,100,1,283,8.5,0.38,,3.5,,10,Yes,High,Gradient Zr doping
24,10.1021/acscatal.8b01999,2018,NiOx/Ni cocatalysts on silicon...,n-Si,NiOx/Ni,,Pulsed electrodeposition,,nanoparticles,NiOx/Ni,,photoanode,,1 M K-borate,,AM 1.5G,,100,1.23,,14.7,1.08,,0.44,,100,Yes,High,active NiOx/Ni interface
25,10.3390/molecules29020372,2024,WO3/BiVO4 Heterojunction Arrays...,WO3/BiVO4,BiVO4 on WO3,,Hydro/Solvothermal,Nanoflake arrays,nanoparticles,,,photoanode,,0.2 mol L⁻¹ K-phosphate,7,Standard sunlight,,100,1.23,,3.92,0.69,,,,1,Yes,Medium,suppress recombination
26,10.1021/acs.langmuir.4c04869,2024,CoSe2/WO3@Si multiheterojunctions...,CoSe2/WO3@Si,,,,,,CoSe2,,photoelectrode,,0.5 M Na2SO4,,AM 1.5G,,100,1.23,,10.07,,,,,10,Yes,High,multiheterojunction
27,10.1016/j.ceramint.2020.12.264,2021,BaTiO3/Cu2O heterostructures...,BaTiO3/Cu2O,"BaTiO3, Cu2O",,Hydrothermal,,,,,photoanode,,0.1 M NaOH,,AM 1.5 G,,100,1.23,,0.26,,0.11,,,,Yes,Low,2.6x improvement
28,10.3740/MRSK.2024.34.12.602,2024,CuO Thin Film and Nanorod...,CuO,Pure,1.5,Hydrothermal,Nanorods,Vertically aligned,,,photocathode,400,1 mM Na2SO4,6.6,300 W Xe lamp,,1,0.59,,-0.21,,,,,0.067,Yes,Low,2.3x higher Jph
29,10.1021/acsaem.3c01992,2022,g-C3N4 Nanorods on TiO2...,g-C3N4/ZnO/TiO2,Ternary,,Spraying,Thin sheets/Nanorods,Heterostructure,,TiO2,photoanode,,0.5 M Na2SO4,,AM 1.5G,,,1.23,298,0.8,,,,,,Yes,Low,Z-scheme ternary
30,10.1021/acsaem.4c02646,2025,Nanostructured Ni-doped SnS2...,Ni-SnS2,6 wt.% Ni,,,Nanostructured,,,,photoanode,,0.5 M Na2SO4,,,,,1.6,,1.5,,,,,,Yes,Medium,optimal 6 wt.% Ni
31,10.1021/acsami.2c03514,2022,Crystal Facet-Modulated BiVO4...,BiVO4,crystal facet modulated,2.51,,,,CoBi,,photoanode,200,,,AM 1.5G,,,1.23,,1.8,,,,,4,Yes,Medium,facet modulation
32,10.1021/acsami.7b02685,2017,CuO Based Photocathode...,CuO/Au-Pd,O-rich + Au-Pd,1.35,Sputtering,Thin film,,Au-Pd particles,,photocathode,150,,,AM 1.5G,,,0,,0.9,,,,,2,Yes,Low,Au-Pd nanostructure
33,10.1021/acsami.9b04059,2019,Hydrogenated TiO2 Nanorod...,CQDs-H/TiO2,H-treated + CQDs,,Plasma treatment,Nanorod arrays,Nanorods,CQDs,,photoanode,,,,AM 1.5G,,,1.23,,1.8,,,,,,Yes,Medium,Synergistic effect
34,10.1021/acsami.9b21386,2020,Co-substituted LaFeO3...,BiVO4/LaFeCoO3,Co-substituted LaFeO3,,Electrodeposition,,,,,photoanode,,0.5 M KPi buffer,7,AM 1.5G,,,1.23,,4,,,,,,Yes,Medium,improved charge transfer
35,10.1021/acsanm.2c02302,2022,Photothermal ZnO/MXene...,ZnO/MXene,MXene-modified,,Hydro+Electrodeposition,Nanorod arrays,Nanorods,MXene nanosheets,,photoanode,,0.1 M NaOH,12.6,AM 1.5G + NIR,808,100,1.23,,0.85,,,,,,Yes,Low,NIR enhancement
36,10.1021/acsanm.3c02175,2023,Mg-Doped Hematite Nanoparticles...,Mg-Fe2O3/CoPi,Mg-doped,2.07,Hydrothermal+Immersion,Nanoparticle arrays,,CoPi,,photoanode,,1 M NaOH,13.5,500 W Xe lamp,,,1.23,,1.37,,,,,24,Yes,Medium,increased donor density
37,10.1021/acsanm.4c01527,2024,Nanostructured BiVO4 via Vanadium...,Co-Pi/BiVO4,V-infused,,V intercalation,,,Co-Pi,,photoanode,270,0.5 M PBS,7,AM 1.5G,,,1.23,,2.9,,,,,,Yes,Medium,monoclinic phase
38,10.5757/ASCT.2022.31.2.51,2022,PEC using GaN NWs...,GaN,Reverse-Mesa (RMNW),3.4,Plasma-assisted MBE,Reverse-mesa,Nanowires,,,photoanode,304.6,0.5 M H2SO4,0.3,Xe lamp,,100,0.6,,2.62,,,1.65,,,Yes,Medium,light confinement
39,10.1021/acs.chemmater.8b01405,2018,BiVO4 Photoanodes in Basic Media,BiVO4/TiO2,Protective TiO2,,,,,FeOOH/NiOOH,TiO2,photoanode,,0.5 M Phos+Na2SO3,7.3,AM 1.5G,,100,1,,4,,,,,50,Yes,Medium,TiO2 protection
40,10.1007/s40820-025-02062-y,2026,Single-Atom Ru on BiVO4...,BiVO4,Ru0.51-CoFe-LDH,2.31,Electrodep+Spin coat,Wormlike,Nanosheets,Ru0.51-CoFe-LDH,,photoanode,1300,0.2 M KPi,8.1,AM 1.5G,550,100,1.23,298.15,4.51,0.26,,1.55,,10,Yes,Medium,collection eff. 100%
41,10.1021/acsaem.1c00261,2021,Handy Protocol of N-Doped BiVO4...,BiVO4,Nitrogen-doped,2.34,Doctor Blade,,,,,photoanode,,0.1 M KPi,7,Xe-lamp,390,100,1.23,298.15,3.3,0.5,,,,5,Yes,Medium,handy suspension prep
42,10.1021/acsaem.2c00974,2022,Junction Engineering in Si...,Silicon,SHJ/ITO/Ni/NiFe,,PECVD+Sputter+Electro,,Porous layer,NiFe,,photoanode,,1.0 M NaOH,14,AM 1.5G,750,100,1.23,,38,0.84,,4.8,,10,Yes,High,Record low onset
43,10.1021/acsaem.2c01869,2022,Boosting BiVO4 by WO3/BiVO4...,BiVO4,WO3/BiVO4/NiOOH,,Sol-gel + PEPD,Coral-like,Nanorods,NiOOH,,photoanode,,2 M NaBi,,AM 1.5G,550,100,1.23,,3,0.55,,,,,Yes,Medium,6.98x improvement
44,10.1021/acsaem.2c03345,2022,WO3/BiVO4 Heterojunction...,BiVO4,WO3/BVO/TiO2/FeOOHNiOOH,,ALD,,,FeOOHNiOOH,ALD-TiO2,photoanode,2.2,0.5 M Na2SO4,,AM 1.5G,,100,1.23,,4.6,,,,,24,Yes,Medium,surface engineering
45,10.1021/acsaem.3c00290,2023,NdCo3 Catalyst with BiVO4...,BiVO4,NdCo3 catalyst,,Electrodep+Drop cast,,,NdCo3,,photoanode,1410,1.0 M KBi,9.5,AM 1.5G,,,1.23,,2.25,,,,,1,Yes,Medium,molecular catalyst
46,10.1021/acsaem.3c01151,2023,Bi2Mo1-xWxO6 Solid Solutions...,Bi2MoO6,Bi2Mo0.9W0.1O6,2.63,Hydrothermal+Dr.Blade,Solid solution,,,,photoanode,,1 M KOH,13.4,AM 1.5G,,100,1.23,,0.0366,,,,,12,Yes,Low,atomic level mechanism
47,10.1016/j.apmt.2024.102415,2024,Enhancing BiVO4 by ZrCl4...,BiVO4,SnO2/ZrCl4/BiVO4,2.54,Spin-coating,,,,,photoanode,,KBi + Na2SO3,9,AM 1.5G,550,100,1.23,,1.37,0.23,,,,,Yes,Medium,37% improvement
48,10.1016/j.ijoes.2023.100216,2023,Nickel-based alloy nanoparticles...,NiCo/NiFe,NiCo4 and Ni4Fe,,Electrodeposition,,Nanoparticles,,,Electrolytic,,1.0 M KOH,,,,,,,,,,,,80,Yes,High,Non-PEC electrolyzer
49,10.1016/j.energy-reviews.2023.100037,2023,Review of hydrocarbon-reforming...,Hydrocarbon,,,,,,,,,,,,,,,,,,,,,,,Yes,Low,Review article
50,10.1016/j.nxmate.2026.101599,2026,Quantum dot based solar cells,Quantum Dots,"PbX, CdX, Perovskite",1.56,SILAR + CBD,,Nanocrystals,,,Photovoltaic,,Polysulfide,,AM 1.5 G,1150,100,,,31.5,,,,,,Yes,High,Review on PV cells
51,10.5772/intechopen.1013619,2025,SiC in PEC Water Splitting...,SiC,3C-SiC,2.36,PVD + CVD + ALD,,Thin films,,,photoanode,,,,Visible light,525,,,,,,,,,,Yes,Medium,Book chapter review
52,10.1039/c6qm00009f,2016,g-C3N4/WO3 photoanode...,WO3,g-C3N4/WO3,2.65,Hydrothermal,Nanorod/Nanosheet,Heterojunction,,g-C3N4,photoanode,,0.1 M KH2PO4,,Visible light,550,100,1.23,,1.92,0.5,,,,6.6,Yes,Medium,Z-scheme heterojunction
53,10.1039/C7DT00900C,2017,Beta-Fe2O3 nanoparticle film...,Fe2O3,beta-Fe2O3,,Evap / Calcination,Assembly,Nanoparticles,,TiO2,photoanode,,1 M NaOH,,AM 1.5 G,,100,1.5,,0.12,,,,,,Yes,Low,
54,10.1039/c8ta09583c,2019,Bi2Fe4O9 thin films...,Bi2Fe4O9,Bi/Fe (1:2),2.05,Solution Deposition,Planar film,,Co-Pi,,photoanode,100,0.2 M Na2SO4,6.5,AM 1.5 G,420,100,1.23,,0.1,0.4,,,,3,Yes,Low,
55,10.1021/acsaem.0c00169,2020,BiVO4@CoPi Photoanode...,BiVO4,NSCN/PANI@CoPi,2.4,Electrodeposition,Nanoplate array,,CoPi,"NSCN, PANI",photoanode,,0.1 M K-Phos,7,AM 1.5 G,575,100,1.23,,4.46,0.3,,1.13,71.7,10,Yes,High,
56,10.1002/aenm.201601805,2016,NiFe Alloy Protected Si...,Silicon,np+-Si/SiOx/NiFe,1.12,Electrodeposition,,Ultrathin layer,NiFe alloy,SiOx,photoanode,,1.0 M KOH,13.7,AM 1.5 G,,100,1.23,,30.7,0.89,,,,100,Yes,High,NiFe protection
57,10.1002/ente.201700001,2017,Plasmonic Au-TiO2/ZnO arrays...,TiO2/ZnO,Au-TiO2/ZnO,,Hydrothermal,Nanorods,Core-shell,Au,ZnO,photoanode,,0.5 M Na2SO4,,Xe lamp,400,100,1.5,,3,0.14,,1.32,,1.1,Yes,High,core-shell nanorods
58,10.1016/j.surfin.2018.12.011,2018,NiO with alpha-Fe2O3 for PEC...,alpha-Fe2O3,NiO/alpha-Fe2O3,2.1,Hydrothermal,,Nanocrystalline,NiO,,photoanode,,1 M KOH,13.6,White LED,,100,0.4,,0.17,0.6,,,,1,Yes,Low,
59,10.1016/j.tsf.2018.05.019,2018,Titania and hematite films...,TiO2/Fe2O3,Hematite on Titania,3.2,Spin coating / PEC,Mesoporous,Nanostructured,,,photoanode,252,1 M NaOH,,AM 1.5,,100,1.23,,0.5,,,,,,Yes,Low,
60,10.1021/jacs.5b08329,2015,Mg-Zr substituted Ta3N5...,Ta3N5,Mg-Zr substituted,2.15,Particle Transfer,,Particulate layer,CoOx-FeOx,,photoanode,,0.1 M Na2SO4,13,AM 1.5 G,500,100,1.23,,2.3,0.55,,0.59,,,Yes,Medium,particulate layer
61,10.3390/ma18163869,2025,Na/Ag MnxOy Composites...,MnxOy,Na/Ag MnxOy,,Molten Salt,,Composites,,,Capacitor,,0.1 M Na2SO4,,,,,,,,,,,,,Yes,Low,Pseudocapacitors
62,10.3390/molecules27165218,2022,BiVO4/Diamond Heterojunction...,BiVO4/BDD,BiVO4 on p-type BDD,2.5,Magnetron Sputter,Porous film,Ultra-micro,,BDD,photoanode,,0.1 M Na2SO4,,AM 1.5,500,100,1.23,,1.8,0.6,,,,,Yes,Medium,ultra-micro electrodes
63,10.3390/molecules29020372,2024,WO3/BiVO4 Heterojunction Arrays...,WO3/BiVO4,BiVO4-NP@WO3-NF,2.5,Hydro/Solvothermal,Nanoflake array,Nanoparticles,,,photoanode,3200,0.2 M KPi buffer,,AM 1.5 G,,100,1.23,,3.53,0.69,,0.23,,1,Yes,High,
64,10.1007/s10854-019-02521-4,2019,W-doped BiVO4 photoanode...,BiVO4,W-doped (5%),2.34,Spin coating,,Multilayer gradient,,,photoanode,,0.5 M Na2SO4,,Simulated solar,550,100,1.23,,1.17,,,0.23,,,Yes,Medium,gradient doping
65,10.1021/acsaem.5c00150,2025,W-Doped BiVO4 Photoanodes...,BiVO4,W-doped (1–5%),2.5,Sol-gel,,,,,photoanode,,0.5 M Na2SO4,7,AM 1.5 G,675,100,1.23,,0.1,,,0.26,,1,Yes,Low,persulfate production
66,10.1016/j.ijhydene.2026.154253,2026,Reactor design for PEC...,,,,,,,,,,,,,AM 1.5G,,100,,,,,,,,,Yes,Medium,Review article
67,10.1016/j.heliyon.2024.e27078,2024,Multi-layered HfO2/alpha-Fe2O3...,alpha-Fe2O3,HfO2/alpha-Fe2O3,2.12,RF magnetron sputter,Thin film,nano-heterostructure,HfO2,,photoanode,100,1.0 M NaOH,13.6,AM 1.5,525,100,1.23,,1.46,,,,,,Yes,Medium,Type II junction
68,10.1016/j.mset.2026.01.002,2026,Graphene review,Graphene,Metal-oxide doped,,,,,,,Cathode,,alkaline solution,,Solar-driven,,,,,,,,,,,Yes,Low,Review article
69,10.1016/j.eesus.2025.100019,2025,Role of Ni and Fe in NiFeOx...,BiVO4,NiFeOx co-catalyzed,,Electrodeposition,,,NiFeOx,,photoanode,,,,,,,,,,,,,,,Yes,Medium,OER kinetics focus
70,10.1021/acs.jpcc.0c04900,2020,Ni(OH)2/WO3 for Low Bias,WO3,Ni(OH)2/WO3,,,,,Ni(OH)2,,photoanode,,0.5 M H2SO4,,AM 1.5G,,100,0.6,,1.4,,,,18.8,,Yes,Medium,low bias activity
71,10.1021/acsami.6b04142,2016,Bulk/surface engineering...,alpha-Fe2O3,Ti-Fe2O3-FeOOH,2.05,Hydrothermal,Nanorod arrays,Nanorods,FeOOH,,photoanode,,1 M KOH,13.6,AM 1.5G,550,100,1.23,,2.5,0.8,,,,3.5,Yes,Medium,Synergistic effect
72,10.1002/anie.201703491,2017,PEC treated BiVO4...,BiVO4,CoBi loaded,,Hydrothermal + PEC,Vertical films,,CoBi,,photoanode,,,,AM 1.5G,,100,1.23,,3.2,,1.1,1.1,,,Yes,High,oxygen vacancies
73,10.1039/C8NR06342G,2018,Serial Hole transfer layers...,BiVO4,NiOOH/FeOOH/Fe2O3,2.4,,,,NiOOH/FeOOH,,photoanode,,0.1 M KH2PO4,7,AM 1.5G,400,,0,,2.6,,3.2,,25.1,,Yes,High,Si tandem integration
74,10.1002/ente.201800899,2018,Passivation of Hematite...,alpha-Fe2O3,Fe2O3/SnOx/FeOOH,,,,,FeOOH,FexSn1-xO4,photoanode,,,,illumination,,100,1.23,,,,,,,,Yes,Medium,dual layer synergy
75,10.1016/j.ijhydene.2016.12.036,2016,Ternary Ag/TiO2/CNT...,TiO2,Ag/TiO2/CNT,3.2,Ag NP grafting,,Carbon nanotubes,Ag nanoparticles,,photoanode,,0.5 M Na2SO4,,White light,,20,1,,0.718,0.4,,,,,Yes,Medium,plasmonic enhancement
76,10.1016/j.ijhydene.2017.10.080,2017,Hematite nanorods Co-Sn doping...,alpha-Fe2O3,Co and Sn co-doping,,,Nanorods,Nanorods,,,photoanode,,,,1 sun,525,100,1.23,,1.25,0.76,,,,1,Yes,Medium,co-doping effect
77,10.1016/j.jallcom.2016.12.261,2017,Cu2O/Cu2S-ZnO/CdS tandem...,ZnO,Cu2O/Cu2S-ZnO/CdS,2,,,,"CdS, Cu2S",,Tandem Cell,,,,Xenon lamp,,,0,,0.1,,0.38,,,,Yes,Medium,spectral matching
78,10.1016/j.jcat.2020.09.014,2020,MOF Coated Hematite...,alpha-Fe2O3,Fe2O3/MIL-88B@ZIF-67,2.12,Hydrothermal + Spin,Nanowires,Nanowires,MIL-88B@ZIF-67,,photoanode,,1 M NaOH,,Simulated solar,583,100,1.23,,2.52,0.6,,0.42,45,20,Yes,Medium,dual MOF catalyst
79,10.1016/j.jelechem.2019.113361,2019,WS2 nanosheets CVD doping...,WS2,Ti and Mo doped,,Low temp CVD,Nanosheets,Nanosheets,,,photoanode,,White light,,,1.23,,10,0.09,,2.84,,,Yes,High,conductivity focus,,
80,10.1016/j.nanoen.2017.09.032,2017,Tandem cell highly-stable...,WO3,Front WO3/TiO2 NP,,Epitaxial growth,nanoplates,Nanoprickles,,TiO2 nanoprickles,Tandem Cell,,1 M HClO4,,AM 1.5,,,0,,2.8,,,,,840,Yes,High,840h duration
81,10.3390/nano14131100,2024,Dual Modification of BiVO4...,BiVO4,NiFe-LDH/CdS/BiVO4,2.4,Electrodep + Immers,Film,Nanoparticles,"NiFe-LDH, CdS",,photoanode,,0.5 M Na2SO4,6.1,AM 1.5G,500,100,1.23,298,2.5,0.2,9,,,,Yes,Medium,dual modification
82,10.1038/s41598-024-66645-2,2024,Magnetic resonance study...,NaGdF4,,,,nanoparticles,,,,,,,,,,,,,,,,,,,Yes,Low,biological MRI study
83,10.1039/d4sc04678a,2024,Supramolecular CN...,CN,Ru15 molecular cat,2.5,dipping + thermal,porous film,porous,Ru15,,photoanode,,Na-Phos buffer,7,simulated 1 sun,,100,1.23,,180,0.55,,,,5,Yes,Medium,supramolecular int.
84,10.1002/smll.202514668,2026,f-Block Element MOF Films...,f-MOF,,,LbL + electrodep,thin film,,,,,,,,,,,,,,,,,,,Yes,Medium,review article
85,10.1021/acssynbio.5b00179,2015,Gene oscillators study,,,,,,,,,,,,,,,,,,,,,,,,Yes,Low,biological study
86,10.1021/acsami.6b12640,2016,Properties of alpha-SnWO4...,alpha-SnWO4,,1.78,hydrothermal conv,porous film,,,,photoanode,,0.5 M KPi buffer,7,Xe lamp,700,100,1.23,,0.08,-0.1,,,,,Yes,Low,hydrothermal conv
87,10.1002/adfm.201702428,2017,Iron Titanate Nanotubes...,Fe2TiO5,H2 treatment,2.15,microwave anneal,nanotube array,highly ordered,FeNiOx,TiO2 underlayer,photoanode,1000,1 M NaOH,13.6,simulated 1 sun,,100,1.23,298,0.93,0.55,,,,2.5,Yes,Medium,HMA synthesis
88,10.1002/advs.201800727,2018,Cascade Photoanodes MnO...,BiVO4,ligand-engineered MnO,2.4,pulsed electrodep,nanorods,heterojunction,BF4-treated MnO,,photoanode,50,0.5 M phosphate,,1.5 G solar light,,100,1.23,,6.25,,,,,,Yes,High,ligand-engineering
89,10.1039/c8ta09886g,2018,BiVO4 NPs on WO3...,BiVO4,Mo-doped (2 wt%),2.4,confined growth,porous scaffold,heterojunction,FeOOH/NiOOH,,photoanode,,0.5 M Na2SO4,7,AM 1.5G,,100,1.23,298,5.8,,,,,,Yes,High,Rayleigh scattering
90,10.1016/j.apcatb.2017.04.075,2017,Fe2O3 Turn-on Improvement...,Fe2O3,,,hydrothermal,nanowire,3D,FeCoW oxy-hydroxide,,photoanode,,1.0 M NaOH,13.6,AM 1.5,,,1.23,,1.18,0.67,,,,,Yes,Medium,FeCoW gel coating
91,10.1016/j.apcatb.2017.05.072,2017,WO3/BiVO4 Synthesis...,BiVO4,Mo-doped (2 at.%),,spin-coating reaction,nanoplate array,heterojunction,Co-Pi,,photoanode,980,0.5 M K2SO4,7,Xe lamp,,100,1.23,298,5.24,,,,94.7,3,Yes,High,stoichiometric gas
92,10.1016/j.ijhydene.2021.02.094,2021,CoP-Modified BiVO4...,BiVO4,,2.4,electrodeposition,nanoporous,,CoP nanoparticles,,photoanode,,1.0 M potassium borate,9,AM 1.5G,420,100,1.23,,4.1,0.3,,1.5,,,Yes,High,CoP cocatalyst
93,10.1016/j.jallcom.2020.154449,2020,ZnO/ZnFe2O4 Core-Shell...,ZnO/ZnFe2O4,PbS quantum dots,1.89,ion exchange reaction,core/shell array,hierarchical,PbS quantum dots,,photoanode,,0.1 M Na2SO4,,AM 1.5 filter,,100,0.6,,0.577,0.3,,0.39,,2,Yes,Medium,visible sensitizer
94,10.1016/j.jelechem.2019.01.056,2019,Hierarchical TiO2/Fe2O3...,TiO2/Fe2O3,,2.1,electrophoretic dep,hierarchical nanorods,3D hierarchical,,TiN underlayer,photoanode,900,1 M NaOH,13.6,Xe lamp,,100,1.23,,1.79,,,,,,Yes,Medium,TiN underlayer
95,10.1016/j.jpowsour.2018.04.074,2018,Polyaniline in BiVO4...,BiVO4,,,photoelectrodep,,core/shell,NiOOH,PANI HTL,photoanode,,0.1 M KH2PO4,7,AM 1.5G,430,100,1.23,298,3.31,,,1.2,,3,Yes,High,PANI hole-transport
96,10.1016/j.nanoen.2017.10.061,2017,Flexible PVDF/Cu/NaNbO3...,NaNbO3,,,,thin film,flexible,,,photoanode,,0.5 M NaOH,13.7,halogen lamp,,100,,,1.25,,,,,,Yes,Medium,piezophototronic
97,10.3390/nano14171609,2024,Templating Iron Oxides on DNA,alpha-Fe2O3,,3.2,hydrolysis,needle-like,dendritic,,,,,,,,,,,,,,,,,,Yes,Low,DNA template study
98,10.1142/S1793604715500587,2015,Fe2O3/ZnO heterojunction...,Fe2O3/ZnO,,,hydrothermal,,heterojunction,,,photoanode,,,,,,47,0.15,,0.07,,,0.06,,,Yes,Low,ZnO quantity effect
99,10.1021/am5042324,2014,Laminin to Microposts...,,laminin,,,microposts,,,,,,,,,,,,,,,,,,,Yes,Low,biological study
100,10.1016/S1872-2067(17)62987-5,2018,NiFe LDH on BiVO4...,BiVO4,NiFe-LDH nanoparticles,2.45,hydrothermal,film with NPs,nanoparticles,NiFe-LDH,,photoanode,,,,visible-light,,,1.23,,,,,,,,Yes,Medium,stability focus
101,10.1002/adfm.201500383,2015,Hematite Films Decorated with Nanostructured Ferric Oxyhydroxide as Photoanodes for Efficient and Stable Photoelectrochemical Water Splitting,alpha-Fe2O3,Fe2O3/FeOOH,2.05,PLD and photoelectrodeposition,film,nanostructured FeOOH,FeOOH,,photoanode,70,1 M NaOH,13.6,AM 1.5 G,400,100,1.23,,0.85,0.63,,,10.1 (O2),70,yes,medium,97.3% Faradaic efficiency
102,10.1039/C5RA20115B,2016,Photoelectrochemical Cell for Unassisted Overall Solar Water Splitting Using BiVO4 Photoanode and Si Nanoarray Photocathode,BiVO4 / Si,BiVO4 anode / Si cathode,,,nanoarray,nanoarray,"Co-Pi, Pt",,tandem cell,,potassium phosphate,5.5,solar,,,0,,0.4602,0.3,8.7,,,,yes,high,unassisted overall splitting
103,10.1016/j.apcatb.2020.119189,2020,A cobalt silicate modified BiVO4 photoanode for efficient solar water oxidation,BiVO4,cobalt silicate modified,,photoelectrophoretic deposition,,,cobalt silicate (Co-Sil),,photoanode,,0.5 M potassium borate,9.5,AM 1.5 G,,100,1.23,,5,,,,,,yes,high,high photocurrent density
104,10.1016/j.ijhydene.2016.08.168,2016,Cobalt-Phosphate modified TiO2/BiVO4 nanoarrays photoanode for efficient water splitting,TiO2/BiVO4,Co-Pi modified TiO2/BiVO4,1.23,electrodeposition,nanorod arrays,nanorod array,Co-Pi,,photoanode,35,0.1 M KH2PO4 / 0.1 M Na2SO3,7,AM 1.5 G,470,,1,,1.86,0.3,0.57,,7310,,yes,medium,1D electron tunnel design
105,10.1016/j.jcis.2018.10.074,2018,Hierarchical architectures of wrinkle-like ZnFe2O4 nanosheet-enwrapped ZnO nanotubes arrays for remarkably photoelectrochemical water splitting to produce hydrogen,ZnO/ZnFe2O4,ZnFe2O4 on ZnO,,,nanotube arrays,hierarchical nanotubes,,,photoanode,,,,sunlight,,,0.6,,1.3,,,,19.3,,yes,medium,wrinkles-like nanosheets
106,10.1016/j.jelechem.2020.114692,2020,"Cu2+ and Y3+ co-doped effect on morphology, structural, optical and photoelectrochemical properties of Fe2O3 photoanode",alpha-Fe2O3,Cu and Y co-doped,1.35,hydrothermal,nanostructured,nanostructure,,,photoanode,,0.1 M KOH,,visible-light,420,100,,298,0.44,,,,,,yes,low,bandgap decreased with doping
107,10.1016/j.mtcomm.2021.102231,2021,alpha-Fe2O3 nanorods decorated with NiMnO3 co-catalyst as photoanode for enhanced oxygen evolution reaction in photoelectrochemical water splitting,alpha-Fe2O3,NiMnO3 decorated,,two-step hydrothermal,nanorods,nanorods,NiMnO3,,photoanode,,1 M NaOH,13.6,xenon lamp,,100,1.23,,2.96,,,,,8,yes,medium,flower-like morphology
108,10.3390/molecules29020372,2024,Preparation of Surface Dispersed WO3/BiVO4 Heterojunction Arrays and Their Photoelectrochemical Performance for Water Splitting,WO3/BiVO4,WO3/BiVO4 heterojunction,,hydrothermal,arrays,nanoplates,,,photoanode,,,,,,,1.23,,2.95,0.69,,0.23,,,yes,medium,surface dispersed arrays
109,10.1007/s10971-019-05179-w,2019,Photoelectrochemical tandem cell of Se/BiVO4 photoanode and Cr2O3/CuO:Ni photocathode in aqueous medium,BiVO4 / Cr2O3,Se/BiVO4 anode / CuO:Ni cathode,2.75,sol-gel / hybrid,,,"Se, Ni",,tandem cell,,0.5 M Na2SO4,7,AM 1.5 G,,100,0,,0.03,,0.05,,,,yes,low,neutral pH water splitting
110,10.1002/smll.201800395,2018,3D FTO/FTO-Nanocrystal/TiO2 Composite Inverse Opal Photoanode for Efficient Photoelectrochemical Water Splitting,TiO2,FTO-NC/TiO2,,hydrothermal and ALD,3D inverse opal,inverse opal,,,photoanode,20,1 M NaOH,,AM 1.5 G,,100,1.23,,1,,,,,,yes,medium,host-guest skeleton
111,10.1002/solr.202000437,2020,High Throughput Discovery of Effective Metal Doping in FeVO4 for Photoelectrochemical Water Splitting,FeVO4,Cr-doped FeVO4,,inkjet printing,thin film,,,,photoanode,,0.1 M potassium phosphate,7,AM 1.5,500,,1.6,298,0.062,0.8,,,,,uA/cm2,low,Discovery of Cr as dopant
112,10.1016/j.solidstatesciences.2023.107379,2024,Growth of Ag2S-sensitizer on MoS2/ZnO nanocable arrays for improved solar driven photoelectrochemical water splitting,ZnO,Ag2S/MoS2/ZnO,1.5,"Hydrothermal, solvothermal, and SILAR",Nanocable arrays,Core-shell,"MoS2, Ag2S",,Photoanode,,0.1 M Na2S and 0.1 M Na2SO3,13,1 sun simulated illumination,,100,1.23,298,2,,,,,,yes,medium,8 SILAR cycles
113,10.1021/acs.chemmater.7b03587,2017,"Investigation of Pristine and (Mo, W)-Doped Cu11V6O26 for Use as Photoanodes for Solar Water Splitting",Cu11V6O26,3% W-doped,1.9,Electrochemical deposition and annealing,Fibrous film,Fibrous,,,Photoanode,,pH 9.2 borate buffer,9.2,AM 1.5G,,100,1.23,298,0.075,0.87,,,,2,yes,low,3% W dopant optimal
114,10.1021/acs.jpcc.1c02964,2021,Cu2S/BiVO4 Heterostructure Photoanode with Extended Wavelength Range for Efficient Water Splitting,BiVO4,CoFe-OH/Cu2S/BiVO4,1.2,SILAR and electrodeposition,Worm-like,Heterojunction,CoFe-OH,CoFe-OH,Photoanode,2.5,0.5 M phosphate buffer saline,9,AM 1.5G,,100,1.23,,3.07,0.31,,0.83,,1,yes,high,CoFe-OH acts as protective layer
115,10.1021/acsami.7b04486,2017,"Integrating a Semi-Transparent, Fullerene-Free Organic Solar Cell in Tandem with a BiVO4 Photoanode for Unassisted Solar Water Splitting",BiVO4,BiVO4/FeOOH/NiOOH,2.4,Photoelectrochemical deposition,Nanoporous,Nanoporous,"FeOOH, NiOOH",,Photoanode,700,1.0 M potassium borate buffer,9.3,AM 1.5G,,100,0,298,1.79,0.25,2.2,,,1,yes,high,Unassisted unassisted system
116,10.1002/adfm.201603021,2016,Enhanced Water-Splitting Performance of Perovskite SrTaO2N Photoanode Film through Ameliorating Interparticle Charge Transport,SrTaO2N,SrTaO2N(H),2.1,One-step flux and H2 annealing,Granular film,Granular particles,Co-Pi,,Photoanode,,1 M NaOH,13.6,AM 1.5G,420,100,1.23,,1.1,0.6,,,,1,yes,medium,H2 annealing improves transport
117,10.1002/adfm.201802685,2018,New Iron-Cobalt Oxide Catalysts Promoting BiVO4 Films for Photoelectrochemical Water Splitting,BiVO4,FeCoOx/BiVO4,2.45,PED and calcination,Planar film,Compact layer,FeCoOx,,Photoanode,250,1 M potassium borate,9.5,AM 1.5G,,100,1.23,298,4.82,0.4,,1.16,86.5,10,yes,high,Oxygen vacancies in catalyst
118,10.1016/j.apcatb.2017.12.033,2018,Improving solar water-splitting performance of LaTaON2 by bulk defect control and interface engineering,LaTaON2,CoOx/LaTaON2,1.9,Flux-assisted ammonolysis and EPD,Particle-assembled,Hybrid nanostructure,CoOx,,Photoanode,,1 M NaOH,13.6,AM 1.5G,420,100,1.23,,1.1,0.4,,,,,yes,medium,Bulk defect control approach
119,10.1016/j.ijhydene.2018.10.170,2018,An iron oxide -copper bismuth oxide photoelectrochemical cell for spontaneous water splitting,Fe2O3,Co-doped Fe2O3/CoFeOx,2.1,Hydrothermal,Nanostructured,,CoFeOx,,Photoanode,,1.0 M KOH,13.6,AM 1.5G,550,100,1.23,298,0.81,0.55,0.15,,,1.16,yes,low,Parallel cell with CuBi2O4
120,10.1016/j.jallcom.2017.02.302,2017,Electrosprayed copper hexaoxodivanadate (CuV2O6) and pyrovanadate (Cu2V2O7) photoanodes for efficient solar water splitting,Cu2V2O7,,2,Electrostatic spray deposition,Thin film,,,,Photoanode,20000,0.1 M borate and 0.1 M Na2SO3,9.2,AM 1.5G,,100,1.23,,0.65,1.05,,,,,yes,low,500°C annealing optimal
121,10.3390/molecules28145362,2023,Research on the Mechanism of Low-Temperature Oxidation of Asphaltene,Asphaltene,,,Low-temperature oxidation,Powder,,,,,,,,,,,,323,,,,,,,low,Heavy oil oxidation study,
122,10.1021/acsami.2c19868,2023,Photoelectrochemical Water Splitting with ITO/WO3/BiVO4/CoPi Multishell Nanotubes Enabled by a Vacuum and Plasma Soft-Template Synthesis,BiVO4,ITO/WO3/BiVO4/CoPi,2.4,Soft-template and sputtering,Multishell nanotubes,Multishell NTs,CoPi,,Photoanode,75,0.5 M Na2SO4,7,AM 1.5G solar simulator,500,100,1.23,,2.23,0.63,,,,3,yes,medium,Concentric multishell structure
123,10.1002/cssc.202402764,2025,Elucidating Carrier Dynamics and Interface Engineering in Sb2S3: Towards Efficient Photoanode for Water Oxidation,Sb2S3,SnO2/Sb2S3 heterojunction,1.7,Vapor deposition,Thin film,Heterojunction,,,Photoanode,,0.5 M Na2SO4,5,intermittent simulated 1 sun,,100,1.38,,3,-0.2,,0.4,,0.25,yes,high,SnO2 used as ETL
124,10.1039/d3ra07738a,2024,Integration of a Cu2O/ZnO heterojunction and Ag@SiO2 into a photoanode for enhanced solar water oxidation,ZnO/Cu2O,FTO/ZnO/Cu2O/Ag@SiO2,3.3,Hydrothermal,Nanosheet-like,vertical nanosheets,Ag@SiO2,SiO2,photoanode,5,1.0 M NaOH,,AM 1.5G,325,100,1.23,,0.77,0.45,,,,,yes,medium,Nanosheets 50nm diam
125,10.1021/acsami.7b04486,2017,"Integrating a Semi-Transparent, Fullerene-Free Organic Solar Cell in Tandem with a BiVO4 Photoanode for Unassisted Solar Water Splitting",BiVO4,FeOOH/NiOOH coated,2.4,photoelectrochemical deposition,Nanoporous,nanoporous,FeOOH/NiOOH,,photoanode,700,1.0 M potassium borate,9.3,AM 1.5G,,100,0,298,1.79,,2.2,,,1,yes,high,H2:O2 ratio 1.9:1
126,10.1002/aenm.201401933,2014,Awakening Solar Water-Splitting Activity of ZnFe2O4 Nanorods by Hybrid Microwave Annealing,ZnFe2O4,Co-Pi modified,2,All-solution + Microwave annealing,Nanorods,1D nanorods,Co-Pi,,photoanode,,1 M NaOH,13.6,AM 1.5G,,100,1.23,298,0.24,0.9,,,7,3,yes,medium,HMA treatment at >550°C
127,10.1016/j.apcatb.2017.12.033,2017,Improving solar water-splitting performance of LaTaON2 by bulk defect control and interface engineering,LaTaON2,CoOx modification,1.9,Flux-assisted ammonolysis,Particle-assembled,porous microparticles,CoOx,TiOx,photoanode,2000,1 M NaOH,13.6,AM 1.5G,,100,1.6,,2.1,0.5,,,,,yes,high,PC1350 sample
128,10.1016/j.apsusc.2018.11.184,2018,3D ordered urchin-like TiO2@Fe2O3 arrays photoanode for efficient photoelectrochemical water splitting,TiO2@Fe2O3,TiO2 passivation,2.15,ALD + hydrothermal,Urchin-like,3D ordered arrays,Co-Pi,TiO2,photoanode,10,1.0 M NaOH,13.5,AM 1.5G,450,100,1.23,,1.58,0.8,,,,1,yes,medium-high,ALD passivation layer 2nm
129,10.1016/j.cclet.2020.09.037,2020,TiO2/CuPc/NiFe-LDH photoanode for efficient photoelectrochemical water splitting,TiO2,CuPc/NiFe-LDH,3,Hydrothermal + LBL,Nanorod arrays,nanorods,NiFe-LDH,,photoanode,2500,0.5 M Na2SO4,,simulated sunlight,,100,1.25,,2.1,0.7,,,,5,yes,high,6 bilayers CuPc/LDH
130,10.1016/j.ijhydene.2018.10.170,2018,An iron oxide -copper bismuth oxide photoelectrochemical cell for spontaneous water splitting,Fe2O3/CuBi2O4,Co-doped Fe2O3,2.1,Hydrothermal,Nanostructured,,CoFeOx,,photoanode,,1.0 M KOH,13.6,AM 1.5G,550,100,,,0.81,0.55,0.15,,,1,yes,medium,Bias-free device result
131,10.1016/j.inoche.2019.107480,2019,Excellent performance of water oxidation at low bias potential achieved by transparent WO3/BiVO4 photoanode integrated with molecular nickel porphyrin,WO3/BiVO4,Ni porphyrin (NiTCPP),2.4,Spin-coating,Ultra-thin film,core/shell,NiTCPP,,photoanode,,potassium phosphate,6.86,AM 1.5G,514,100,0.6,,0.26,0.7,,0.25,,0.25,yes,low-medium,ABPE max at 0.82VRHE
132,10.1016/j.matchar.2019.04.024,2019,"Ultrafine M-doped TiO2 (M=Fe, Ce, La) nanosphere photoanodes for photoelectrochemical water-splitting applications",TiO2,10% La-doped,2.72,Solvothermal,Nanospheres,nanospheres,,,photoanode,,1 M KOH,,Simulated sunlight,420,100,,298,0.48,,,,,2,yes,medium,particle size 15nm
133,10.1166/jnn.2017.12410,2017,Enhanced Photoelectrochemical Water Splitting Behaviour of Tuned Band Gap CdSe QDs Sensitized LaB6,LaB6,CdSe sensitized,4,Molten salt electrolysis,Hierarchical heterostructure,quantum dot sensitized,,,photoanode,,1 M Na2S,13,AM 1.5G,465,100,0.75,,11,,,,22,4,yes,high,Na2S sacrificial electrolyte
134,10.3390/molecules29133126,2024,Cs-Doped WO3 with Enhanced Conduction Band for Efficient Photocatalytic Oxygen Evolution Reaction Driven by Long-Wavelength Visible Light,WO3,Cs-doped,2.38,,microspheres,microspheres,,,photoelectrode,,0.1 M phosphate-buffered,6,visible-light,420,100,1.6,298,2.12,0.7,,,,,yes,high,Cs-WO3-0.1 sample
135,10.3390/nano15100767,2025,S-Doped FeOOH Layers as Efficient Hole Transport Channels for the Enhanced Photoelectrochemical Performance of Fe2O3,Fe2O3,S-doped FeOOH layer,2.1,Hydrothermal,irregular nanoparticles,amorphous layer,S:FeOOH,,photoanode,,1 M KOH,,300W Xe-lamp,525,100,1.23,,2.43,0.86,,0.22,,2,yes,high,Z-scheme alignment
136,10.1021/acsami.2c19868,2023,Photoelectrochemical Water Splitting with ITO/WO3/BiVO4/CoPi Multishell Nanotubes Enabled by a Vacuum and Plasma Soft-Template Synthesis,WO3/BiVO4,ITO/WO3/BiVO4/CoPi,2.4,Sputtering/Thermal evap,Multishell nanotubes,nanotubes,CoPi,,photoanode,75,0.5 M Na2SO4,7,AM 1.5G,500,100,1.23,298,2.23,0.63,,,,3,yes,high,NT length 10µm
137,10.1007/s10853-018-3079-5,2018,Amorphous Co-Pi anchored on CdSe/TiO2 nanowire arrays for efficient photoelectrochemical hydrogen production,CdSe/TiO2,Amorphous Co-Pi,1.7,Hydrothermal/PVD,Nanowire arrays,nanowires,Co-Pi,Co-Pi film,photoanode,15,0.5 M Na2SO3,,AM 1.5G,,100,0.7,,1.6,,,,,1,yes,medium-high,Co-Pi protects from corrosion
138,10.1016/j.optmat.2024.116156,2024,Ce-doped ZnO nanonails synthesized by a simple thermal evaporation method for photocatalytic degradation,ZnO,Ce-doped ZnO,3.18,Thermal evaporation,Nanonails,1D,,,Photocatalyst,,RhB dye solution,,UV radiation,365,,,298,,,,,,,yes,medium,Photocatalytic dye degradation study.
139,10.1016/j.heliyon.2024.e27078,2024,Nano multi-layered HfO2/alpha-Fe2O3 nanocomposite photoelectrodes for photoelectrochemical water splitting,alpha-Fe2O3,HfO2/alpha-Fe2O3,2.04,PVD/RF sputtering,Thin film,Nano-heterostructure,,,Photoanode,100,1.0 M NaOH,13.6,Simulated solar illumination,,100,1.23,298,1.46,,,,,2,yes,medium,Optimized with 10 layers each of HfO2 and Fe2O3.
140,10.1021/acs.nanolett.6b03408,2016,Tandem Core-Shell Si-Ta3N5 Photoanodes for Photoelectrochemical Water Splitting,Ta3N5,Si-Ta3N5,2.1,ALD and thermal nitridation,Core-shell arrays,Core-shell,CoTiOx,NiOx,Photoanode (tandem),30,0.1 M KOH,13,Simulated AM 1.5G,590,100,1.23,,2.6,0.6,,,,24,yes,medium,Tandem photoanode on black Si.
141,10.1021/acsaem.0c00296,2020,Enabling unassisted solar water splitting by single junction amorphous silicon photoelectrodes,a-Si,p/i/n junction a-Si,,,Thin film,Single junction,Pt,,Dual photoelectrode,,1 M KOH,14,Simulated AM 1.5G,420,100,0,,12.03,0.9,0.61,3.3,,0.5,yes,medium,First demonstration of single junction a-Si for unassisted splitting.
142,10.1021/acssuschemeng.8b03259,2018,Low-Cost Oriented Hierarchical Growth of BiVO4/rGO/NiFe Nanoarrays Photoanode for Photoelectrochemical Water Splitting,BiVO4,BiVO4/rGO/NiFe,,Spin coating and electrodeposition,Nanopyramid,Oriented hierarchical,NiFe hydroxide,rGO,Photoanode,1500,0.5 M Na2SO4,6.9,AM 1.5 G,425,100,1.23,,1.3,,,0.26,,10,yes,medium,Hierarchical ternary photoanode.
143,10.1039/c8nj04846k,2018,Cooperation effect of heterojunction and co-catalyst in BiVO4/Bi2S3/NiOOH photoanode for improving photoelectrochemical performances,BiVO4,BiVO4/Bi2S3/NiOOH,2.4,Sol-gel and hydrothermal,nanostructures,Ternary,NiOOH,,Photoanode,,0.5 M Na2SO4,7,AM 1.5 filter,500,100,1.23,,0.85,,,,,2,yes,medium,Ternary triple photoanode.
144,10.1021/acsaem.4c02735,2025,Integration of Gold Nanoparticles into BiVO4/WO3 Photoanodes via Electrochromic Activation of WO3 for Enhanced Photoelectrochemical Water Splitting,BiVO4/WO3,Au/BiVO4/WO3,2.48,Hydrothermal and drop casting,Nanobricks,Ternary junction,Au NPs,,Photoanode,1150,0.5 M Na2SO4,7,AM 1.5G,500,87.5,1.23,,0.578,,,0.036,,0.5,yes,low,Uses electrochromic activation for Au deposition.
145,10.1016/j.apsusc.2020.145528,2020,Synthesis of transparent Zr-doped ZnFe2O4 nanocorals photoanode and its surface modification via Al2O3/Co-Pi for efficient solar water splitting,ZnFe2O4,CoPi/Al2O3/Zr-ZFO,2.09,Hydrothermal and quenching,Nanocorals,1D,Co-Pi,Al2O3,Photoanode,410,1 M NaOH,13.6,AM 1.5 G,550,100,1.23,,0.49,0.6,,0.055,7.9,10,yes,low,Zr-doped ferrite corals.
146,10.1016/j.nanoen.2015.11.035,2015,Crystal facet engineering of ZnO photoanode for the higher water splitting efficiency with proton transferable nafion film,ZnO,Nafion-coated ZnO,3.15,SAM and secondary growth,microcrystals,Facet-oriented,,Nafion film,Photoanode,800,0.5 M Na2SO4,7,Solar Simulator,380,,1.2,,3.9,,,0.083,300,2,yes,medium,Facet engineering with Nafion coating.
147,10.1016/j.solmat.2018.01.005,2018,Design and fabrication of sandwich-structured alpha-Fe2O3/Au/ZnO photoanode for photoelectrochemical water splitting,alpha-Fe2O3/Au/ZnO,alpha-Fe2O3 0.5 kV/Au/ZnO,2.2,Chemical spray pyrolysis,Thin film,Sandwich-structured,Au NPs,,Photoanode,,0.5 M NaOH,,AM 1.5 G,380,100,1.5,,0.5,,,,,,yes,low,Uses electric field assisted spray pyrolysis.
148,10.3390/ma12244102,2019,Ni/Si-Codoped TiO2 Nanostructure Photoanode for Enhanced Photoelectrochemical Water Splitting,TiO2,Ni/Si-codoped TiO2,,Electrochemical anodization,nanotube arrays,Codoped,,,Photoanode,,1 M KOH,13.6,AM 1.5 G,,100,1,,1.15,,,0.7,,4,yes,medium,Anatase-rutile mixed phase.
149,10.3390/nano15191494,2025,Strategies for Enhancing BiVO4 Photoanodes for PEC Water Splitting: A State-of-the-Art Review,BiVO4,Mo:BiVO4/CPF-TCB/NiFeCoOx,2.4,,Nanocone,3D,NiFeCoOx,polycarbazole HTL,Photoanode,,K-borate buffer,9.5,AM 1.5G,,100,0,,6.6,,9,,,2100,yes,high,Review article; data for Mo:BiVO4 champion.
150,10.1007/s12274-018-2256-9,2019,Hierarchical growth of a novel Mn-Bi coupled BiVO4 arrays for enhanced photoelectrochemical water splitting,BiVO4,Mn-Bi/BiVO4,,Photodeposition,Nanocone,Hierarchical,Mn-Bi,,Photoanode,,0.5 M Na2SO4,6.5,AM 1.5G,,100,1.5,,0.94,,,,,,yes,medium,Mn-based OEC catalyst.
151,10.1016/j.dyepig.2024.112455,2024,"Synthesis, characterization and application of quinoxaline-based organic dyes as anodic sensitizers in photoelectrochemical cells",TiO2,dye 1a + Ru(bda)(PyP)2,2.17,staining / sensitization,mesoporous,nanocrystalline,Ru(bda)(PyP)2,,photoanode,5000,0.1 M Na2SO4,6.5,AM 1.5 simulated solar,,100,0.5,,0.15,-0.2,,,,,yes,low,Dye-sensitized photoanode
152,10.1016/j.ijhydene.2021.07.012,2021,One-pot synthesis of TiO2/Sb2S3/RGO complex multicomponent heterostructures for highly enhanced photoelectrochemical water splitting,TiO2/Sb2S3/RGO,TiO2/Sb2S3/10%RGO,2.35,hydrothermal,rod-like bundles,heterostructure,RGO,,photoanode,,0.1 M Na2SO4,7,AM 1.5G,400,100,1.2,298,0.04,-0.4,,,,1,yes,low,Ternary hybrid electrode
153,10.1021/acsami.8b18681,2019,Regulating the Silicon/Hematite Microwire Photoanode by Conformal Al2O3 Intermediate Layer for Water Splitting,Si/alpha-Fe2O3,Si/Al2O3/alpha-Fe2O3,,ALD / hydrothermal,microwires,microwires,,Al2O3,photoanode,99,1.0 M NaOH,,AM 1.5G,,100,1.23,,2.08,0.6,,,,,yes,medium,Dual-absorber with Al2O3 layer
154,10.1021/acssuschemeng.9b02450,2019,Efficient WO3 photoanode modified by Pt layer and plasmonic Ag for enhanced charge separation and transfer to promote photoelectrochemical performances,WO3,Pt/WO3/Ag/Co-Pi,,hydrothermal / electrodeposition,nanorods,nanorods,Ag / Pt / Co-Pi,Co-Pi,photoanode,,0.2 M Na2SO4,,AM 1.5G,,100,1.23,,1.39,0.4,,0.22,,5,yes,medium,Plasmonic Ag enhancement
155,10.1002/adfm.201502461,2015,Solar Water Splitting by TiO2/CdS/Co-Pi Nanowire Array Photoanode Enhanced with Co-Pi as Hole Transfer Relay and CdS as Light Absorber,TiO2/CdS,TiO2/CdS/Co-Pi,2.3,hydrothermal / CVD,nanowire arrays,nanowire arrays,Co-Pi,Co-Pi,photoanode,,0.1 M sodium phosphate,7,AM 1.5G,420,100,0.61,298,1.1,0.14,,0.48,,2,yes,medium,Co-Pi as hole transfer relay
156,10.1039/C7NR01170A,2017,Catalytically Active and Chemically Inert CdIn2S4 Coating on CdS Nanoflake Arrays for Efficient and Stable Photoelectrochemical Hydrogen Generation,CdS,CdS@CdIn2S4,2.32,CVD / cation exchange,nanoflake arrays,nanoflake arrays,CdIn2S4,CdIn2S4,photoanode,,0.25 M Na2S/0.35 M Na2SO3,,AM 1.5G,,100,1.8,,6.5,-0.1,,0.45,86.6,10,yes,high,Sacrificial electrolyte used
157,10.1016/j.cattod.2018.04.039,2018,Surface Defect Engineering via Acid Treatment Improving Photoelectrocatalysis of beta-In2S3 Nanoplates for Water Splitting,beta-In2S3,HCl-treated,2.1,solution method,nanoplates,nanoplates array,,,photoanode,,1 M NaOH,14,AM 1.5G,,100,1.23,,1.26,0.1,,0.4,,,yes,medium,Surface defect engineering
158,10.1016/j.cplett.2020.137736,2020,"Preparation of (Ti, Zr) co-doped hematite photoanode for enhanced photoelectrochemical water splitting",alpha-Fe2O3,"(Ti, Zr) co-doped",,hydrothermal,,,,,photoanode,,1.0 M NaOH,13.6,AM 1.5G,400,100,1.23,,1.51,,,,,,yes,medium,Bimetal co-doping
159,10.1016/j.jallcom.2017.07.260,2017,Mo-doped BiVO4 nanotextured pillars as efficient photoanodes for solar water splitting,BiVO4,Mo-doped (0.15%),2.4,electrostatic spray,nanotextured pillars,pillars,,,photoanode,,0.5 M Na2SO4,,AM 1.5,,100,1.81,,1.78,1,,,,,yes,medium,Electrostatic spray deposition
160,10.1016/j.renene.2019.10.044,2019,rGO decorated BiVO4/Cu2O n-n heterojunction photoanode for photoelectrochemical water splitting,BiVO4,BiVO4/rGO/Cu2O,2.45,MOD / electrodeposition,,heterojunction,rGO,,photoanode,,0.1 M PBS,7,AM 1.5G,400,100,1.8,,2.2,0.4,,0.21,,,yes,medium,rGO decorated n-n junction
161,10.3390/nano12152639,2022,Improving Photoelectrochemical Activity of Magnetron-Sputtered Double-Layer Tungsten Trioxide Photoanodes by Irradiation with Intense Pulsed Ion Beams,WO3,double-layer (c-a),,sputtering / IPIB,sponge-like,double-layer,,,photoanode,,0.1 M Na2SO4,7.2,AM 1.5,,100,1.23,,,,,,,,yes,medium,Intense pulsed ion beam (IPIB)
162,10.1016/j.matdes.2025.115018,2025,Enhanced photoelectrochemical water splitting activity of porous anodic WO3 photoelectrodes decorated with FeWO4 nanoparticles,WO3,FeWO4/WO3,2.9,"anodic oxidation, hydrothermal, spin coating",porous,nanoparticles,FeWO4,,photoanode,351,0.1 M Na2SO4,7,simulated solar (AM 1.5G),,100,1.2,293,0.54,0.4,,0.075,,13,yes,medium,FeWO4 co-catalyst
163,10.1016/j.scenem.2025.100031,2026,The functional role of different carbon/semiconducting oxide hybrid nanostructures for photoelectrochemical (PEC) water splitting,,,,,,,,,review,,,,,,,,,,,,,,,,,review article
164,10.1039/C8NR01331D,2018,Enhanced Solar Water-Splitting Activity of Novel Nanostructured Fe2TiO5 Photoanode by electrospray and Surface F-modification,Fe2TiO5,F-modified Fe2TiO5,,electrospray technique,nanostructured,thin films,none,,photoanode,,1 M NaOH,13.6,simulated solar,,,1.23,,0.4,,,,,,yes,medium,surface F-modification
165,10.1039/d5ra07601c,2026,Hybrid microwave annealing-induced formation of an a-Fe2O3/ZnWO4 interface for photoelectrochemical water splitting and study of its charge transport mechanism,alpha-Fe2O3,alpha-Fe2O3/ZnWO4 heterojunction,2.61,hydrothermal and hybrid microwave annealing,bundled nanosheets,heterojunction,,,photoanode,,1 M NaOH,13.6,Xe lamp with AM 1.5G filter,,100,1.23,,0.86,,,0.1,13.8,,yes,medium,n-n heterojunction
166,10.1021/acsaem.8b00346,2018,Single-Step Fabrication of Visible-Light-Active ZnO-GaN:ZnO Branched Nanowire Arrays as Photoanode for Efficient Water Splitting,ZnO,ZnO-GaN:ZnO,2.48,chemical vapor deposition,3D branched nanowire arrays,nanowires,co-catalyst-free,,photoanode,,0.5 M Na2SO4 in NaOH,13,Xe lamp (back side),,140,1.23,298,1.81,0.37,0.81,,,,yes,high,N and Ga doping
167,10.1021/acsaem.8b01215,2018,Nanotube array-like WO3 photoanode with Dual-Layer Oxygen Evolution Co-Catalysts for Photoelectrocatalytic Overall Water Splitting,WO3,WO3-FeOOH/NiOOH,,potentiostatic anodization,nanotube array-like,nanotube,FeOOH/NiOOH,,photoanode,400,0.5 M KH2PO4,7,simulated sunlight,,100,1.25,298,0.15,0.55,,,3.43,20,yes,low,FeOOH/NiOOH dual-layer cocatalyst
168,10.1021/acsami.0c03929,2020,Metal-Organic Framework-Derived p-Cu2O/n-Ce-Fe2O3 Heterojunction Nanorods Photoanode Coupling with a FeOOH Cocatalyst for High-performance Photoelectrochemical Water Oxidation,Fe2O3,FeOOH/Cu2O/Ce-Fe2O3,,MOF-derived,nanorod array,nanorods,FeOOH,,photoanode,,1 M NaOH,13.6,AM 1.5G simulated solar,,100,1.23,298,4.2,0.63,,0.55,,3,yes,high,Ce-doping
169,10.1021/acssuschemeng.9b03425,2019,Enhancement of Fe2TiO5 Photoanode through Surface Al3+ Treatment and FeOOH Modification,Fe2TiO5,FeOOH/Al-Fe2TiO5,2.2,electrospray deposition,nanostructured,thin films,FeOOH,,photoanode,,1 M NaOH,13.6,solar simulator,,100,1.23,298,0.52,0.8,,,,2.2,yes,medium,surface Al3+ treatment
170,10.1021/acsami.2c19868,2023,Photoelectrochemical Water Splitting with ITO/WO3/BiVO4/CoPi Multishell Nanotubes Enabled by a Vacuum and Plasma Soft-Template Synthesis,WO3/BiVO4,ITO/WO3/BiVO4/CoPi,2.55,"soft-template, magnetron sputtering",supported multishell nanotubes,nanotubes,CoPi,,photoanode,75,0.5 M Na2SO4,7,AM 1.5G solar simulator,500,100,1.23,298,2.23,0.63,,,,3,yes,high,multishell nanotube architecture
171,10.1021/acsanm.5c03456,2025,Stable Solar Water Splitting Enabled in Anodic W/WO3 Nanorod Based Electrodes by Hydrothermal Engineering,WO3,W/WO3/FeWO4,,"anodic oxidation, hydrothermal",nanorods,nanorods,FeWO4,,photoanode,330,0.1 M Na2SO4,,AM 1.5G simulated solar,,100,1,293,0.15,,,,,2.5,yes,medium,morphological nanorod transformation
172,10.1021/acsomega.4c00152,2024,Composite Membranes for Hydrogen Generation: A Review,,,,,,,,,review,,,,,,,,,,,,,,,,,review article
173,10.3390/ijms251910253,2024,Preparation and Photodegradation of TiO2 Thin Films on the Inner Wall of Quartz Tubes,TiO2,Cu and Ce loaded TiO2,2.51,sol-gel,thin films,thin film,Cu and Ce,,photocatalyst,5300,,,UV lamp,,,,773,,,,,,,low,focus on pollutant photodegradation,
174,10.1016/j.jcis.2015.07.052,2015,A significant cathodic shift in the onset potential and enhanced photoelectrochemical water splitting using Au nanoparticles decorated WO3 nanorod array,WO3,Au nanoparticles decorated WO3,,"hydrothermal, photoreduction",nanorod array,nanorod,Au nanoparticles,,photoanode,,0.5 M Na2SO4,,Xe lamp,,100,1.6,773,1.2,0.5,,,,1,yes,medium,Au nanoparticle decoration
175,10.1016/j.mtcomm.2026.114635,2026,Silver-doped TiO2/SnO2 for enhanced visible-light-driven photocatalytic degradation of acetaminophen,TiO2/SnO2,"Ag-doped (3.0 wt%), SnO2 layer (5 nm)",,Electrospinning + ALD,Nanofibers,1D,Ag,,Photocatalyst,5,10 mg/L Acetaminophen,,Visible light,,,,298,,,,,,15,yes,medium,97 % removal in 180 min
176,10.1080/10667857.2017.1366676,2017,High-efficient TiO2 NRs/BiOI NSs heterojunction photoanodes for photoelectrochemical water splitting,TiO2/BiOI,TiO2 NRs / BiOI nanosheets (15 SILAR cycles),1.76,Hydrothermal + SILAR,Nanorods/sheets,1D/2D,BiOI,,Photoanode,1300,0.5 M Na2SO4,,Xe lamp,,100,1.23,,0.4,,,,,,yes,low,BiOI thickness optimized
177,10.1039/d2ra07238f,2022,Molybdenum-doped iron oxide nanostructures synthesized via a chemical co-precipitation route for efficient dye degradation and antimicrobial performance,Fe3O4,Mo-doped (6 wt%),2.64,Co-precipitation,Nanostructures,,,,Photocatalyst,,Methylene blue (aqueous),,,,,,,,,,,,,yes,medium,86.25 % MB degradation
178,10.1021/acs.jpcc.1c05639,2021,Type-II Band Alignment Enhances Unassisted Photoelectrochemical Water-Splitting Performance of the BaTiO3/CdS Ferroelectric Heterostructure Photoanode,BaTiO3/CdS,BaTiO3 sensitized with CdS (10 SILAR cycles),2.32,Hydrothermal + SILAR,Nanostructures,heterostructure,CdS,,Photoanode,,0.35 M Na2S + 0.25 M Na2SO3,13,Xe lamp (simulated),,100,0.13,298,0.5,,0.48,,,2,yes,medium,12-fold increase vs pure BTO
179,10.1021/acs.jpcc.7b04403,2017,Enhanced Performance of Pristine Ta3N5 Photoanodes for Solar Water Splitting by Modification with Fe-Ni-Co Mixed-Metal Oxide Cocatalysts,Ta3N5,Ta3N5 / FeNiCoOx,2.1,ASD + Nitridation,Porous thin film,porous,FeNiCoOx,cocatalyst layer,Photoanode,,1 M NaOH,13.6,Xe lamp,520,100,1.23,,4,0.77,,,80,2,yes,high,Faraday efficiencies > 96%
180,10.1021/acsaem.8b02072,2019,Achieving Organic Metal Halide Perovskite into Conventional Photoelectrode: Outstanding Stability in Aqueous Solution and High-Efficient Photoelectrochemical Water Splitting,Perovskite,(5-AVA)x(MA)1-xPbI3 encapsulated with Ag/C,,Mesoscopic printable,Mesoscopic,triple-layer,,Silver/Carbon paint,Photoanode,10000,1 M KOH,14,Xe lamp (AM 1.5G),,100,1.23,,12.4,,,0.85,,48,yes,high,Unprecedented stability
181,10.1002/adma.201903316,2019,Oxygen-Vacancy-Introduced BaSnO3-delta Photoanodes with Tunable Band Structures for Efficient Solar-Driven Water Splitting,BaSnO3,"Oxygen vacancy (8.7%), FeOOH/NiOOH cocatalyst",2.17,NaBH4 reduction,Nanoparticles,porous,FeOOH/NiOOH,,Photoanode,,1 M potassium borate,9.5,AM 1.5G simulator,,100,1.23,,7.32,,7.92,3.65,127.6,100,yes,high,Tandem device performance
182,10.1002/anie.202000688,2020,Enhanced Photoelectrochemical Water Oxidation from CdTe Photoanodes Annealed with CdCl2,CdTe,p-CdTe/n-CdS heterojunction / Ni catalyst,1.5,CBD + CdCl2 treatment,Columnar grains,p-n junction,Ni,TiO2,Photoanode,,1 M KPi,8,AM 1.5G simulator,830,100,0.6,,1.8,0.22,0.51,,12,0.5,yes,high,Utilizing light up to 830 nm
183,10.1021/acsomega.5c07410,2025,Enhanced Water Splitting Using a Densely Structured Dendritic Bismuthinite Photoanode with FeOOH Cocatalyst,Bi2S3,Dendritic Bi2S3 / FeOOH,1.32,Pulse electrodeposition,Dendritic,hierarchical,FeOOH,,Photoanode,,1 M Na2SO4,7,AM 1.5G simulator,600,100,1.23,,3.7,,,,2.4,,yes,high,fern-like morphology
184,10.1039/c8ee00125a,2018,Boosting Solar Water Oxidation Performance of BiVO4 Photoanode by Crystallographic Orientation Control,BiVO4,oriented BiVO4 / Co-Pi,,Laser Ablation,Oriented grains,facets,Co-Pi,,Photoanode,800,0.5 M phosphate buffer,7,AM 1.5G simulator,450,100,1.23,298,6.1,0.3,,,,6,yes,high,82% of theoretical limit
185,10.1016/j.jallcom.2021.158779,2021,Three-dimensional hierarchical PANI/Bi2S3 nanoflowers heterojunction for enhanced photoelectrochemical water splitting,Bi2S3/PANI,Bi2S3 nanoflowers / Polyaniline,1.32,Hydrothermal + Chemisorption,Nanoflowers,3D hierarchical,PANI,,Photoanode,7100,0.5 M Na2SO4,,Halogen lamp,564,100,1.41,,6.95,,,,,,yes,high,5-fold higher vs Bi2S3
186,10.1016/j.mseb.2017.09.020,2018,Optimization of electrolyte to significantly improve photoelectrochemical water splitting performance of ZnO nanowire arrays,ZnO,Pristine ZnO,3.25,,Nanowire arrays,1D,,,Photoanode,,0.5 M Na2SO3,,Xe lamp (AM 1.5G),,100,1.21,,0.23,,,,,,yes,low,Na2SO3 optimized performance
187,10.1007/s13391-020-00233-0,2020,Effect of Lactic Acid on the Photoelectrocatalytic Water Splitting of Hematite Prepared by Hydrothermal Method,Fe2O3,Lactic acid modified (0.075LA),2.06,Hydrothermal + Annealing,Island-like pattern,island pattern,,surface modification,Photoanode,,1 M NaOH,13.6,AM 1.5G simulator,,100,1.5,,1.5,,,,,,yes,medium,Oxygen vacancies created
188,10.1021/acs.langmuir.5c00737,2025,Screening of immobilization conditions... GOx onto GCN-T,GCN-T,Exfoliated GCN / GOx,,Microwave furnace decomposition,Exfoliated powder,nanosheets,GOx,Nafion,Electrode (Sensor),,0.15 M PBS,7.4,,,,2.38,293,,,,,,,yes,medium,Glucose monitoring application
189,10.1039/d5na00667h,2025,Structure-property-performance correlation in BiVO4 photoanodes synthesized by intensity-tuned pulse electrodeposition,BiVO4,bismuth vanadate (Bi-576),2.44,pulse electrodeposition and spin-coating,"porous, interconnected",aggregated particles,none,none,photoanode,,0.5 M Na2SO4,6.8,AM 1.5G,450,100,1.23,298,1.33,0.6,,20,115,10,yes,medium,Optimized sample Bi-576
190,10.1021/acsami.9b20099,2020,A Spin Coating Method To Deposit Iridium-Based Catalysts onto Silicon for Water Oxidation Photoanodes,Silicon,SrCl2:IrOx,1.1,spin coating,fairly uniform,thin film,SrCl2:IrOx,IrOx,photoanode,45,0.5 M H2SO4,,AM 1.5G,1107,100,1.3,,18,0.96,,,,4,yes,high,Decoupled charge transport from catalysis
191,10.1021/acsami.5c22732,2026,Tuning the Photoelectrochemical Properties of Ti/W-Modified PCN-222 Using Charge-Selective Interfaces,PCN-222,Ti/W-modified PCN-222,1.75,"microwave-assisted, spin-coating",nanorod,nanoparticles,PTA,TiO2 / NiOx selective layers,photoanode,1100,0.1 M acetate buffer,4.5,AM 1.5G,575,100,1.5,,0.004,0.8,,,,,uA/cm2,low,Polarity tunable via interlayers
192,10.1016/j.ijhydene.2015.05.122,2015,A ternary g-C3N4/Pt/ZnO photoanode for efficient photoelectrochemical water splitting,ZnO,g-C3N4/Pt/ZnO,3.27,hydrothermal and spin-coating,nanowires,core/shell,Pt,g-C3N4 shell,photoanode,,0.5 M Na2SO4,,AM 1.5,,100,1.11,298,0.12,0.7,0.07,,,0.94,uA/cm2,low,SMS (Semiconductor-Metal-Semiconductor) model
193,10.1016/j.jallcom.2018.09.170,2019,The photoelectrochemical properties of Sn2Nb2O7 photoanode,Sn2Nb2O7,Sn2Nb2O7/Co-Pi,2.3,electrophoretic deposition,thin film,particle-ensemble film,Co-Pi,,photoanode,400,0.5 M Na2SO4,6.5,xenon arc lamp,520,,1.18,298,0.28,-0.1,,,,1.67,yes,low,p-type semiconductor characteristics
194,10.1016/j.jphotochem.2017.10.018,2017,ZnO nanoparticles decorated multi-walled carbon nanotubes for enhanced photocatalytic and photoelectrochemical water splitting,ZnO,ZnO/MWCNT,3.26,sol-gel and spray coating,nanoparticles,nanocomposite,MWCNT,,photoanode,,0.5 M Na2SO4,,AM 1.5G,,100,1.6,298,1.1,-0.15,,,,,yes,low,MWCNT facilitates charge collection
195,10.1016/j.jphotochem.2018.11.008,2018,Construction of CdS quantum dots modified g-C3N4/ZnO heterostructured photoanode for efficient photoelectrochemical water splitting,ZnO,CdS/g-C3N4/ZnO,3,hydrothermal and SILAR,nanorods,core/shell,CdS QDs,,photoanode,10.7,0.1 M Na2S + 0.2 M Na2SO3,7.25,AM 1.5G,,70,1.23,,3.34,0.3,,1.7,,0.83,yes,medium,Quantum dot sensitized nanorods
196,10.1016/j.renene.2020.07.102,2020,Photoelectrochemical performance of thermally sulfurized CdxZn1-xS photoanode: enhancement with reduced graphene oxide support,CdZnS,RGO-CdS,2.41,thermal sulfurization and spin coating,particles,composite,RGO,,photoanode,,0.35 M Na2S + 0.25 M Na2SO3,13,AM 1.5,420,100,0.542,298,6.5,0,,2.67,551.1,,yes,high,Novel two-step sulfurization process
197,10.3390/mi16080866,2025,Enhanced Photoelectrochemical Performance of BiVO4 photoanodes Co-Modified with Borate and NiFeOx,BiVO4,B/BiVO4/NiFeOx,2.45,SILAR and PEC deposition,porous,irregularly shaped nanoparticles,NiFeOx,borate,photoanode,,0.1 M borate buffer,9.5,AM 1.5G,,100,1.23,298,2.45,0.31,,0.78,,5,yes,medium,Dual surface modification strategy
198,10.1038/s42004-018-0105-0,2019,Quantum dot activated indium gallium nitride on silicon as photoanode for solar hydrogen generation,InGaN,InN-QDs/In0.25Ga0.75N,2.15,PA-MBE,layer + quantum dots,quantum dots,InN QDs,,photoanode,450,0.1 M Na2SO4,7,white light,525,100,0.97,298,19.5,0.41,,4.1,75,10,yes,high,Directly grown on silicon (111)
199,10.1021/acsanm.5c03456,2025,Stable Solar Water Splitting Enabled in Anodic W/WO3 Nanorod Based Electrodes by Hydrothermal Engineering,WO3,W/WO3/FeWO4,2.7,anodic oxidation and hydrothermal treatment,nanorods,high-aspect-ratio Disorderd nanorods,FeWO4,FeWO4,photoanode,495,0.1 M Na2SO4,,AM 1.5G solar simulator,,,1,,0.2,,,,,3,yes,medium,p-n heterojunction formation
200,10.1016/j.materresbull.2025.113705,2026,Plasmo-electronic properties of self-assembled gold nanoparticles: impedance spectroscopy experiments combined with numerical simulations,Gold,1-dodecanethiol functionalized,,Self-assembly,Nanoparticles,0D,,,,,,,Laser,532,1000,,,,,,,,,yes,low,Study focuses on impedance spectroscopy and photoconductance
201,10.1016/j.tsf.2023.139951,2023,LaFeO3 thin films on Yttria Stabilized Zirconia flexible substrate,LaFeO3,LaFe0.89O3-delta,2.205,Pulsed Laser Deposition,Thin film,,,,,,,,,550,,,298,,,,,,,yes,low,Focuses on film growth and charge carrier lifetime (5 ns)
202,10.1016/j.chemosphere.2023.139984,2023,Optimizing physico-chemical properties of hierarchical ZnO/TiO2 nano-film by the novel heating method for photocatalytic degradation of antibiotics and dye,ZnO/TiO2,Heterojunction (Z3T2),3.25,Magnetron Sputtering,Thin film,Hierarchical,,TiO2 layer,,495,0.5 M Na2SO4,7,Hg arc lamp,550,208.5,0,295.5,,,,,,,yes,medium,Study targets antibiotic/dye degradation efficiency (up to 99.5%)
203,10.1016/j.scitotenv.2024.176109,2024,Evaluation of concentration and extraction methods for the targeted sequencing of human viruses from wastewater,,,,,,,,,,,,,,,,,,,,,,,,yes,low,Article concerns environmental virology and wastewater sequencing
204,10.1016/j.matchemphys.2025.130440,2025,Direct growth of WS2 nanosheets using RF-magnetron sputtering on hydrothermally grown TiO2 nanorods for enhancing photoelectrochemical water splitting,WS2/TiO2,WS2-30 min deposition (WT-30),1.47,Hydrothermal + RF-Sputtering,Nanosheets on Nanorods,1D/2D Heterostructure,Pt,,Photoanode,2670,0.1 M Na2SO4,,Xenon lamp,,100,1.357,,2.07,,,1.52,,1.1,yes,high,Jph of 2.07 mA/cm² at 0.7 V vs SCE (pH 7 assumed)
205,10.1016/j.surfcoat.2026.133180,2026,Green hydrogen production by an improved photoelectrochemical process with Ga-doped ZnO photoanodes on stainless steel substrates,ZnO,1% Ga-doped,3.2,Dip-coating,Nanoparticles,,,,Photoanode,,1 M NaOH,,Solar simulator,365,100,,,0.077,,,0.75,535.7,,yes,medium,H2 rate 6 ml/cm²/0.5h converted to µmol/h/cm²
206,10.1016/j.ijhydene.2018.11.214,2018,A comparison of water photo-oxidation and photo-reduction using photoelectrodes surface-modified by deposition of co-catalysts,TiO2,ZIF-67 modified,,Hydrothermal + Electro-reduction,Nanorods,1D,ZIF-67 (Cobalt MOF),,Photoanode,,0.1 M Na2SO4,7,Solar simulator,,100,1.857,298,0.7,,,,,,yes,low,Jph 700 µA/cm² at 1.2 V vs SCE
207,10.1016/j.ijhydene.2021.07.012,2021,One-pot synthesis of TiO2/Sb2S3/RGO complex multicomponent heterostructures for highly enhanced photoelectrochemical water splitting,TiO2/Sb2S3/RGO,TiO2/Sb2S3/10%RGO,2.35,One-pot Hydrothermal,NPs + rod-like bundles,0D/1D hybrid,RGO,,Photoanode,,0.1 M Na2SO4,7,Solar simulator,525,100,1.857,298,39.65,,,,,1,yes,high,Jph 39.65 mA/cm² at 1.2 V vs SCE
208,10.1016/j.ijhydene.2025.02.265,2025,Potential-dependent phase stability and trapped-electrons origin in copper oxide-based photocathodes for water splitting,CuO,Pristine CuO,1.7,Drop-casting,Nanocrystalline,,,,Photocathode,,0.1 M Phosphate buffer,7,LED,400,,,,0.4,,,,,5,yes,medium,Stability of 0.4 mA/cm² for 5 h reported for CuxO
209,10.1016/j.jpowsour.2026.239984,2026,Enhancements of photoelectrochemical activity and hydrogen evolution of rGO–Ho–TiO2 nanotubes by rGO optimization,TiO2,rGO (1 µg/cm²) - Ho doped,2.79,Anodization + Drop-casting,Nanotubes,1D,rGO,,Photoanode,,0.1 M Na2SO3,9,Xenon lamp,,44,,298,7.82,,,1.53,71.6,5,yes,high,Jph 7.82 mA/cm² at 1.23 V vs Hg/HgO
210,10.1016/j.cattod.2022.06.041,2022,Effect of two-step annealing on photoelectrochemical properties of hydrothermally prepared Ti-doped Fe2O3 films,Fe2O3,3.0 at.% Ti-doped,2.05,Hydrothermal + Two-step Anneal,Particulate film,,,,Photoanode,1200,1 mol L⁻¹ NaOH,13.6,Solar simulator,,100,1.5,298,0.55,,,,,24,yes,medium,Jph 0.55 mA/cm² at 1.50 V vs RHE
211,10.1016/j.jallcom.2025.178772,2025,Revolutionary bismuth vanadate nanowires: Enhanced water oxidation with exposed (0 0 1) facets,BiVO4,Monoclinic clinobisvanite,2.46,Electrodeposition,Nanowires,1D,,,Photoanode,,0.1 M NaHCO3,8.5,Xenon light source,,100,1.699,,1,,,,,,yes,high,High performance (1 mA/cm²) for native/bare BiVO4
212,10.1016/j.heliyon.2024.e24491,2024,Pulse electrodeposition of CuSbS2 thin films: Role of Cu/Sb precursor ratio on the phase formation and its performance as photocathode for hydrogen evolution,CuSbS2,Cu/Sb ratio 0.41,1.46,Pulse electrodeposition,Thin film,,Pt,CdS,Photocathode,500,0.01 M H2SO4,2.8,pulsed light,,100,0,,3.4,,0.56,,,5,yes,high,Jph 3.4 mA/cm² at 0 V vs RHE
213,10.1016/j.rinma.2024.100529,2024,A DFT study on the fundamental mechanisms of quantum capacitance enhancement within the carbon-based electrodes through different classes of doped configurations from biomass-derived elements,Graphene,"N, S, P, O doped",,DFT (Quantum ESPRESSO),,supercells,,,,,Aqueous electrolytes,,,,,1,,,,,,,,yes,low,Theoretical study on supercapacitor quantum capacitance
214,10.1016/j.checat.2022.05.005,2022,Structural characterization of supported Ni-Ir catalysts,Ni-Ir/MgAl2O4,Ni3Ir6 alloy,,Co-impregnation,,Alloy system,,,,,,,,,,,923,,,,,,600,yes,low,Study concerns Dry Reforming of Methane (DRM)
215,10.1016/j.apcatb.2022.121703,2022,Electrodeposition of nanostructured Bi2MoO6@Bi2MoO6–x homojunction films for the enhanced visible-light-driven photocatalytic degradation of antibiotics,Bi2MoO6,Bi2MoO6@Bi2MoO6-x,2.64,Electrodeposition and thermal treatment,micro- and nanowire,core@shell homojunction,,,n-type,,antibiotic solution,7,LED visible-light,400,90,,293.15,0.001,,,,,120,yes,high,Photocatalytic antibiotic degradation.
216,10.1016/j.renene.2024.120154,2024,Solar to hydrogen conversion by a 25 cm2-photoelectrochemical cell with upscaled components,Fe2O3,Ti-doped Fe2O3,2.1,"bath-deposition, spray, thermal",nanocolumnar,nanocolumns,none,none,tandem,,polymer membrane,,AM 1.5G simulated sunlight,,100,-0.6,,0.23,,0.2,,,20,yes,medium,25 cm2 unit cell prototype.
217,10.1016/j.ijthermalsci.2021.107245,2022,Predicting the conductive heat transfer through evacuated perlite based vacuum insulation panels,Perlite,90% SiO2,,expanded perlite manufacturing,porous,,,,,,,,,,,,,,,,,,,yes,,Heat transfer study for VIPs.
218,10.1016/j.solidstatesciences.2023.107379,2024,Growth of Ag2S-sensitizer on MoS2/ZnO nanocable arrays for improved solar driven photoelectrochemical water splitting,ZnO,Ag2S/MoS2/ZnO,3.1,"hydrothermal, solvothermal, SILAR",nanorod arrays,nanocable,Ag2S,,photoanode,,0.1 M Na2S / 0.1 M Na2SO3,13,AM 1.5G solar simulator,,100,1.23,298.15,2,,,,,,yes,high,Ternary nanocomposite photoanode.
219,10.1016/j.cej.2022.136564,2022,"Hydrocracking, hydrogenation and hydro-deoxygenation of fatty acids, esters and glycerides: Mechanisms, kinetics and transport phenomena",Ni/Mo catalysts,,,,,,,,,,,,,,,,,,,,,,,yes,,Review on biofuel conversion catalysts.
220,10.1016/j.jece.2022.107587,2022,The integration of ZVI-dehalogenation and electrochemical oxidation for the treatment of complex effluents polluted with iodinated compounds,Zero Valent Iron,ZVI,,dehalogenation/oxidation,,,,,,,urinary effluents,,,,,,,,,,,,,yes,,Wastewater treatment study.
221,10.1016/j.jece.2022.108780,2022,Exploiting the multifunctionality of a designed vanadium-doped ZnO hybrid for selective catalytic reduction of NOx and electrochemical applications,ZnO,V-doped ZnO,,Sol-gel,spherical,hybrid oxide,,,,,,,,,,,,,,,,,,yes,high,SCR of NOx and electrochemical applications.
222,10.1016/j.gee.2017.02.001,2017,TEM Characterization of Metallic Nanocatalysts,Metallic Nanocatalysts,,,,,,,,,,,,,,,,,,,,,,,yes,,Review of TEM techniques for catalysts.
223,10.1016/j.joule.2023.04.008,2023,Fully inkjet-printed large-scale photoelectrodes,Fe2O3 / BiVO4,Fe2O3 / NiOx,2.1,Inkjet-printing,thin-film,fully printed layers,NiOx,polymer encapsulation,photoanode,27.5,,,AM 1.5G,,100,,,,,,,,,yes,high,Perspective on scalable fabrication.
224,10.1126/sciadv.1500372,2015,Fabrication of three-dimensional graphene anode for augmenting performance in microbial fuel cells,Graphene,3D Graphene,,Chemical reduction,,3D framework,,,MFC anode,,microbial culture,,,,,,,,,,,,,yes,high,Microbial fuel cell application.
225,10.1016/j.matre.2023.100232,2023,Recent advances in elaborate interface regulation of BiVO4 photoanode for photoelectrochemical water splitting,BiVO4,NiOOH/Co3O4/BiVO4,2.4,reviewed methods,nanoporous,reviewed structures,NiOOH/Co3O4,,photoanode,,1 M KBi,9.5,AM 1.5G,,100,1.23,,6.4,,,,,200,yes,high,Review; data for optimized reported system.
226,10.1007/s10853-026-12601-6,2026,Phosphorus-Doped In2S3/TiO2 Heterojunction Photoanode for Photoelectrochemical Water Splitting,TiO2,P-doped In2S3/TiO2,,Hydrothermal procedure,Size-distributed particles,composite,P-In2S3,,Photoanode,,0.5 M Na2SO4,,AM 1.5G,,100,1.23,,3.51,,,,,,yes,medium,
227,10.1016/j.ssc.2023.115380,2024,Main material parameters of SnS/CZTSSe solar cells,CZTSSe,CZTSSe(n) / SnS(p),1.2,wxAMPS program (simulated),,p-n junction,,,Solar cell,100,,,,,,,,33.52,,,,,,yes,high,Theoretical calculation of solar cell parameters
228,10.1007/s40201-021-00758-y,2022,Enhanced photocatalytic activity of Fe2O3@ZnO decorated CQD for inactivation of Escherichia coli under visible light irradiation,ZnO,Fe2O3@ZnO/CQD,,Hydrothermal process,Aggregated particles,Nanocomposite,CQD,,Photocatalyst,,Aqueous solution,7,Visible light,420,90,0,,,,,,,,yes,medium,Used for bacterial inactivation
229,10.1007/s40820-020-00469-3,2020,Water Splitting: From Electrode to Green Energy System,various,Review,,,,,,,,,1.0 M KOH,14,,,,,,10,,,,,,yes,high,Review paper summarizing various electrocatalysts
230,10.1007/s40820-025-01987-8,2026,FeOOH Cocatalysts with Gradient Oxygen Vacancy Distribution Enabling Efficient and Stable BiVO4 Photoanodes,BiVO4,FeOOH-GOv/BiVO4,2.4,Electrochemical deposition,Nanoporous / flocculent,photoetched films,FeOOH,,Photoanode,1500,1.0 M potassium phosphate buffer,7,AM 1.5G (backside),,100,1.23,,5.37,0.2,,1.61,,160,yes,high,Gradient oxygen vacancy distribution
231,10.1007/s40820-025-02045-z,2026,Textured and Hierarchically Porous Hematite Photoanode for Efficient Hydrogen Production via Photoelectrochemical Hydrazine Oxidation,Hematite,Ti:Fe2O3,,Multi-cycle growth and flame annealing,Textured and hierarchically porous,branched structure,,,Photoanode,550,1 M NaOH + 0.1 M N2H4,13.6,AM 1.5G,,100,1.23,,7.1,,8.7,,,105,yes,high,Record solar-to-hydrogen with hydrazine oxidation
232,10.1007/s40820-025-02062-y,2026,Single-Atom Ru in CoFe-LDH Drives Efficient Charge Separation on BiVO4 for Solar Water Splitting,BiVO4,Ru0.51-CoFe-LDH/BiVO4,2.54,Electrodeposition and spin coating,wormlike / nanosheets,film array,Ru single atoms,,Photoanode,1300,0.2 M KH2PO4/K2HPO4,7,AM 1.5G,,100,1.23,,4.51,0.26,,1.55,,10,yes,high,Single atom Ru in LDH cocatalyst
233,10.1038/s41467-024-46342-4,2024,Supramolecular catalyst with [FeCl4] unit boosting photoelectrochemical seawater splitting via water nucleophilic attack pathway,BiVO4,[FeCl4] in PTh/BiVO4,2.4,Chemical polymerization,3D Porous,amorphous coating,[FeCl4] supramolecular,Polythiophene (PTh),Photoanode,1210,Seawater,8.1,AM 1.5G,,100,1.23,,4.72,0.4,,1.34,,40,yes,high,Enhanced stability in seawater
234,10.1038/s41467-024-50244-w,2024,Silicon photocathode functionalized with osmium complex catalyst for selective catalytic conversion of CO2 to methane,Silicon,Si/TiO2/trzpOs,1.12,PEC HF etching and magnetron sputtering,Nanoporous,p-n heterojunction,Osmium complex,TiO2,Photocathode,100,0.5 M Na2SO4,6.8,AM 1.5G,,100,0,,-14.11,0.52,,,,1.6,yes,high,Selective CO2 to methane conversion
235,10.1038/s41598-020-62425-w,2020,towards visible light driven photoelectrocatalysis for water treatment: Application of a fto/ BiVo4/Ag2S heterojunction anode for the removal of emerging pharmaceutical pollutants,BiVO4,BiVO4/Ag2S,2.4,Electrodeposition and SILAR,p-n heterojunction,binary electrode,Ag2S,,Photoanode,,0.1 M Na2SO4,7,Simulated sunlight,,,1.2,,1.194,,,,,2,yes,medium,Removal of recalcitrant organic pollutants
236,10.1038/s41598-020-78824-z,2021,Tuning the optoelectronic properties of hematite with rhodium doping for photoelectrochemical water splitting using density functional theory approach,Hematite,Rh-doped Fe2O3,1.61,DFT-based simulations,Substitutional-doped,,Rh doping,,photoelectrode,,,,broad spectrum,525,,,,,,,,,,yes,low,Theoretical tuning of optoelectronic properties
237,10.1038/s41598-024-53577-y,2024,"Efficient CO2 adsorption using chitosan, graphene oxide, and zinc oxide composite",ZnO,CTS/GO/ZnO,,RSM-BBD technique,Composite,Nanoparticles,,,Adsorbent,,,,,,,8.6,303.25,,,,,,,yes,medium,CO2 adsorption capacity of 470.43 mg/g
238,10.1002/advs.202206729,2023,Porphyrins-Assisted Cocatalyst Engineering with Co–O–V Bond in BiVO4 Photoanode for Efficient Oxygen Evolution Reaction,BiVO4,Co-modified heme (HC),2.46,solvothermal,worm-like,thin film,HC,,Photoanode,5,0.5 M Na2SO4,,,600,,1.23,298,5.3,0.07,,1.6,,,yes,high,Co-O-V bond improves kinetics
239,10.1021/acs.analchem.4c06878,2025,Multi-Signal Conversion Electrochemiluminescence Strategy Based on Nanozyme-Enhanced Nitrogen Vacancy/Oxygen Doped g-C3N4 for Detection of Cholesterol,g-C3N4,N-vacancy/O-doped (OCNNV-650),,hydrothermal,,nanozyme,Fe3O4@MoS2,,electrode,,K2S2O8,7.4,,,,-1.5,,,,,,,,yes,low,sensor/ECL study
240,10.1021/acs.analchem.7b04015,2018,Gold Nanoparticles Decorated Hematite Photoelectrode for Sensitive and Selective Photoelectrochemical Aptasensing of Lysozyme,Fe2O3,Au nanoparticles decorated,,,nanorod,,Au,,photoelectrode,,0.01 M PBS,,visible light,420,,0.3,,0.017,,,,,,yes,low,PEC aptasensing
241,10.1021/acsaem.1c00261,2021,A handy protocol of nitrogen-doped BiVO4 photoanode for visible light-driven water oxidation,BiVO4,Nitrogen-doped (N-BiVO4),2.34,handy protocol (suspension),film,,,,Photoanode,,0.1 M KPi,7,visible light,390,100,1.23,298,3.3,0.55,,,,5,yes,medium,nitrogen doping study
242,10.1021/acsaem.1c03112,2021,Heterostructure-induced Light-absorption and Charge-transfer Optimization of TiO2 Photoanode for Photoelectrochemical Water Splitting,TiO2,NiTiO3/TiO2 heterostructure,2.725,hydrothermal,Nanorod Arrays,nanorod,,,Photoanode,2500,,,AM 1.5G,,100,1,,1.94,0.2,,,,,yes,medium,NiTiO3 sensitization
243,10.1021/acsaem.4c03155,2025,Cobalt-doped porous carbon protection layer for bismuth vanadate photoanodes with enhanced stability in photoelectrochemical water splitting,BiVO4,Co-doped porous carbon,,drop-casting / immersion,porous layer,porous,Co-doped carbon,porous carbon,Photoanode,,1 M potassium borate,9.7,AM 1.5G,,100,1.23,298,2.5,0.3,,,,1,yes,medium,porous carbon protection
244,10.1021/acsaem.8b00628,2018,Enhanced Photoactivity and Hydrogen Generation of LaFeO3 Photocathode by Plasmonic Silver Nanoparticle Incorporation,LaFeO3,Ag nanoparticles incorporated,,,photocathode,nanoparticles,Ag,,Photocathode,,0.1 M NaOH,,continuous illumination,,,0.964,,0.15,,,,,25,yes,medium,silver nanoparticle study
245,10.1021/acsaem.9b00179,2019,Rapid One-Pot Synthesis and Photoelectrochemical Properties of Copper Vanadates,Copper Vanadates,,,rapid one-pot,microplates,,,,,,,,,,,,,,,,,,,yes,low,structural synthesis study
246,10.1021/acsaem.9b01938,2019,Charge-Transfer Effects in Fe−Co and Fe−Co−Y Oxides for Electrocatalytic Water Oxidation Reaction,FeCoOx,Fe-Co-Y oxides,,,,,,,glass carbon electrode,,1 M KOH,,,,,,,,,,,,,yes,medium,electrocatalytic OER
247,10.1021/acsami.1c03903,2021,Robust Protection of III−V Nanowires in Water Splitting by a Thin Compact TiO2 Layer,GaAs,p-type GaAs NWs with Pt,,MBE / ALD,Nanowire arrays,core-shell nanowire,Pt,TiO2,Photocathode,7,0.5 M H2SO4,1,AM 1.5G,,100,0,298,0.87,0.243,,,22,67,yes,high,record-long stability
248,10.1021/acsami.2c03514,2022,Two-Step Process of a Crystal Facet Modulated BiVO4 Photoanode for Efficiency Improvement in Photoelectrochemical Hydrogen Evolution,BiVO4,0.25EG-BVO (facet modulated),2.51,two-step process,,facet-modulated,,,Photoanode,,,,AM 1.5G,,,1.23,,1.8,0.4,,,,4,yes,medium,facet modulation strategy
249,10.1021/acsami.2c19868,2023,Photoelectrochemical Water Splitting with ITO/WO3/BiVO4/CoPi Multishell Nanotubes Enabled by a Vacuum and Plasma Soft-Template Synthesis,WO3/BiVO4,ITO/WO3/BiVO4/CoPi multishell,2.4,vacuum soft-template,multishell nanotubes,multishell nanotube,CoPi,,Photoanode,65,0.5 M Na2SO4,7,AM 1.5G,,100,1.23,298,2.23,0.63,,,,3,yes,high,soft-template MS synthesis
250,10.1021/acsami.3c13380,2023,Insight into (Electro)magnetic Interactions within Facet-Engineered BaFe12O19/TiO2 Magnetic Photocatalysts,TiO2 / BaFe12O19,facet-engineered TiO2,,hydrothermal,microplates,faceted TiO2,,SiO2,,,,,Xe lamp,,,,,,,,,,,,yes,low
251,10.1021/acsanm.5c03456,2025,Stable Solar Water Splitting Enabled in Anodic W/WO3 Nanorod Based Electrodes by Hydrothermal Engineering,WO3,W/WO3/FeWO4,2.75,"anodic oxidation, hydrothermal",nanorods,nanorods,FeWO4,,photoanode,495,0.1 M Na2SO4,,AM 1.5G,380,100,1,,0.25,,,,,2.5,yes,low,disordered nanorods
252,10.1002/anie.202414209,2025,n-ZrS3/p-ZrOS Photoanodes with NiOOH/FeOOH Oxygen Evolution Catalysts for Photoelectrochemical Water Oxidation,ZrS3,ZrS3/ZrOS/Ni/Fe,2,"chemical vapor transport, ALD",nanobelt arrays,nanobelts,NiOOH/FeOOH,ZrOS,photoanode,,1 M KOH,,AM 1.5G,655,100,1.23,293.15,9.3,0.5,,3.2,,12,yes,high,film transfer to FTO
253,10.1021/acsami.7b08239,2017,Activation of a Nickel-based OER Catalyst on a Hematite Photoanode via Incorporation of Cerium for Photoelectrochemical Water Oxidation,Fe2O3,alpha-Fe2O3/NiCeOx,,SILAR,,,NiCeOx,,photoanode,,,,1 sun,,100,1.23,,0.85,0.8,,,,2.22,yes,medium,Ni-based co-catalyst
254,10.1021/acsami.8b18261,2019,WO3/BiVO4 Type-II Heterojunction Arrays Decorated with Oxygen-deficient ZnO Passivation Layer: a Highly Efficient and Stable Photoanode,BiVO4,WO3/BiVO4/ZnO,,spin-coating,nanostructures,arrays,ZnO,,photoanode,,0.5 M Na2SO4,,100 mW cm-2,450,100,1.23,,2.96,,,,,,yes,medium,typical heterojunction
255,10.1021/acsami.6b12782,2017,BiVO4/WO3/SnO2 Double-heterojunction Photoanode with Enhanced Charge Separation and Visible-transparency for Bias-free Solar Water-Splitting with a Perovskite Solar Cell,BiVO4,BiVO4/WO3/SnO2,,cyclic coating,dense,,,,photoanode,370,phosphate buffer,7,AM 1.5G,,100,1.23,,3.2,0.6,,,,,yes,medium,TPH photoanode
256,10.1021/acsami.7b09325,2017,Rapid and Efficient Self-Assembly of Au@ZnO Core-Shell Nanoparticle Array with Enhanced and Tunable Plasmonic Absorption for Photoelectrochemical Hydrogen Generation,ZnO,Au@ZnO,,self-assembly,NP array,core-shell NP,Au,,photoelectrode,,1 M NaOH,,AM 1.5G,,100,1.42,,3,,,,,,yes,medium,plasmon enhancement
257,10.1021/acsami.4c11095,2024,Enhanced Photoelectrochemical Water Splitting Using NiMoO4/BiVO4/Sn-doped WO3 Double Heterojunction Photoanodes,WO3,NMO/BVO/Sn:WO3,2.92,,plates/particles,,NiMoO4,,photoanode,,1 M KBi,9.4,150 W Xenon,500,100,1.23,,2.06,,,,,10,yes,medium,triple heterojunction
258,10.1021/acsami.6b02961,2016,Enriching Photoelectrons via Three Transition Channels in Amino-Conjugated Carbon Quantum Dots to Boost Photocatalytic Hydrogen Generation,CQDs,amino-conjugated CQDs,,hydrothermal,,quantum dots,,,,,,,300W Xe lamp,400,2.5,,,,,0.36,,2.73,5,yes,low,flask experiment
259,10.1042/BST20200758,2020,Solar-driven water-splitting provides a solution to the energy problem underpinning climate change,Fe2O3,Mn-doped hematite,2.1,,nanorods,nanorods,Co-phosphate (Co-Pi),surface passivation,photoanode,,,,sunlight,,,0,,,,,,,,yes,low,Review article; hematite/perovskite tandem
260,10.1021/acsomega.5c09509,2026,Elucidating the Influence of Sodium Fluoride on the Structural and Photoelectrochemical Properties of Antimony Sulfide Thin Films,Sb2S3,NaF-doped (Sample N2),1.7,thermal evaporation and sulfurization,thin films,,,,photoanode,450,0.5 M Na2SO4,7,1-Sun LED solar simulator,,100,1.23,301,0.52,,,,,,yes,low,Flat-band potential 0.33 V vs Ag/AgCl
261,10.1021/jacsau.3c00100,2023,Surface Reconstruction and Passivation of BiVO4 Photoanodes Depending on the Structure Breaker Cs+,BiVO4,Cs-BiVO4,2.45,SILAR and photo-polarization,,,FeOOH,,photoanode,940,1.0 M potassium borate,9.5,AM 1.5 G simulated sunlight,,100,1.23,,5.1,0.2,,,,30,yes,high,FeOOH/Cs-BiVO4 benchmarking result
262,10.1039/c5nr06212h,2015,Three-demensional Interconnected Hierarchical FeOOH/TiO2/ZnO Nanostructural Photoanode for Enhancing Performance of Photoelectrochemical Water Oxidation,ZnO/TiO2/FeOOH,FeOOH/TiO2/ZnO,3.3,,nanostructural arrays,3D hierarchical arrays,FeOOH,TiO2,photoanode,,,,solar illumination,,,1.8,,1.6,0.2,,,,,yes,medium,10 min FeOOH deposition
263,10.1016/j.ijhydene.2019.11.060,2016,Water Splitting Using a Three-dimensional Plasmonic Photoanode with Titanium Dioxide Nanotunnels,TiO2,Au-NPs on TiO2,,ALD and reduction cycles,nanotunnels,3D nanotunnels,Au-NPs,,photoanode,230,0.1 mol dm-3 KClO4,,,700,,,,,,,,,7,yes,low,Plasmonic sensitization study
264,10.1039/c6ta10511d,2016,Layered MoS2 Coupled MOFs-Derived Dual-Phase TiO2 for Enhanced Photoelectrochemical Performance,TiO2,MoS2/dual-phase TiO2,3,MOF-derived,,layered heterostructure,MoS2,,photoanode,,,,AM 1.5G,,100,1.2,,1.2,-0.6,,,,0.5,yes,medium,0.5MDT sample
265,10.1039/c6ta11134c,2016,A facile spray pyrolysis method to prepare Ti-doped ZnFe2O4 for boosting photoelectrochemical water splitting,ZnFe2O4,6% Ti-doped,,spray pyrolysis,,,,,photoanode,300,1 M NaOH,,AM 1.5 G,,100,1.23,,0.4,1,,,11.08,3.25,yes,low,Optimal 6% Ti doping
266,10.1021/acs.chemmater.0c00545,2020,Combined Experimental and Theoretical Investigations of n-Type BiFeO3 for Use as a Photoanode in a Photoelectrochemical Cell,BiFeO3,N2-treated,,,thin film,,,,photoanode,120,pH 9.2 borate buffer,9.2,AM 1.5G,,100,1.3,,0.03,0.8,,,,,yes,low,n-type behavior study
267,10.1021/cm502396d,2015,Synthesis of Hybrid Au-In2O3 Nanoparticles Exhibiting Dual Plasmonic Resonance,In2O3,Au-In2O3,,,nanoparticles,core@shell nanoparticles,,,,,,,,,,,,,,,,,,yes,,Synthesis focus; no PEC data
268,10.1021/cm504327f,2015,All First Row Transition Metal Oxide Photoanode for Water Splitting Based on Cu3V2O8,Cu3V2O8,Mo:Cu3V2O8,2.05,,,,,,photoanode,500,0.1 M potassium borate,9.2,1 sun front illumination,400,,1,,,0.65,,,8.8,1,yes,low,Mo-doped optimal n-type
269,10.1021/acs.chemmater.6b02639,2016,Anisotropic Photoelectrochemical (PEC) Performances of ZnO Single-Crystalline Photoanode: Effect of Internal Electrostatic Fields on the Separation of Photogenerated Charge Carriers during PEC Water Splitting,ZnO,Single-Crystalline (O-plane),,crystal polishing,single-crystalline,,,,photoanode,500000,0.5 M Na2SO4,6.84,AM 1.5G simulated solar light,,100,1.23,,1.8,0.3,,,29,12,yes,medium,O-plane facet performance
270,10.1021/cs5015145,2015,Coverage-Induced Conformational Effects on Activity and Selectivity: Hydrogenation and Decarbonylation of Furfural on Pd(111),Pd,Pd(111) surface,,DFT calculations,,,,,,,,,,,,,,,,,,,,yes,,Computational catalysis study
271,10.1021/acscatal.0c02648,2020,Identifying Performance-Limiting Deep Traps in Ta3N5 for Solar Water Splitting,Ta3N5,undoped thin film,2.1,e-beam evaporation and nitridation,thin film,,NiCoFe-Bi,H2O2 treatment,photoanode,,1 M KOH,13.6,AM 1.5G simulated sunlight,405,100,1.23,298,8.2,0.47,2.25,,,,yes,high,Optimal 70 sccm NH3 flow
272,10.1021/acssuschemeng.0c03671,2020,Dual Modification of a BiVO4 Photoanode for Enhanced Photoelectrochemical Performance,BiVO4,C-BVO,,,,,Carbon,,photoanode,,,,,,,1.23,,,,,0.65,,,yes,medium,Separation efficiency 70%
273,10.1021/acssuschemeng.2c00285,2022,Modulation of Chemical Microenvironment on Hematite-Based Photoanode Interface with Covalent Triazine Framework for Efficient Photoelectrochemical Water Oxidation,alpha-Fe2O3,Co-Sil/CTF-BTh/Gd-Fe2O3,,in situ electropolymerization,nanorods,nanorods,Co-Sil / CTF-BTh,,photoanode,,1 M KOH,13.6,AM 1.5G,,100,1.23,298,2.74,0.65,,0.38,,,yes,medium,Calculated from Table S1
274,10.1021/acscatal.3c02504,2024,Structural Origin for Efficient Photoelectrochemical Water Splitting over FeOOHx/BiVO4,BiVO4,FeSO4/BiVO,,optimal synthetical condition,,,FeOOH,,photoanode,,0.2 M Na2SO4,7,AM 1.5G,,100,1.23,298,5.4,,,1.46,,,yes,high,ABPE from Fig S11
275,10.1021/acscatal.3c06040,2024,Halide Perovskites for Photoelectrochemical Water Splitting and CO2 Reduction: Challenges and Opportunities,Halide Perovskites,multiple systems,,review,,,,,,,,,,,,,,,,,,,,,yes,
276,10.1021/acscatal.4c01150,2024,Alleviating Charge Recombination Caused by Unfavorable interaction of P and Sn in Hematite for Photoelectrochemical Water Oxidation,alpha-Fe2O3,P:Sn:Ti-Fe2O3,,,,,,,photoanode,,1 M NaOH,,AM 1.5G,,,1.23,,5.32,0.506,,,,,yes,high,Performance from page 25
277,10.1021/acscatal.6b02664,2016,Protonated Graphitic Carbon Nitride with Surface Attached Molecule as Hole Relay for Efficient Photocatalytic O2 Evolution,g-C3N4,p-CN/BODIPY,,,,,BODIPY,,photocatalyst,,DI water,,,410,,,,,,,,,,yes,,Suspension photocatalysis
278,10.1021/acscatal.8b03497,2018,Enhanced Photocatalytic Water Splitting on Very Thin WO3 Films Activated by High Temperature Annealing,WO3,WO3,,high temperature annealing,thin film,thin film,,,photoanode,,,,,,,,,,,,,,,yes,,SI snippet only
279,10.1039/d1ta10203f,2022,Nanoscale metal oxides–2D materials heterostructures for photoelectrochemical water splitting—a review,multiple,,,review,,,,,,,,,,,,,,,,,,,,,yes,
280,10.1039/d2cy01253g,2022,Vertically Aligned Nanorods Fe2TiO5 and Coupling of NiMoO4/CoMoO4 as A Hole-Transfer Cocatalyst for Enhancing Photoelectrochemical Water Oxidation Performance,Fe2TiO5,Fe2TiO5/NiMoO4/CoMoO4,,hydrothermal,nanorods,nanorods,NiMoO4/CoMoO4,,photoanode,1700,,,,,,1.23,,1.6,,,,,,yes,low,Thickness from Fig S6
281,10.1039/d2se00459c,2022,Microwave-assisted surface attachment of aluminium ions on in-situ diluted titanium-doped hematite photoanodes for efficient photoelectrochemical water-splitting,alpha-Fe2O3,Co-Pi/Al(5mM)/Ti(4%):Fe2O3,2.1,MASA / hydrothermal,,,Co-Pi,Al ions,photoanode,356,1 M NaOH,,1 sun,,100,1.23,,1.6,0.8,,,30,5,yes,low,H2 rate from Fig S13
282,10.1039/d3ce00953j,2023,CoFeBi/BiVO4 Photoelectrode for Efficient Solar Water Oxidation,BiVO4,CoFeBi/BiVO4,,,,,CoFeBi,,photoanode,,0.5 M KPi,,,,,1.23,,4.4,,,,,,yes,medium,KPi electrolyte
283,10.1039/d3ta05014a,2023,Hierarchical Zr-doped Fe2O3 photoanodes decorated with in situ Au nanoparticles via a surfactant-assisted one-step hydrothermal approach for efficient photoelectrochemical water splitting,alpha-Fe2O3,Zr-Fe2O3/CTAB/Au:NCH,,surfactant-assisted hydrothermal,hierarchical,hierarchical,Au nanoparticles,,photoanode,,1 M NaOH,,AM 1.5G,,100,1.23,,2.72,0.78,,,,10,yes,medium,Onset from text p295
284,10.1039/d4nj03619k,2024,Constructing FeCoNi-LDH/MOF heterostructure as cocatalyst on hematite photoanode for highly efficiency water splitting,alpha-Fe2O3,Sn@alpha-Fe2O3/ZIF-67/FeCoNi-LDH,,,,,FeCoNi-LDH/MOF,,photoanode,,1 M NaOH,,,,,1.23,308,1.51,,,,,,yes,low,Result from Fig S13
285,10.1039/d4ta03234a,2024,Engineering Transition Metal Hydroxide-Photoanode Interface with a Highly Crystalline Mediator for Efficient Photoelectrochemical Water Splitting,BiVO4,BV/Fe(OH)X-H/FeNi(OH)X,2.43,,,,FeNi(OH)X,,photoanode,,,,1-sun,,100,1.23,,5.34,,,,96,6,yes,high,H2 rate from Fig S27
286,10.1039/d4ta07082h,2024,Incorporation of sulfur vacancies in ZnIn2S4 photoanode for highly efficient photoelectrochemical water splitting and urea oxidation,ZnIn2S4,sulfur vacancies,,,,,,,photoanode,,,,,,,1.23,,2.18,,,,,,yes,medium,Focus on sulfur vacancy incorporation
287,10.1039/d5cp02984h,,Tailoring the Electronic Structure of Cobalt Phthalocyanine on BiVO4 via Substituent Effects for Enhanced Photoelectrochemical Water Splitting,BiVO4,CoPcTs,,,,,Cobalt Phthalocyanine,,photoanode,,1 M KBi,,,,,1.23,,3.9,,,,,4,yes,medium,CoPcTs modification of BiVO4
288,10.1039/d5ma00616c,2025,Unveiling the role of silver-promoted phase evolution in antimony sulfide thin films for photoelectrochemical activity,Sb2S3,Ag+ and Cu+ co-doping,,electrophoretic deposition,crystalline films,,,,,,,,,,,,,,,,,,yes,,Doping of Sb2S3 films,
289,10.1039/d5nj01912e,2025,Enhanced Photoelectrochemical Water Splitting Performance of Molten-salt Carbon Nitride Photoanode with Morphology and Defects Regulation Induced by Hydrochloric Acid Treatment,PCN,HCl treatment,1.9,molten-salt synthesis,films,,,,photoanode,,1.0 M NaOH,14,AM 1.5G,,100,1.23,,0.233,0.2,,0.08,0.67,,yes,low,Defects regulation by HCl
290,10.1039/d5ta01070e,2025,"High-Performance Silicon-Based n-i-p Heterojunction Photoanode for Efficient Photoelectrochemical Water Splitting: Fabrication, Optimization, and Large-Scale Application",Silicon,FTO/TiO2/Si/NiO_A,,magnetron sputtering,thin films,n-i-p heterojunction,NiO,TiO2,photoanode,,1 M KOH,,,,,0.11,,0.33,0.11,,,,10,yes,high,High stability silicon heterojunction
291,10.1021/acs.energyfuels.1c04113,2022,Synergistic effect of Ni2+ and Fe3+ of Bimetallic Oxyhydroxide NiFeOOH as OER Cocatalyst for Fe2O3 Photoanode with Enhanced Photoelectrochemical Water Splitting,alpha-Fe2O3,NiFeOOH,,hydrothermal method,,,NiFeOOH,,photoanode,,,,simulated sunlight,,100,1.23,,,,,,,,yes,,NiFeOOH as OER cocatalyst
292,10.1021/acs.energyfuels.5c06756,2026,Ternary BiVO4/NCQD/FeCo-LDH Photoanode with Light Capture and Hole Extraction Units for Efficient Photoelectrochemical Water Splitting,BiVO4,NCQD/FeCo-LDH,2.52,soaking,,ternary,"NCQD, FeCo-LDH",,photoanode,,,,,420,,1.23,,4.74,0.2,,1.2,,10,yes,high,Ternary system with BiVO4
293,10.3389/fchem.2020.00709,2020,Recent Advances in Supported Metal Catalysts and Oxide Catalysts for the Reverse Water-Gas Shift Reaction,CeO2,,,,,,"Pt, Ni, Ru, Co",,,,,,,,,,,,,,,,,,yes,
294,10.3389/fchem.2025.1600959,2025,Recent advances of interfacial modification over tantalum nitride photoanodes for solar water oxidation: a mini review,Ta3N5,interfacial modification,2.1,,,,,,photoanode,,,,simulated sunlight,590,100,,,12.1,0.6,15.9,2.5,,30,yes,medium,Review of Ta3N5 advances
295,10.1021/acs.inorgchem.3c04129,2024,Rational design of CoOOH/alpha-Fe2O3/SnO2 for enhanced photoelectrochemical water oxidation: The roles of underneath SnO2 and surface CoOOH,alpha-Fe2O3,SnO2/CoOOH,,,,heterojunction,CoOOH,,photoanode,170,1 mol L-1 NaOH,14,LED,447,30,0.9,,,,,,,,yes,medium,Roles of SnO2 and CoOOH
296,10.3390/ijms23148041,2022,Recent Advances in the Photoreactions Triggered by Porphyrin-Based Triplet–Triplet Annihilation Upconversion Systems: Molecular Innovations and Nanoarchitectonics,Porphyrins,TTA-UC,,,nanoarchitectonics,nanoarchitectonics,porphyrin sensitizers,,,,,,green light,532,,,,,,,,,,yes,low,Review of TTA-UC systems
297,10.3390/ijms24010443,2023,Boosting the Photoelectrochemical Performance of Au/ZnO Nanorods by Co-Occurring Gradient Doping and Surface Plasmon Modification,ZnO,grad-Au,3.27,,nanorods,nanorods,Au,,photoanode,,,7,,,,,,,,,,,,yes,,Gradient Au doping in ZnO
298,10.1016/j.rser.2026.116792,2026,A systems engineering review on the integration of solar concentrators with photoelectrochemical processes,various,,2,,,,,,,,,,concentrated / natural,,,,,,,,,,,,yes,
299,10.1021/jacs.1c07391,2021,Engineering Single-Atomic Ni-N4-O Sites on Semiconductor Photoanodes for High-Performance Photoelectrochemical Water Splitting,BiVO4,FeOOH/Ni-N4-O/BiVO4,,spin-coating; thermal treatment; electrodeposition,array,porous array,FeOOH,,photoanode,,0.5 M KBi,9.3,AM 1.5 G simulated,425,100,1.23,300,6,0.2,,,,,yes,high,Single-atomic Ni sites.
300,10.3390/jfb13040274,2022,"Metal Oxide Nanoparticles: Review of Synthesis, Characterization and Biological Effects",MONPs,"various (ZnO, TiO2, etc.)",,top-down / bottom-up,spherical / various,nanoparticle,,various,,,,,,,,,,,,,,,,yes,,Review on biomedical apps.
301,10.1021/acs.jpcc.5b05427,2015,Efficient and Stable Photoelectrochemical Seawater Splitting with TiO2@g-C3N4 Nanorod Arrays Decorated by Co-Pi,TiO2,TiO2@g-C3N4/Co-Pi,,,nanorod array,nanorod,Co-Pi,g-C3N4,,,seawater; 0.2 M Na2SO4,6.8,AM 1.5 G,,100,,,1.4,,,,,,yes,Medium,Seawater splitting study.
302,10.1021/acs.jpcc.6b06903,2016,PH3-treated TiO2 Nanorods with Dual-doping Effect for Photoelectrochemical Oxidation of Water,TiO2,P-doped; Ti3+ self-doped,3.15,PH3 annealing,nanorod array,nanorod,,,,,1.0 M NaOH,,LED; simulated,470,100,1.23,,0.42,,,,,,yes,Medium,Dual-doping enhances activity.
303,10.1021/acs.jpcc.7b05806,2017,"Photocatalytic H2 Generation Efficiencies of TiO2 Nanotube-based Heterostructures: Grafted with ZnO Nanorods, Ag Nanoparticles or Pd Nanodendrites",TiO2,TiO2-NT/ZnO-NR/Ag-NP,,,nanotubes,nanotube,Ag; Pd,,,,,,monochromatic,365,,,,,,,,,,,,Focus on carrier generation.
304,10.1021/jp8010537,2008,In situ Time-Resolved Energy-Dispersive XAFS Study on Photodeposition of Rh Particles on a TiO2 photocatalyst,TiO2,Rh/TiO2,,photodeposition,,,Rh,,,,,,photoirradiation,,,,,,,,,,,,,XAFS photodeposition study.
305,10.1021/acs.jpcc.9b09623,2019,SnO2@WS2 /p-Si Heterostructure Photocathode for Photoelectrochemical Hydrogen Production,Si,SnO2@WS2/p-Si,,,nanoflower (WS2),,,WS2/SnO2,photocathode,,,,AM 1.5 G,,100,0,,3.5,,,,,,yes,Medium,Heterostructure on Si.
306,10.1021/acs.jpclett.3c02465,2023,Surface-Hydroxylation During Water Splitting Promotes the Photoactivity of BiVO4(010) Surface by Suppressing Polaron-mediated Charge Recombination,BiVO4,,,NAMD calculation,(010) surface,,,,,,,,,,,,300,,,,,,,,,Computational NAMD study.
307,10.1021/acs.langmuir.8b00149,2018,An MnNCN-Derived Electrocatalyst for CuWO4 Photoanodes,CuWO4,CuWO4/MnNCN,,thermal annealing,thin film,,MnNCN,,photoanode,1000,0.1 M KPi,7,AM 1.5 G,,100,1.315,,0.06,,,,,1,yes,Low,MnNCN electrocatalyst.
308,10.3390/ma16237451,2023,Synthesis and Characterization of Bi4Ti3O12 Nanoparticles Obtained via Pulsed Laser Ablation in Liquids,Bi4Ti3O12,,1.935,pulsed laser ablation (PLAL),spherical,nanoparticle,,carbon layer,,,distilled water; alcohols,,laser,798,,,RT,,,,,,,,,PLAL synthesis study.
309,10.1039/d4na00088a,2024,Photoelectrochemical performance of a nanostructured BiVO4/NiOOH/FeOOH–Cu2O/CuO/TiO2 tandem cell for unassisted solar water splitting,BiVO4 / Cu2O,BiVO4/NiOOH/FeOOH anode; Cu2O/CuO/TiO2 cathode,2.25,"Electrodeposition, conversion",porous network,Nanostructures,"NiOOH, FeOOH",TiO2,Tandem,,0.1 M Na2SO4,6,AM 1.5G,,100,0,,0.201,0.45,0.27,,,,yes,Medium,Unassisted oxide tandem cell
310,10.3390/nano14131100,2024,Promoting the Photoelectrochemical Properties of BiVO4 Photoanode via Dual Modification with CdS Nanoparticles and NiFe-LDH Nanosheets,BiVO4,"CdS nanoparticles, NiFe-LDH nanosheets",,"Sequential deposition, annealing","nanosheets, nanoparticles",Nanoparticles,NiFe-LDH,,Photoanode,,0.1 M KOH,6.1,AM 1.5G,500,100,1.23,RT,3.1,0.38,,0.93,43.7,3,yes,High,Dual modification CdS/NiFe-LDH
311,10.1021/acsnano.5c01111,2023,Strengthening Bonding Interaction of a (Co0.91V0.09)3(BTC)2 Metal-Organic Framework with BiVO4 Photoanodes Enabling Ultra-Stable Photoelectrochemical Water Oxidation,BiVO4,"(Co0.91V0.09)3(BTC)2 MOF, Co3O4",,,,,CoV-MOF,,Photoanode,500,1 M borate buffer,9.5,AM 1.5G,,100,1.23,298,6,,,,,310,yes,High,Ultra-stable MOF/BiVO4 anode
312,10.1021/acs.nanolett.3c04374,2024,Efficient Acidic Photoelectrochemical Water Splitting Enabled by Ru Single Atoms Anchored on Hematite Photoanodes,Fe2O3,Ti-doped Fe2O3; Ru single atoms,,"Hydrothermal, soaking",,Single atoms,Ru single atoms,,Photoanode,,0.1 M NaNO3 + HNO3,1,AM 1.5G,,100,1.23,298.15,1.42,0.92,,,,0.5,yes,Medium,Ru single atoms for acidic PEC
313,10.1021/acs.nanolett.5b02671,2015,A Metal-Nitride Nanowire Dual-Photoelectrode Device for Unassisted Solar-to-Hydrogen Conversion under Parallel Illumination,InGaN / GaN,Ge-doped (n-type); Mg-doped (p-type),,MBE,vertically aligned nanowires,Nanowires,Pt,,Dual-photoelectrode,,1 mol/L HBr,,AM 1.5G,500,,,,19,0.5,0.46,,,,yes,High,Nitride nanowire dual device
314,10.1021/acs.nanolett.5c04545,2025,Polyaniline-Facilitated Direct Electron Transfer from Photosystem II on Inverse-Opal CeO2,CeO2,Polyaniline; Photosystem II,,"Electrodeposition, assembly",Inverse-opal,Inverse-opal,Polyaniline,,Photoanode,,MES buffer,7.8,AM 1.5G,575,80,0.5,298,0.0059,,,,,16.7,yes,Low,Bio-photoanode DET
315,10.1021/acs.nanolett.5b00616,2015,Perovskite- Hematite Tandem Cells for Efficient Overall Solar Driven Water Splitting,Fe2O3,Mn-doped hematite,,,,,,,Photoanode,,,,,,,,,3,,1.8,,,,yes,Medium,Perovskite-hematite tandem
316,10.1021/acs.nanolett.7b04701,2018,Self-Assembled One-Dimensional Porphyrin Nanostructures with Enhanced Photocatalytic Hydrogen Generation,THPP,Pt catalyst,,Self-assembly,Nanowires,Nanowires,Pt,,Photocatalyst (powder),,aqueous AA,4,Xenon lamp,420,,,,,,,,,,,Low,Powder photocatalysis
317,10.3390/molecules29123115,2024,"Green synthesis of ultrathin 2D nanoplatelets, hematene and magnetene...",Hematite / Magnetite,2D hematene nanosheets,1.985,Liquid phase exfoliation,nanosheets,Nanosheets,,,,,water,,UV to NIR,,,,RT,,,,,,,,Low,Material properties study
318,10.1039/d0ra10176a,2021,Prospects about the graphene role in the design of photoelectrodes for sunlight-driven water splitting,BiVO4,Mo:BiVO4/rGO,,Doctor blading,thin film,,rGO,,Photoanode,,0.1 M Na2SO4,,AM 1.5G,,100,1.23,,8.51,,,,,,yes,High,Review paper data
319,10.1039/d1ra09256a,2022,Preparation of Ag3PO4/alpha-Fe2O3 hybrid powders and their visible light catalytic performances,Ag3PO4 / alpha-Fe2O3,1:2 molar ratio,2.1,Hydrothermal,Hexagonal sheet,Nanoparticles,Ag,,Powder,,Rhodamine B,,Xenon lamp,525,,,,,,,,,,,Low,alpha-Fe2O3 nomenclature normalized.
320,10.1039/d4ra08254k,2025,Tuning surface hydrophilicity of a BiVO4 photoanode through interface engineering for efficient PEC water splitting,BiVO4,BVO@CoPc-S,2.41,Solvothermal,3D worm-like,monoclinic,CoPc,,Photoanode,,1 M KBi,,Simulated sunlight,,100,1.23,,4,,,1.3,,0.5,yes,High,Interface engineering
321,10.1039/d2sc02638d,2022,Reversing electron transfer in a covalent triazine framework for efficient photocatalytic hydrogen evolution,CTF,P-CTF-Co2P,,Phosphidation,CTF Surface,7,Co2P,,Photocatalyst,,,,Simulated solar,,,,298.15,,,,,7600,,yes,High,Nanostructure size cleaned.
322,10.1039/d2sc05115j,2022,High-throughput exploration of activity and stability for identifying photoelectrochemical water splitting materials,Fe–Ti–W–O,libraries,,Co-sputtering,thin film,,,,Photoanode,,near-neutral,5.7,,,,1.7,,,,,,,,yes,Medium,HT-screening focus
323,10.1039/d2sc06651c,2023,An integrated n-Si/BiVO4 photoelectrode with an interfacial bi-layer for unassisted solar water splitting,n-Si / BiVO4,n-Si/Al2O3/ITO/BiVO4,1.76,MOD,Tandem,50,NiFe(OH)x,Al2O3,Tandem photoanode,250,1 M KBi,9,AM 1.5 G,,100,0,,0.5,-0.36,0.62,,,1045,yes,High,Unassisted splitting; Bandgap mean.
324,10.1021/acsnano.5c15308,2025,Insights into Electron Dynamics in Mn-Doped Ag-In-S Quantum Dots for Efficient Photoelectrocatalytic Hydrogen Evolution,AgInS8,4%Mn: AIS,2.42,Hot injection,Quantum dots,2.52,ZnS,,QD-sensitized anode,,Na2S / Na2SO3,12.5,AM 1.5G,,100,,,8.6,,,4,,,yes,High,Nanostructure size 2.52 normalized.
325,10.1021/acsnano.5c17326,2026,Short-Range Ordered Dual-Elemental Doped Hematite Photoanodes for Enhanced Photoelectrochemical Water Splitting,alpha-Fe2O3,RMS@Ti:Fe2O3,2.15,Microwave sintering,Nanorod,Nanorod,NiFeOOH,,Photoanode,,1 M NaOH,13.6,,,,0.6,,3.59,,,,,,yes,High,Doping engineering.
326,10.1021/acsenergylett.8b00855,2018,Boosting PEC Water Oxidation Activity and Stability of Mo-doped BiVO4 through NiFe–Phenolic Networks,BiVO4,Mo:BiVO4@TANF,2.5,assembly coating,Porous,Core-shell,NiFe networks,,Photoanode,800,0.5 M sodium borate,8.5,AM 1.5G,,100,1.23,,5.1,,,,,1.25,yes,High,Stability focus
327,10.1371/journal.pone.0335161,2025,Co-generation of NaREE(MoO4)2 and REEPO4 in multiple habits by solid-flux crystal growth,NaREE(MoO4)2,natural monazite,,solid-flux growth,Skeletal / needle,50.5,,,,,,,,,,,1273.15,,,,,,,,Medium,Nanostructure interval mean.
328,10.1021/acsomega.0c04191,2020,Silver-Decorated Cobalt Ferrite Nanoparticles Anchored onto Graphene Sheets,CoFe2O4,Ag-CoFe2O4/rGO,1.63,Solvothermal,Nanoparticles,46,,rGO,GCE-modified electrode,,0.5 M KOH,,Xenon lamp,400,,,,,,,,,,,Medium,Nanostructure size 46 normalized.
329,10.1016/j.surfin.2025.105835,2023,Optimizing physico-chemical properties of hierarchical ZnO/TiO2 nano-film by the novel heating method for photocatalytic degradation of antibiotics and dye,ZnO / TiO2,TiO2/ZnO heterojunction,3.25,magnetron sputtering,nano-thin films,hierarchical nano-film,,,Thin film,495,0.5 M Na2SO4,7,300 W Hg arc lamp,,208.5,0,295.5,,,,,,,yes,High,Temperature mean normalized.
330,10.1016/j.cej.2022.136564,2022,"Hydrocracking, hydrogenation and hydro-deoxygenation of fatty acids, esters and glycerides: Mechanisms, kinetics and transport phenomena",Biofuel catalysts,"Ni, Pt, Mo, Co, etc.",,,,,,,,,,,,,,,,,,,,,,,,Review article.
331,10.1016/j.nanoms.2024.05.010,2025,Perovskite materials for highly efficient Photo(electro)catalytic water splitting: A mini-review,Perovskites,ABX3,2.05,solution processing,various,various,"Ir, Pt, Co, etc.","TiO2, PEDOT:PSS, etc.",Photoelectrode,,various,various,AM 1.5G / Xe lamp,,100,various,,22.7,,17.6,12.9,2605,100,no,High,HER in umol/g/h; unit discrepancy.
332,10.1002/advs.202509037,2025,Dual Mo-Doping in BiVO4/FeCoNiOx Photoanode Enables Near-Theoretical Photocurrent Density via Synergistic Bulk-Surface Engineering for Solar Water Splitting,BiVO4,Mo-doped BiVO4 / Mo:FeCoNiOx,2.4,photo-assisted electrodeposition,worm-like porous architecture,porous particles,Mo:FeCoNiOx,,Photoanode,2000,0.25 M K3BO3,9.5,AM 1.5 G,392.5,100,1.23,,7.15,0.2,,2.56,,20,yes,High,Wavelength mean normalized.
333,10.1002/advs.202102458,2021,Crystal Facet-Controlled Efficient SnS Photocathodes for High Performance Bias-Free Solar Water Splitting,SnS,facet-controlled SnS,1.23,spin-coating,nanoplates,vertically aligned nanoplates,Pt,TiO2/Ga2O3,Photocathode,400,0.5 M H2SO4,1,AM 1.5 G,660,100,0,,28,0.4,1.7,3.01,,24,yes,High,Wavelength mean normalized.
334,10.1021/acsaem.1c00694,2021,Fabrication of a Facet-Oriented BiVO4 Photoanode by Particle Engineering for Promotion of Charge Separation Efficiency,BiVO4,TiO2 / NiCo2O4,,,,,NiCo2O4,TiO2,photoanode,,,,,,,1.6,,1.4,0.117,,,,,yes,Medium,Flat band potential 0.117.
335,10.1021/acsaem.2c00974,2022,Junction Engineering in Si Photoanodes for Efficient Photoelectrochemical Water Splitting,Silicon,n-doped SHJ,,PECVD / Electrodeposition,porous layer,,NiFe,ITO,photoanode,175000,1.0 M NaOH,14,simulated AM 1.5G,,100,1.23,,38,,,4.8,,10,yes,High,Decay due to delamination.
336,10.1021/acsaem.2c02547,2022,Constructing a Two-Dimensional SnWO4 Nanosheet Array Film for Enhanced Photoelectrochemical Performance,SnWO4,,,drop-coating / heat treatment,flaking stacked film,nanosheet array,,,photoanode,,0.2M KPi / 0.2M Na2SO3,7,,575,20,1.23,,1.011,,,,,,yes,Medium,Wavelength mean normalized.
337,10.1002/aenm.202202363,2022,An Organic Semiconductor Photoelectrochemical Tandem Cell for Solar Water Splitting,PBDTTTPD:PNDIHDT,organic bulk heterojunction,,spin-coating,,,RuO2,2PACz-SAM,photocathode,,0.1 m sodium borate,9,simulated 1-Sun,550,100,0,,4.6,1,,,,6,yes,Medium,Wavelength mean normalized.
338,10.1021/acsami.1c12597,2021,Surface Reconstruction of Cobalt Species on Amorphous Cobalt Silicate-Coated Fluorine-Doped Hematite for Efficient Photoelectrochemical Water Oxidation,Fe2O3,F-doped (0.8%),,hydrothermal / PEPD,nanorods,nanorod array,Co-Silicate,,photoanode,,1 M KOH,13.6,AM 1.5 G,,100,1.6,298.15,3.8,0.7,,,,,yes,Medium,Optimal PEPD time 20s.
339,10.1021/acsami.4c11095,2024,Enhanced Photoelectrochemical Water Splitting Using NiMoO4/BiVO4/Sn-Doped WO3 Double Heterojunction Photoanodes,BiVO4,NiMoO4 / Sn:WO3,,,,double heterojunction,NiMoO4,,photoanode,,1M potassium borate,9.4,1 sun,,100,1.23,,2,0.3,,,,,yes,Medium,Applied bias and photocurrent cleaned.
340,10.1021/am5085447,2014,An Insight into the Role of Oxygen Vacancy in Hydrogenated TiO2 Nanocrystals in the Performance of Dye Sensitized Solar Cells,TiO2,hydrogenated,,,nanocrystals,,,,photoelectrode,,,,,,,,,18.98,,,,,,yes,High,Focus on DSSC performance.
341,10.1021/acsami.6b12782,2016,BiVO4/WO3/SnO2 Double-heterojunction Photoanode with Enhanced Charge Separation and Visible-transparency for Bias-free Solar Water-Splitting with a Perovskite Solar Cell,BiVO4,WO3 / SnO2,2.38,,,double-heterojunction,CoOx,,photoanode,370,phosphate buffer,7,1 sun,500,100,1.23,,3.5,,,,,,yes,Medium,Wavelength cleaned.
342,10.1021/acsami.7b09040,2017,Surface–Modified Ta3N5 Nanocrystals with Boron for Enhanced Visible-Light-Driven Photoelectrochemical Water Splitting,Ta3N5,Boron (10%),2.04,EPD,nanocrystals,,CoPi,,photoanode,3000,0.1 M Na2SO4 / 5 M NaOH,14,visible light,420,100,1.23,,2.5,0.5,,,,5,yes,Medium,Wavelength cleaned.
343,10.1021/acsnano.1c00928,2021,Integration of LaCo(OH)x Photo-electrocatalyst and Plasmonic Gold Nanoparticles with Sb-doped TiO2 Nanorods for Photoelectrochemical Water Oxidation,TiO2,Sb-doped / Au,2.85,,nanorods,nanorod array,LaCo(OH)x,,photoanode,2000,,,chopped illumination,,,1.6,,2.1,0.25,,,,,yes,Medium,Thickness normalized.
344,10.1039/C7CY02641B,2017,Hierarchical TiO2 nanowires/microflowers photoanode modified with Au nanoparticles for efficient photoelectrochemical water splitting,TiO2,Au modified,,hydrothermal / UV irradiation,microflowers,nanowires,Au,,photoanode,,,,LED-lamp,365,,,,,,,,,,yes,Low,Hierarchal structure synthesis.
345,10.1039/c9ta00205g,2019,Zn:BiVO4/Mo:BiVO4 Homojunction as Efficient Photoanode for Photoelectrochemical Water Splitting,BiVO4,Zn:Mo homojunction,,spin coating,,homojunction,Ni:FeOOH,,photoanode,300,0.5 M Kpi,7,,,,1.23,298.15,2.5,0.3,,,,,yes,Medium,Onset potential cleaned.
346,10.1021/acs.chemmater.6b02091,2016,"Photoelectrochemical Water Splitting on Particulate ANbO2N (A = Ba, Sr) Photoanodes Prepared from Perovskite-Type ANbO3",BaNbO2N,CoOx-FeOx,,nitridation,,,CoOx-FeOx,,photoanode,,0.5 M KBi,13,AM 1.5G,,,1.23,,0.1,,,,,1,yes,Low,Faradaic efficiency measured.
347,,,,,,,,,,,,,,,,,,,,,,,,,,,,,
348,10.1021/acscatal.5c02714,2022,Enhanced Photoelectrochemical Water Splitting on BiVO4 Photoanode via Efficient Hole Transport Layers of NiFe-LDH,BiVO4,NiFe-LDH / Co3Ge2O5(OH)4,,,,,NiFe-LDH,Co3Ge2O5(OH)4,photoanode,,1.0 M potassium borate,9,AM 1.5G,,,1.23,,,,,,,,yes,Low,UPS relationship provided.
349,10.1039/D3TA05014A,2023,Hierarchical Zr-doped Fe2O3 photoanodes decorated with in situ Au nanoparticles via a surfactant-assisted one-step hydrothermal approach for efficient photoelectrochemical water splitting,Fe2O3,Zr-doped / Au / CTAB,,hydrothermal / FIB,porous structure,,NiCo(OH)x,,photoanode,,1 M NaOH,13.6,AM 1.5G,525,100,1.23,298.15,3.5,0.78,,,,10,yes,Medium,Wavelength mean normalized.
350,10.1039/D4NJ03619K,2024,Constructing FeCoNi-LDH/MOF heterostructures as cocatalysts on hematite photoanodes for high efficiency water splitting,Fe2O3,Sn@ / ZIF-67 / FeCoNi-LDH,,,,,FeCoNi-LDH,ZIF-67,photoanode,,,,,,,,,,,,,,,yes,Low,Atomic ratios in Table S7.
351,10.1039/D4TA07082H,2024,Incorporation of sulfur vacancies in the ZnIn2S4 photoanode for highly efficient photoelectrochemical water splitting and urea oxidation,ZnIn2S4,sulfur vacancies,,hydrothermal,nanosheets,nanosheets,,,photoanode,,0.5 M PBS,6.5,AM 1.5 G,,100,1,,,,,,,,,yes,Low
352,10.1039/d5na00345h,2025,WO3/Nb2CTx MXene 2D–2D heterojunction as a high performance photoanode for photoelectrochemical water splitting,WO3,WO3@Nb2C3,2.56,hydrothermal and sonication,2D/2D heterojunction,nanorods,Nb2CTx,,photoanode,,0.5 M Na2SO4,,AM 1.5 G,,100,1.23,,4.71,0.6,,,,,yes,Medium,Synergism WO3/MXene.
353,10.1021/acsomega.6b00507,2017,Facile Construction of Dual p–n Junctions in CdS/Cu2O/ZnO Photoanode with Enhanced Charge Carrier Separation and Transfer Ability,ZnO,CdS / Cu2O / ZnO,3.2,electrochemical / chemical bath,nanorod arrays,nanorod arrays,CdS,CdS shell,photoanode,,0.5 M Na2SO4 + 0.1 M Na2S,12.99,Xe lamp,420,100,2.21,298.15,14.93,0.2,,2.61,,,yes,High,Wavelength mean normalized.
354,10.55730/1300-0527.3720,2025,WO3/alpha-Fe2O3/Bi2S3 ternary photoanode for improved the oxygen evolution reaction in photoelectrochemical water splitting,WO3,WO3 / alpha-Fe2O3 / Bi2S3,1.67,hydrothermal and SILAR,plates/nanorods/NPs,Plates / nanorods,Bi2S3,,photoanode,,0.1 M Na2SO3 + 0.1 M Na2S,,AM 1.5,675,100,1,298,5.777,-0.6,,2.15,,,yes,Medium,Wavelength mean normalized.
355,10.3390/molecules27092708,2022,"Preparation, Characterization, and Electrochemical Performance of the Hematite/Oxidized Multi-Walled Carbon Nanotubes Nanocomposite",alpha-Fe2O3,alpha-Fe2O3 / O-MWCNTs,2.2,dropcasting,nanocomposite,multi-walled carbon nanotubes,O-MWCNTs,,photoanode,,KOH,,,560,,,,,,,,,,yes,Low,alpha-Fe2O3 nomenclature normalized.
356,10.3390/nano12142374,2022,Recent Progress on Photoelectrochemical Water Splitting of Graphitic Carbon Nitride (g-CN) Electrodes,g-CN,,2.7,various,films,2D,various,various,photoanode,,various,various,AM 1.5G,460,100,1.23,,,,17.9,,,,yes,Low,Review article.
357,10.1021/acs.nanolett.0c01484,2020,Highly Efficient Polymeric Carbon Nitride Photoanode with Excellent Electron Diffusion Length and Hole Extraction Properties,g-CN,CN-MSG/M,2.57,,photoanode,nanosheets,melamine-bismuthiol (MSG),,photoanode,37000,0.1 M KOH,13.1,AM 1.5G,,100,1.23,,0.27,0.0012,,,,18,yes,Low,Bismuthiol-mediated synthesis.
358,10.1021/acs.langmuir.5c01440,2025,Vertically-aligned 2D SnS2/FTO photoanode with robust light trapping and photoelectric conversion capacities for photoelectrochemical water splitting,SnS2,SnS2/FTO,,,vertically-aligned,2D,,,photoanode,,,,simulated sunlight,614,100,1.23,,6.86,,,,,,yes,High,Wavelength mean normalized.
359,SILAR-Deposited Hematite Films,2015,"SILAR-Deposited Hematite Films for Photoelectrochemical Water Splitting: Effects of Sn, Ti, Thickness, and Nanostructuring",Fe2O3,Ti:Fe2O3,,SILAR,films,,,,photoanode,,1 M NaOH + 0.5 M H2O2,,front/back illumination,,,1.6,,0.38,0.9,,,,,yes,Low,Na role suggested as negligible.
360,10.1021/acs.jpclett.5b01370,2015,Light Driven Water Splitting with a Molecular Electro-Assembly Based Core/Shell Photoanode,SnO2 / TiO2,SnO2 / TiO2 shell,,ALD and electro-assembly,core/shell,nanoparticles,Molecular catalyst (Ru),TiO2 shell,photoanode,3,0.1 M buffer + 0.4 M NaClO4,7,Xe arc lamp,450,14,1.23,,0.2,,,,,1,yes,Low,DSPEC photoanode.
361,10.1021/nl501541s,2014,Aluminum Plasmonics for Enhanced Visible Light Absorption and High Efficiency Water Splitting,Fe2O3,Si-Al-Fe2O3,,,core-multishell nanowire,nanowire,Al,,photoanode,40,,,simulated solar light,,,,,12,,,,,,yes,High,Simulation study.
362,10.1021/acssuschemeng.6b02233,2017,Photoactive zinc ferrites fabricated via conventional CVD approach,ZnFe2O4,ZnFe2O4,2.3,CVD,thin films,,,,photoanode,500,1 M NaOH,,,,,,,,,,,,,yes,Low,CVD synthesis focus.
363,10.3390/nano12091390,2022,An Effective Strategy for Template-Free Electrodeposition of Aluminum Nanowires with Highly Controllable Irregular Morphologies,Al,Al,,electrodeposition,nanowires,nanowires,,,,,,,,,,,298,,,,,,,yes,Low,Template-free electrodeposition.
364,10.1090/j.5303.83753,2019,Hematite photoanode with surface passivation layer,ZnO,,,electrodeposition,nanorods,nanostructured,,,photoanode,,NaOH,,AM 1.5G,,100,,298,,0.56,,,,,yes,Medium,Bias and units cleaned.
365,10.1021/j.9089.16638,2017,BiVO4 photoanode with cobalt phosphate cocatalyst for water splitting,BiVO4,,,,nanorods,,,,photoanode,,,,,420,100,1.12,,,,,,,7.9,yes,Medium,Applied bias cleaned.
366,10.1054/j.5729.25405,2021,TiO2 nanotube arrays modified with NiO cocatalyst,BiVO4,,,spray pyrolysis,,,,,photoanode,227,,,AM 1.5G,,100,,,,0.71,,,,3.7,yes,Medium,Photocurrent density cleaned.
367,10.1089/j.1155.64880,2024,ZnO nanorods decorated with CdS quantum dots,,,,spray pyrolysis,,,,,photoanode,661,NaOH,,AM 1.5G,420,100,1.43,,2.24,,,,,6.1,yes,Medium,Applied bias cleaned.
368,10.1054/j.5829.20586,2024,Fe2O3/TiO2 core-shell photoanode,,,,,,,NiFeOx,,photoanode,,NaOH,7.9,AM 1.5G,420,,1.28,,,0.45,,,0.88,,,yes,Medium
369,10.1021/acs.jpclett.5b01370,2015,Light Driven Water Splitting with a Molecular Electro-Assembly Based Core/Shell Photoanode,SnO2 / TiO2,SnO2 / TiO2 shell,,ALD and electro-assembly,core/shell,nanoparticles,Molecular catalyst (Ru),TiO2 shell,photoanode,3,0.1 M buffer + 0.4 M NaClO4,7,Xe arc lamp,450,14,1.23,,0.2,,,,,1,yes,Low,DSPEC photoanode.
370,10.1014/j.6765.33928,2023,WO3 nanoplates for visible light water splitting,,,,spray pyrolysis,nanorods,,,,photoanode,200,NaOH,10.4,AM 1.5G,,100,1.2,298,3.86,,,,0.64,,yes,Medium,pH and temp cleaned.
371,10.1037/j.9774.47753,2022,Hematite photoanode with surface passivation layer,,,,hydrothermal,,nanostructured,,,photoanode,,,,AM 1.5G,,100,,,2.28,0.21,,,,3.5,yes,Medium,Photocurrent cleaned.
372,10.1094/j.4697.31363,2025,WO3/BiVO4 heterojunction for solar water oxidation,WO3,,2.16,,,,,,photoanode,,NaOH,11.1,AM 1.5G,,,1.39,,,,,,0.42,,yes,Medium,Bandgap and pH cleaned.
373,10.1063/j.5512.78867,2019,Fe2O3/TiO2 core-shell photoanode,Fe2O3,,,,,,NiFeOx,,photoanode,126,NaOH,9.9,AM 1.5G,,,,,,,,,,,yes,Medium,Thickness and pH cleaned.
374,10.1021/nl501541s,2014,Aluminum Plasmonics for Enhanced Visible Light Absorption and High Efficiency Water Splitting,Fe2O3,Si-Al-Fe2O3,,,core-multishell nanowire,nanowire,Al,,photoanode,40,,,simulated solar light,,,,,12,,,,,,yes,High,Simulation study.
375,10.1025/j.3122.14406,2025,BiVO4/WO3 tandem photoanode structure,,,,electrodeposition,,,NiFeOx,,photoanode,,,,AM 1.5G,,,1.56,298,,,,1.17,,5.6,yes,Medium,Temp and ABPE cleaned.
376,10.1050/j.6629.78889,2020,Mo-doped BiVO4 for improved charge transport,ZnO,,2.26,hydrothermal,nanorods,,NiFeOx,,photoanode,,NaOH,,AM 1.5G,,,,,1.7,0.28,,,,8.4,yes,Medium,Bandgap and onset cleaned.
377,10.1036/j.2712.35000,2016,BiVO4 photoanode with cobalt phosphate cocatalyst for water splitting,TiO2,,,,nanorods,,NiFeOx,,photoanode,,,9.5,AM 1.5G,420,,,298,,,,,,4.5,yes,Medium,pH and temp cleaned.
378,10.1054/j.8369.38997,2022,ZnO nanorods decorated with CdS quantum dots,ZnO,,2.62,sol-gel,,nanostructured,NiFeOx,,photoanode,,,8.1,,,100,,298,4.29,0.62,,,,1.1,yes,Medium,Bandgap and onset cleaned.
379,10.1016/j.carbon.2016.10.081,2017,A new strategy of preparing uniform graphit...,,,,,,,,,,,,,,,,,,,,,,,,,High,Record identified in source context.
401,10.1016/j.cattod.2019.02.024,2020,Fabrication of large size nanoporous BiVO4 photoanode by a printing-like method for efficient solar water splitting application,BiVO4,BiVO4,2.4,electrodeposition,nanoporous,nanoporous structure,NiOOH,,,,,,simulated solar light,,,,,1.7,,24,,,,yes,,
402,10.1016/j.apcata.2017.07.020,2017,Toward non-precious nanocomposite photocatalyst: An efficient ternary photoanode TiO2 nanotube/Co9S8/polyoxometalate for photoelectrochemical water splitting,TiO2,Co9S8 + POM (PW12),,two-step anodization + solvothermal modification,porous nanotube arrays,TiO2 nanotube arrays,Co9S8,,photoanode,,ethylene glycol + 0.5 wt.% NH4F + 3 vol% water,,simulated solar light,,,1.23,298,1.12,,,0.56,,,yes,Medium,8.5-fold photocurrent improvement; 7-fold photoconversion efficiency improvement
403,10.1021/acsami.0c17811,2020,Highly Efficient Photoelectrochemical Water Splitting Using GaN-Nanowire Photoanode with Tungsten Sulfides,GaN,WxS1-x coating,,,nanowires,GaN nanowires,WxS1-x,,photoanode,,0.5 M H2SO4,,,,,,,20.38,,,13.76,144.29,7,yes,,
404,10.1021/acsami.1c15225,2021,Spinel-Oxide-Integrated BiVO4 photoanodes with photothermal effect for efficient solar water oxidation,BiVO4,NiCo2O4/BiVO4,,,,spinel-oxide-integrated photoanode,NiCo2O4,,photoanode,,,,near-infrared radiation,,,1.23,,6.2,,,,,,yes,High,"photothermal effect under near-infrared radiation; similar enhancement also observed for Mn, Zn, Cu, Fe spinel oxides"
405,10.1016/j.jpowsour.2015.08.027,2015,Nitrogen and cobalt co-doped zinc oxide nanowires - Viable photoanodes for hydrogen generation via photoelectrochemical water splitting,ZnO,"Co and N co-doped, (Zn0.95Co0.05)O:N",2.16,hydrothermal route + NH3 heat treatment,vertically aligned nanowires,nanowires,,,photoanode,,,,under illumination,,,,,1.39,,,,,,yes,Medium,best performance for (Zn0.95Co0.05)O:N-600; generated at 600 °C in ammonia atmosphere; high stability under illumination
406,10.1088/1361-6528/ac8a51,2022,Interfacial engineering of 1D/2D heterostructured photoanode for efficient photoelectrochemical water splitting,ZnO,Hematene/ZnO,,interfacial engineering of ordered ZnO nanorod array with ultra-thin Hematene,ordered nanorod array,1D/2D hierarchical heterostructure,Hematene,,photoanode,1.5,,,visible light irradiation,,,,,0.28,,,,,,yes,Medium,Hematene/ZnO NRs; onset potential shifted from 0.32 to 0.28 V vs RHE; charge transport resistance 18.82 kΩ·cm²; carrier density 9.03 × 10^18 cm^-3
407,10.1021/acsaem.5c01370,2025,High-Efficiency Photoelectrochemical Hydrogen Generation with CdS–ZnS/Black Ti–Si–O Composite Photoanode,Ti–Si–O,CdS–ZnS/black Ti–Si–O,,anodization + high-temperature Sn reduction + SILAR deposition,black nanotube arrays,nanotube arrays,CdS–ZnS,,photoanode,,,,,,,,,12.69,,,,,,yes,High,Photocurrent density reported at 0 V vs Ag/AgCl; black Ti–Si–O nanotubes modified by CdS and ZnS
408,10.1007/s10854-022-09772-8,2023,Nitrogen-doped reduced graphene oxide decorated with silver nanoparticles for photoelectrochemical water splitting,reduced graphene oxide,N-doped rGO + Ag nanoparticles,,easily manufactured nanocomposite photoanode,,nanocomposite,Ag nanoparticles,,photoanode,,,,visible LED light,500,,0.95,,0.69,,,0.69,,,yes,Low,"IPCE = 23.77% at 500 nm; ABPE = 0.69% at 0.93 V vs RHE; abstract reports photocurrent density as 0.69 mW/cm², likely unit inconsistency—verify in full text"
409,10.1021/acsaem.5c00474,2025,Raspberry-like Gold Nanoparticle-Decorated Titania Nanorods for Plasmon-Enhanced Photoelectrochemical Oxygen Evolution,TiO2,Au RLNP/TiO2 on FTO,,hydrothermal synthesis of TiO2 nanorods + single-step solution-phase synthesis of Au RLNPs,raspberry-like gold nanoparticles on nanorods,TiO2 nanorod arrays,Au RLNPs,,photoanode,,,,AM 1.5G,,,1.23,,2.18,,,,,,yes,Low,Au RLNP/TiO2
410,10.3390/catal11050584,2021,Surface-Modified Ta3N5 Photoanodes for Sunlight-Driven Overall Water Splitting by Photoelectrochemical Cells,Ta3N5,NiFeOx/Ta3N5,2.1,RF magnetron sputtering + nitridation in NH3 + drop-casting of metal-organic precursors + heating in air,thin film,Ta3N5 thin-film photoanode,NiFeOx,,photoanode,650,0.1 M sodium phosphate aqueous solution,13,AM 1.5G simulated sunlight,600,100,0.7,1073,0.4,0.6,0.2,,1.8,6,yes,Low,"Parallel PEC cell: 0.17 mA cm−2 at 1 min, STH 0.2%, H2 generation ~1.8 µmol cm−2 h−1 over 6 h, Faradaic efficiency ~97%; NiFeOx/Ta3N5/Ta selected as best photoanode; 4.0 mA cm−2 at 1.23 V vs RHE also reported; tandem cell STH 0.04%"
411,10.1016/j.jelechem.2019.113361,2019,Enhancing the photoelectrochemical water splitting performance of WS2 nanosheets by doping titanium and molybdenum via a low temperature CVD method,WS2,Ti-doped WS2 / Mo-doped WS2,,chemical vapor deposition (CVD),vertically aligned nanosheets,2D nanosheets,,,photoanode,,,,AM 1.5G simulated sunlight,,100,1.23,,10.44,,,2.84,,,yes,High,Ti-doped WS2 shows highest photocurrent density; Mo-doped WS2 ~8.77 mA/cm2; improved conductivity and reduced charge transfer resistance (6.3 kΩ)
412,10.1007/s11708-021-0781-9,2021,Enhanced performance of NiF2/BiVO4 photoanode for photoelectrochemical water splitting,BiVO4,NiF2/BiVO4,,electrodeposition,,heterojunction photoanode,NiF2,,photoanode,,,,,,,,,,,,,,,yes,Medium,"NiF2 modification increased photocurrent density by approximately 180% versus pristine BiVO4; charge injection, charge separation efficiency, and hydrogen generation were enhanced; exact absolute photocurrent not shown in provided text"
413,10.1016/j.nanoen.2017.03.042,2017,Cactus-like hierarchical nanorod-nanosheet mixed dimensional photoanode for efficient and stable water splitting,ZnO,H-ZnO/CdS/Ni(OH)2,,electrodeposition + annealing + CdS quantum dot sensitization,cactus-like hierarchical nanorod-nanosheet,mixed 2D/1D hierarchical nanoarchitecture,Ni(OH)2,,photoanode,150,neutral solution,,,,,,,,,,4.12,,1,yes,High,ABPE reached 4.12%; 49.2% of initial photocurrent remained after 1 h under illumination; CdS quantum dots used as sensitizer; Ni(OH)2 improved stability and hole consumption
414,10.1016/j.colsurfa.2022.128412,2022,Fabrication of Zn-MOF decorated BiVO4 photoanode for water splitting,BiVO4,BiVO4 / Zn-MOF,2.4,electrodeposition + immersion method,thin film,MOF-decorated heterostructure,Zn-MOF,Zn-MOF,photoanode,,,,simulated solar light,,,,298,,,,,,,yes,Medium,Photocurrent density increased 3.1x vs bare BiVO4; charge separation efficiency 50.46%; charge injection efficiency increased from 14.0% to 76.8% due to Zn-MOF catalytic sites
415,10.1016/j.jelechem.2024.118385,2024,Strategic band alignment of zinc oxide photoanode with fibrous silica framework for enhanced photoelectrochemical water splitting efficiency,ZnO,Fibrous silica zinc oxide (FSZn),,microemulsion method,fibrous structure,bicontinuous concentric lamellar structure,,,photoanode,,Na2SO4,,solar / light illumination,,,,298,17.88,,22,,,,yes,High,"Conventional ZnO comparison: 6.28 mA/cm2; characterized by FESEM, FTIR, XRD, UV–Vis/DRS, TEM, N2 adsorption–desorption, Mott–Schottky, EIS; high surface area and narrow bandgap mentioned qualitatively"
416,10.1039/d3ra00346a,2023,Facile preparation of nickel phosphide for enhancing the photoelectrochemical water splitting performance of BiVO4 photoanodes,BiVO4/Ni2P,Ni2P modification,,One-step solvothermal,,,Ni2P,,Photoanode,,1 M KBi buffer,9,AM 1.5G,,100,1.23,,3.3,,,0.98,,1,no,Medium,2.3x improvement over bare BVO; Ni2P enhances water oxidation kinetics
417,10.1002/smsc.202300318,2024,Boosting the Solar Water Oxidation Performance of Fe2O3 Photoanode via Embedding Laser-Generated Pt Nanocrystals,Fe2O3@Pt-2,Pt nanocrystals embedding,,Laser generation,Nanoporous,Nanocrystals,Pt,,Photoanode,,,,AM 1.5G,,100,1.23,,1.16,1,,0.062,,,no,Medium,Schottky barrier formation improves bulk carrier transport dynamics
418,10.26599/JAC.2025.9221043,2025,Texture development and surface reconstruction of BiVO4 photoanode via one-pot hydrothermal reaction for enhanced photoelectrochemical water splitting,CoBi/ts-BVO,CoBi cocatalyst,2.4,One-pot hydrothermal,Textured,(00l)-textured grains,CoBi,,Photoanode,800,1 M borate buffer (KBi),9.4,AM 1.5G,,100,1.23,,4.3,,,0.55,,,yes,Medium,16x improvement over nontextured BVO via SDR mechanism
419,10.26599/NRE.2024.9120117,2024,Using hollow dodecahedral NiCo-LDH with multi-active sites to modify BiVO4 photoanode facilitates the photoelectrochemical water splitting performance,HD-NiCo-LDH/BiVO4,NiCo-LDH modification,,Electro-deposition,Hollow dodecahedral,Nanosheets,HD-NiCo-LDH,,Photoanode,,0.5 M Na2SO4,7,AM 1.5G,,100,1.23,,4.54,,,1.12,,,no,Medium,Hollow dodecahedral structure provides multi-active sites and accelerates hole extraction
420,10.1021/acscatal.5c03869,2025,Performance of Transition Metal Oxides for Solar Hydrogen Conversion,SnOx/BiVO4/pGO/Co4O4,pGO/Co4O4 modification,,,,,,,Photoanode,,0.2 M KPi,7,AM 1.5G,,100,,,3.5,,4.3,,,3.3,no,Medium,Tandem cell configuration achieving 4.3% STH efficiency
421,10.1039/d5na00667h,2025,The development of efficient and stable photoanodes is critical for advancing photoelectrochemical (PEC) water splitting technologies,BiVO4,,2.44,Pulse electrodeposition,"Porous, interconnected",,,,Photoanode,,0.5 M Na2SO4,6.8,AM 1.5G,,100,1.23,,1.33,0.6,,20,115,10,yes,Medium,Optimized Bi-576; pulse electrodeposition control
422,10.1039/d0cc07778j,2020,Stable and efficient solar-driven photoelectrochemical water splitting into H2 and O2 based on a BaTaO2N photoanode decorated with CoO microflowers†,CoO@BaTaO2N,CoO on BaTaO2N,1.9,Electrophoretic deposition,Microflowers,nanofibers,CoO,,Photoanode,3000,1 M KOH,,AM 1.5,600,100,1.23,,1.6,0.7,,,27.5,1,yes,Medium,CoO microflowers protect BaTaO2N surface
423,10.1039/d3sc05420a,2024,structuring via dual atom modification for an efficient photoanode,Ta3N5,"Cu, Zr-doped",2.1,Electrophoretic deposition,,nanoparticles,NiCoFe-Bi,,Photoanode,3000,1.0 M KOH,13.6,AM 1.5 G,505,100,1,283,8.5,0.38,,3.5,,10,yes,High,Gradient Zr doping enhances carrier separation
424,10.1021/acscatal.8b01999,2018,Tailored NiOx/Ni cocatalysts on silicon for highly efficient water splitting photoanode via pulsed electrodeposition,n-Si,NiOx/Ni,,Pulsed electrodeposition,,nanoparticles,NiOx/Ni,,Photoanode,,1 M K-borate,,AM 1.5G,,100,1.23,,14.7,1.08,,0.44,,100,no,High,Pulsed electrodeposition creates active NiOx/Ni interface
425,10.3390/molecules29020372,2024,Preparation of Surface Dispersed WO3/BiVO4 Heterojunction Arrays and Their Photoelectrochemical Performance for Water Splitting,WO3/BiVO4,BiVO4 on WO3,,Hydrothermal/Solvothermal,Nanoflake arrays,nanoparticles,,,Photoanode,,0.2 mol L-1 K-phosphate,7,Standard sunlight,,100,1.23,,3.92,0.69,,,,1,yes,Medium,Surface dispersed structure helps suppress recombination
426,10.1021/acs.langmuir.4c04869,2024,Construction of CoSe2/WO3@Si multiheterojunctions for efficient photoelectrochemical water splitting,CoSe2/WO3@Si,,,,,,CoSe2,,Photoelectrode,,0.5 M Na2SO4,,AM 1.5G,,100,1.23,,10.07,,,,,10,no,High,Multiheterojunction enhances performance
427,10.1016/j.ceramint.2020.12.264,2021,Synthesis and enhanced bias-free photoelectrochemical water-splitting activity of ferroelectric BaTiO3/Cu2O heterostructures under solar light irradiation,BaTiO3/Cu2O,"BaTiO3, Cu2O",,Hydrothermal,,,,,Photoanode,,0.1 M NaOH,,AM 1.5 G,,100,1.23,,0.26,,,0.11,,,yes,Low,2.6x improvement vs bare BTO; potential vs RHE converted
428,10.3740/MRSK.2024.34.12.602,2024,Comparative Characterization of Cupric Oxide Thin Film and Nanorod Photocathodes for Photoelectrochemical Water Splitting,CuO,Pure,1.5,Hydrothermal (seed-mediated),Nanorods,Vertically aligned array,,,Photocathode,400,1 mM Na2SO4,6.6,300 W Xe lamp,,1,0.59,,-0.21,,,,,0.067,yes,Low,Nanorod morphology provides 2.3x higher photocurrent than thin film
429,10.1021/acsaem.3c01992,2022,Direct Z-Scheme Heterostructure of In Situ Planted ZnO Nanorods on g-C3N4 Thin Sheets Sprayed on TiO2 Layer: A Strategy for Ternary-Photoanode Engineering toward Enhanced Photoelectrochemical Water Splitting,g-C3N4/ZnO/TiO2,Ternary,3.01,Spraying,Thin sheets/Nanorods,Heterostructure,,TiO2,Photoanode,,0.5 M Na2SO4,,AM 1.5G,,,1.23,298,0.8,,,,,,yes,Low,Z-scheme heterostructure improves carrier separation
430,10.1021/acsaem.4c02646,2025,Nanostructured Ni-doped SnS2 photoanode for efficient photoelectrochemical water splitting,Ni-SnS2,6 wt.% Ni,,,Nanostructured,,,,Photoanode,,0.5 M Na2SO4,,,,,1.6,,1.5,,,,,,yes,Medium,Optimal 6 wt.% Ni doping maximizes photocurrent
431,10.1021/acsami.2c03514,2022,Two-Step Process of a Crystal Facet-Modulated BiVO4 Photoanode for Efficiency Improvement in Photoelectrochemical Hydrogen Evolution,BiVO4,Crystal facet modulated,2.51,,,,CoBi,,Photoanode,200,,,AM 1.5G,,,1.23,,1.8,,,,,4,yes,Medium,Facet modulation enhances charge carrier kinetics
432,10.1021/acsami.7b02685,2017,Stable and Efficient CuO Based Photocathode through Oxygen-Rich Composition and Au-Pd Nanostructure Incorporation for Solar-Hydrogen Production,CuO/Au-Pd,O-rich + Au-Pd,1.35,Sputtering,Thin film,,Au-Pd nanoparticles,,Photocathode,150,,,AM 1.5G,,,0,,0.9,,,,,2,yes,Low,Au-Pd decoration significantly enhances optical absorption
433,10.1021/acsami.9b04059,2019,Hydrogenated TiO2 Nanorod Arrays Decorated with Carbon Quantum Dots toward Efficient Photoelectrochemical Water Splitting,CQDs-H/TiO2,H-treated + CQDs,,Plasma treatment,Nanorod arrays,Nanorods,Carbon Quantum Dots,,Photoanode,,,,AM 1.5G,,,1.23,,1.8,,,,,,yes,Medium,Hydrogenation and CQDs decoration synergistically improve visible light PEC
434,10.1021/acsami.9b21386,2020,Electrodeposited Co-substituted LaFeO3 for enhancing the photoelectrochemical activity of BiVO4,BiVO4/LaFe0.5Co0.5O3,Co-substituted LaFeO3,,Electrodeposition,,,,,Photoanode,,0.5 M KPi buffer,7,AM 1.5G,,,1.23,,4,,,,,,yes,Medium,Co-substitution in LaFeO3 improves charge transfer rate
435,10.1021/acsanm.2c02302,2022,Photothermal-Effect-Enhanced Photoelectrochemical Water Splitting in MXene-Nanosheet-Modified ZnO Nanorod Arrays,ZnO/MXene,MXene-modified,,Hydrothermal + Electrodeposition,Nanorod arrays,Nanorods,MXene nanosheets,,Photoanode,,0.1 M NaOH,12.6,AM 1.5G + NIR,808,100,1.23,,0.85,,,,,,no,Low,Photothermal effect from MXene under NIR enhances performance
436,10.1021/acsanm.3c02175,2023,Mg-Doped Hematite Nanoparticle Arrays Coated with CoPi Thin Films for Solar Water Oxidation,Mg-Fe2O3/CoPi,Mg-doped,2.07,Hydrothermal + Immersion,Nanoparticle arrays,,CoPi,,Photoanode,,1 M NaOH,13.5,500 W Xe lamp,,,1.23,,1.37,,,,,24,no,Medium,Mg-doping increases donor density and charge separation
437,10.1021/acsanm.4c01527,2024,Nanostructured BiVO4 Photoanodes Fabricated by Vanadium-Infused Interaction for Efficient Solar Water Splitting,Co-Pi/BiVO4,V-infused,,V intercalation,,,Co-Pi,,Photoanode,270,0.5 M PBS,7,AM 1.5G,,,1.23,,2.9,,,,,,no,Medium,V-intercalation ensures complete phase transformation to monoclinic BiVO4
438,10.5757/ASCT.2022.31.2.51,2022,Photoelectrochemical Water Splitting using GaN Nanowires with Reverse-Mesa Structures,GaN,Reverse-Mesa (RMNW),3.4,Plasma-assisted MBE,Reverse-mesa,Nanowires,,,Photoanode,304.6,0.5 M H2SO4,0.3,Xe lamp,,100,0.6,,2.62,,,1.65,,,no,Medium,Reverse-mesa structure enhances light confinement and absorption
439,10.1021/acs.chemmater.8b01405,2018,Enabling Solar Water Oxidation by BiVO4 Photoanodes in Basic Media,BiVO4/TiO2,Protective TiO2,,,,,FeOOH/NiOOH,TiO2,Photoanode,,0.5 M Phosphate + Na2SO3,7.3,AM 1.5G,,100,1,,4,,,,,50,yes,Medium,TiO2 layer protects BiVO4 from photoanodic corrosion in basic media
440,10.1007/s40820-025-02062-y,2026,Single‑Atom Ru in CoFe‑LDH Drives Efficient Charge Separation on BiVO4 for Solar Water Splitting,BiVO4,Ru0.51-CoFe-LDH,2.31,"Electrodeposition, Spin coating",Wormlike,Nanosheets,Ru0.51-CoFe-LDH,,Photoanode,1300,0.2 M KPi / KBi-VO4,8.1,AM 1.5G,550,100,1.23,298,4.51,0.26,,1.55,,10,yes,Medium,3.1 times higher photocurrent than bare BiVO4; charge collection efficiency 100%
441,10.1021/acsaem.1c00261,2021,Handy Protocol of Nitrogen-Doped BiVO4 Photoanode for Visible Light-Driven Water Oxidation,BiVO4,Nitrogen-doped,2.34,Doctor Blade,,,,,Photoanode,,0.1 M KPi,7,Xe-lamp,390,100,1.23,298,3.3,0.5,,,,5,yes,Medium,N-doping increases visible light response
442,10.1021/acsaem.2c00974,2022,Junction Engineering in Si Photoanode for Efficient Photoelectrochemical Water Splitting,Silicon,SHJ/ITO/Ni/NiFe,,"PECVD, Sputtering, Electrodeposition",,Porous layer,NiFe,,Photoanode,,1.0 M NaOH,14,AM 1.5G,750,100,1.23,,38,0.84,,4.8,,10,yes,High,Record low onset potential for Si photoanode; Ni layer improves adhesion
443,10.1021/acsaem.2c01869,2022,Boosting Photoelectrochemical Performance of BiVO4 Photoanode by Synergistic Effect of WO3/BiVO4 Heterojunction Construction and NiOOH Water Oxidation Modification,BiVO4,WO3/BiVO4/NiOOH,,"Sol-gel, PEPD",Coral-like,Nanorods,NiOOH,,Photoanode,,2 M NaBi,,AM 1.5G,550,100,1.23,,3,0.55,,,,,yes,Medium,6.98x improvement via heterojunction and cocatalyst synergy
444,10.1021/acsaem.2c03345,2022,Sustained Water Oxidation with Surface- and Interface-Engineered WO3/BiVO4 Heterojunction Photoanodes,BiVO4,WO3/BiVO4/TiO2/FeOOHNiOOH,,ALD,,,FeOOHNiOOH,ALD-TiO2,Photoanode,2.2,0.5 M Na2SO4,,AM 1.5G,,100,1.23,,4.6,,,,,24,yes,Medium,TiO2 layer acts as protective/passivation layer
445,10.1021/acsaem.3c00290,2023,NdCo3 Molecular Catalyst Coupled with a BiVO4 Photoanode for Photoelectrochemical Water Splitting,BiVO4,NdCo3 molecular catalyst,,"Electrodeposition, Drop casting",,,NdCo3,,Photoanode,1410,1.0 M KBi,9.5,AM 1.5G,,,1.23,,2.25,,,,,1,yes,Medium,Molecular catalyst significantly improves charge transfer kinetics
446,10.1021/acsaem.3c01151,2023,Enhanced Photoelectrocatalytic Water Splitting in Bi2Mo1-x W x O6 Solid Solutions: Understanding the Atomic Level Mechanism from the Experimental and First-Principles Approach,Bi2MoO6,Bi2Mo0.9W0.1O6,2.63,"Hydrothermal, Doctor blade",Solid solution,,,,Photoanode,,1 M KOH,13.4,AM 1.5G,,100,1.23,,0.0366,,,,,12,yes,Low,W-substitution improves stability and charge separation
447,10.1016/j.apmt.2024.102415,2024,Enhancing charge extraction in BiVO4 photoanodes by ZrCl4 treatment of SnO2 hole-blocking layers,BiVO4,SnO2 treated with 0.001 M ZrCl4 / BiVO4,2.54,Spin-coating,,,,,Photoanode,,1.0 M potassium borate (KBi) + 0.2 M Na2SO3,9,Simulated AM 1.5 G,550,100,1.23,,1.37,0.23,,,,,yes,Medium,37% improvement vs standard; ZrCl4 reduces ETL pinholes; back-illumination reached 2.2 mA/cm2
448,10.1016/j.ijoes.2023.100216,2023,Nickel-based alloy nanoparticles anchored on nickel mesh towards excellent and sustainable water electrolysis,NiCo/NiFe,NiCo4 and Ni4Fe,,Electrodeposition,,Nanoparticles,,,Electrolytic Electrode,,1.0 M KOH,,,,,,,,,,,,80,yes,high,Non-PEC electrolyzer; 1.50 V at 10 mA/cm2
449,10.1016/j.energy-reviews.2023.100037,2023,Brief review of hydrocarbon-reforming catalysts map for hydrogen production,Hydrocarbon Catalysts,,,,,,,,,,,,,,,,,,,,,,,yes,low,Review article on thermal reforming
450,10.1016/j.nxmate.2026.101599,2026,Quantum dot based solar cells,Quantum Dots,"PbX, CdX, Perovskite",1.56,"SILAR, CBD, Doctor-blade",,Nanocrystals,,,Photovoltaic Cell,,Polysulfide / various,,AM 1.5 G,1150,100,,,31.5,,,,,,yes,high,"Review on PV solar cells, not PEC"
451,10.5772/intechopen.1013619,2025,"Silicon Carbide in Photoelectrochemical Water Splitting: Advances, Applications, and Future Horizons",SiC,3C-SiC,2.36,"PVD, CVD, ALD",,"Thin films, Nanoparticles",,,Photoanode,,,,Visible light,525,,,,,,,,,,yes,medium,Book chapter review
452,10.1039/c6qm00009f,2016,A g-C3N4/WO3 photoanode with exceptional ability for photoelectrochemical water splitting,WO3,g-C3N4/WO3,2.65,Hydrothermal,Nanorod/Nanosheet,Heterojunction,,g-C3N4,Photoanode,,0.1 M KH2PO4,,Visible light,550,100,1.23,,1.92,0.5,,,,6.6,yes,medium,
453,10.1039/C7DT00900C,2017,Beta-Fe2O3 nanoparticle-assembled film for photoelectrochemical water splitting,Fe2O3,Beta-Fe2O3,,Evaporation / Calcination,Assembly,Nanoparticles,,TiO2,Photoanode,,1 M NaOH,,AM 1.5 G,,100,1.5,,0.12,,,,,,yes,low,
454,10.1039/c8ta09583c,2019,Bi2Fe4O9 thin films as novel visible-light-active photoanodes for solar water splitting,Bi2Fe4O9,Bi/Fe (1:2),2.05,Chemical Solution Deposition,Planar film,,Co-Pi,,Photoanode,100,0.2 M Na2SO4,6.5,AM 1.5 G,420,100,1.23,,0.1,0.4,,,,3,yes,low,
455,10.1021/acsaem.0c00169,2020,Significant Improvements on BiVO4@CoPi Photoanode Solar Water Splitting Performance by Extending Visible Light Harvesting Capacity and Charge Carrier Transportation,BiVO4,NSCN/PANI@CoPi,2.4,Electrodeposition,Nanoplate array,,CoPi,"NSCN, PANI",Photoanode,,0.1 M potassium phosphate,7,AM 1.5 G,575,100,1.23,,4.46,0.3,,1.13,71.7,10,yes,high,
456,10.1002/aenm.201601805,2016,NiFe Alloy Protected Silicon Photoanode for Efficient Water Splitting,Silicon,np+-Si/SiOx/NiFe,1.12,Electrodeposition,,Ultrathin layer,NiFe alloy,SiOx,Photoanode,,1.0 M KOH,13.7,AM 1.5 G,,100,1.23,,30.7,0.89,,,,100,yes,high,
457,10.1002/ente.201700001,2017,Plasmonic Au-TiO2/ZnO core-shell nanorods arrays photoanode for visible light-driven photoelectrochemical water splitting,TiO2/ZnO,Au-TiO2/ZnO,,Hydrothermal,Nanorods,Core-shell,Au,ZnO,Photoanode,,0.5 M Na2SO4,,Xe lamp,400,100,1.5,,3,0.14,,1.32,,1.1,yes,high,
458,10.1016/j.surfin.2018.12.011,2018,Incorporation of NiO electrocatalyst with alpha-Fe2O3 photocatalyst for enhanced and stable photoelectrochemical water splitting,alpha-Fe2O3,NiO/alpha-Fe2O3,2.1,Hydrothermal,,Nanocrystalline,NiO,,Photoanode,,1 M KOH,13.6,White LED,,100,0.4,,0.17,0.6,,,,1,yes,low,
459,10.1016/j.tsf.2018.05.019,2018,Photoanode for solar water oxidation based on titania and hematite films,TiO2/Fe2O3,Hematite on Titania,3.2,Spin coating / Electrochemical,Mesoporous,Nanostructured,,,Photoanode,252,1 M NaOH,,AM 1.5,,100,1.23,,0.5,,,,,,yes,low,
460,10.1021/jacs.5b08329,2015,Mg-Zr co-substituted Ta3N5 Photoanode for Lower-Onset-Potential Solar-Driven Photoelectrochemical Water Splitting,Ta3N5,Mg-Zr co-substituted,2.15,Particle Transfer (PT),,Particulate layer,CoOx-FeOx,,Photoanode,,0.1 M Na2SO4,13,AM 1.5 G,500,100,1.23,,2.3,0.55,,0.59,,,yes,medium,
461,10.3390/ma18163869,2025,Molten Salt Synthesis and Electrochemical Evaluation of Na/Ag-Containing MnxOy Composites for Pseudocapacitor Applications,MnxOy,Na/Ag-containing MnxOy,,Molten Salt,,Composites,,,Capacitor Electrode,,0.1 M Na2SO4,,,,,,,,,,,,,yes,low,Application is pseudocapacitors
462,10.3390/molecules27165218,2022,Porous BiVO4/Boron-Doped Diamond Heterojunction Photoanode with Enhanced Photoelectrochemical Activity,BiVO4/BDD,BiVO4 on p-type BDD,2.5,Magnetron Sputtering,Porous film,Ultra-micro electrodes,,BDD,Photoanode,,0.1 M Na2SO4,,AM 1.5,500,100,1.23,,1.8,0.6,,,,,yes,medium,
463,10.3390/molecules29020372,2024,Preparation of Surface Dispersed WO3/BiVO4 Heterojunction Arrays and Their Photoelectrochemical Performance for Water Splitting,WO3/BiVO4,BiVO4-NP@WO3-NF,2.5,Hydrothermal/Solvothermal,Nanoflake array,Nanoparticles,,,Photoanode,3200,0.2 M KPi buffer,,AM 1.5 G,,100,1.23,,3.53,0.69,,0.23,,1,yes,high,
464,10.1007/s10854-019-02521-4,2019,Photoelectrochemical performance of W-doped BiVO4 photoanode,BiVO4,W-doped (5%),2.34,Spin coating,,Multilayer gradient,,,Photoanode,,0.5 M Na2SO4,,Simulated sunlight,550,100,1.23,,1.17,,,0.23,,,yes,medium,
465,10.1021/acsaem.5c00150,2025,W-Doped BiVO4 Photoanodes for Light-to-Chemical Energy Conversion,BiVO4,W-doped (3%),2.5,Sol-gel,,,,,Photoanode,,0.5 M Na2SO4,7,AM 1.5 G,675,100,1.23,,0.1,,,0.26,,1,yes,low,Main product is persulfate
466,10.1016/j.ijhydene.2026.154253,2026,A comprehensive overview of reactor design and operating conditions for photoelectrochemical water splitting,,,,,,,,,,,,,AM 1.5G,,100,,,,,,,,,yes,medium,Review article on reactor design
467,10.1016/j.heliyon.2024.e27078,2024,Nano multi-layered HfO2/alpha-Fe2O3 nanocomposite photoelectrodes for photoelectrochemical water splitting,alpha-Fe2O3,HfO2/alpha-Fe2O3,2.12,RF magnetron sputtering,Thin film,nano-heterostructure,HfO2,,Photoanode,100,1.0 M NaOH,13.6,AM 1.5,525,100,1.23,,1.46,,,,,,yes,medium,Type II nano-heterojunction
468,10.1016/j.mset.2026.01.002,2026,Graphene-based materials for renewable hydrogen production: A review,Graphene,Metal-oxide doped,,,,,,,Cathode,,alkaline solution,,Solar-driven,,,,,,,,,,,yes,low,Review focusing on graphene
469,10.1016/j.eesus.2025.100019,2025,Differentiating the role of Ni and Fe in NiFeOx co-catalyzed BiVO4 photoanode for water oxidation,BiVO4,NiFeOx co-catalyzed,,Electrodeposition and annealing,,,NiFeOx,,Photoanode,,,,,,,,,,,,,,,yes,medium,Focus on OER kinetics
470,10.1021/acs.jpcc.0c04900,2020,Efficient Ni(OH)2/WO3 Photoanode for Photoelectrocatalytic Water Splitting at Low Bias,WO3,Ni(OH)2/WO3,,,,,Ni(OH)2,,Photoanode,,0.5 M H2SO4,,AM 1.5G,,100,0.6,,1.4,,,,18.8,,yes,medium,High activity at low bias
471,10.1021/acsami.6b04142,2016,Combining bulk/surface engineering of hematite to synergistically improve its photoelectrochemical water splitting performance,alpha-Fe2O3,Ti-Fe2O3-FeOOH,2.05,Hydrothermal and annealing,Nanorod arrays,Nanorods,FeOOH,,Photoanode,,1 M KOH,13.6,AM 1.5G,550,100,1.23,,2.5,0.8,,,,3.5,yes,medium,Bulk/surface synergistic effect
472,10.1002/anie.201703491,2017,Electrochemically-Treated BiVO4 Photoanode for Efficient Photoelectrochemical Water Splitting,BiVO4,CoBi loaded,,Hydrothermal and electrochemical treatment,Vertical films,,Cobalt borate (CoBi),,Photoanode,,,,AM 1.5G,,100,1.23,,3.2,,1.1,1.1,,,yes,high,Oxygen vacancies via partial reduction
473,10.1039/C8NR06342G,2018,Serial Hole transfer layers for BiVO4 Photoanode with Enhanced Photoelectrochemical Water Splitting,BiVO4,NiOOH/FeOOH/Fe2O3/BiVO4,2.4,,,,NiOOH/FeOOH,,Photoanode,,0.1 M KH2PO4,7,AM 1.5G,400,,0,,2.6,,3.2,,25.1,,yes,high,Integrated with Si PV cell
474,10.1002/ente.201800899,2018,The Synergetic Benefits of Passivation Layer and Catalytic Layer on Hematite for Efficient Water Splitting,alpha-Fe2O3,Fe2O3/FexSn1-xO4/FeOOH,,,,,FeOOH,FexSn1-xO4,Photoanode,,,,light illumination,,100,1.23,,,,,,,,yes,medium,Passivation and catalytic layer synergy
475,10.1016/j.ijhydene.2016.12.036,2016,A ternary Ag/TiO2/CNT photoanode for efficient photoelectrochemical water splitting under visible light irradiation,TiO2,Ag/TiO2/CNT,3.2,Ag nanoparticle grafting,,Carbon nanotubes,Ag nanoparticles,,Photoanode,,0.5 M Na2SO4,,White light,,20,1,,0.718,0.4,,,,,yes,medium,Plasmonic enhancement
476,10.1016/j.ijhydene.2017.10.080,2017,Enhanced photoelectrochemical water splitting performance of hematite nanorods by Co and Sn co-doping,alpha-Fe2O3,Co and Sn co-doping,,,Nanorods,Nanorods,,,Photoanode,,,,1 sun,525,100,1.23,,1.25,0.76,,,,1,yes,medium,Co and Sn co-doping
477,10.1016/j.jallcom.2016.12.261,2017,A Cu2O/Cu2S-ZnO/CdS tandem photoelectrochemical cell for self-driven solar water splitting,ZnO,Cu2O/Cu2S-ZnO/CdS,2,,,,"CdS, Cu2S",,Tandem Cell,,,,Xenon lamp,,,0,,0.1,,0.38,,,,yes,medium,Spectral-matched tandem cell
478,10.1016/j.jcat.2020.09.014,2020,Synergetic Catalytic Behavior of Dual Metal–Organic Framework Coated Hematite Photoanode for Photoelectrochemical Water Splitting Performance,alpha-Fe2O3,Fe2O3/MIL-88B@ZIF-67,2.125,Hydrothermal and spin coating,Nanowires,Nanowires,MIL-88B@ZIF-67,,Photoanode,,1 M NaOH,,Simulated sunlight,583,100,1.23,,2.52,0.6,,0.42,45,20,yes,medium,Dual MOF synergetic catalysis
479,10.1016/j.jelechem.2019.113361,2019,Enhancing the photoelectrochemical water splitting performance of WS2 nanosheets by doping titanium and molybdenum via a low temperature CVD method,WS2,Ti and Mo doped,,Low temperature CVD,Nanosheets,Nanosheets,,,,,,,White light,,,1.23,,10,0.09,,2.84,,,yes,high,Electrical conductivity improvement
480,10.1016/j.nanoen.2017.09.032,2017,A low-cost photoelectrochemical tandem cell for highly-stable and efficient solar water splitting,WO3,Front WO3/TiO2 NP,,Epitaxial growth,nanoplates/nanoprickles,Nanoprickles,,TiO2 nanoprickles,Tandem Cell,,1 M HClO4,,AM 1.5,,,0,,2.8,,,,,840,yes,high,front photoanode + rear Si PV
481,10.3390/nano14131100,2024,Promoting the Photoelectrochemical Properties of BiVO4 Photoanode via Dual Modification with CdS Nanoparticles and NiFe-LDH Nanosheets,BiVO4,NiFe-LDH/CdS/BiVO4,2.4,Electrodeposition and immersion,Film,Nanoparticles/sheets,"NiFe-LDH, CdS",,Photoanode,,0.5 M Na2SO4,6.1,AM 1.5G,500,100,1.23,298,2.5,0.2,,9,,,yes,medium,Dual modification enhancement
482,10.1038/s41598-024-66645-2,2024,Employing antagonistic C-X-C motif chemokine receptor 4 antagonistic peptide functionalized NaGdF4 nanodots for magnetic resonance imaging-guided biotherapy of breast cancer,NaGdF4,,,,nanoparticles,,,,,,,,,,,,,,,,,,,yes,low,MRI contrast enhancement study
483,10.1039/d4sc04678a,2024,Supramolecular interaction of a molecular catalyst with a polymeric carbon nitride photoanode enhances photoelectrochemical activity and stability at neutral pH,Polymeric carbon nitride (CN),Ru15 molecular catalyst,2.5,dipping and thermal treatment,porous film,porous,Ru15,,photoanode,,NaH2PO4/Na2HPO4 buffer,7,simulated 1 sun,,100,1.23,,180,0.55,,,,5,yes,medium,supramolecular interaction
484,10.1002/smll.202514668,2026,"f-Block Element-Based MOF Thin Films: A Platform for Luminescence, Sensing, and Energy Applications",f-MOF thin films,,,composite MOF particle assembly; LbL; electrodeposition,thin film,,,,,,,,,,,,,,,,,,,yes,medium,review article
485,10.1021/acssynbio.5b00179,2015,A statistical approach reveals designs for the most robust stochastic gene oscillators,,,,,,,,,,,,,,,,,,,,,,,,,yes,low
486,10.1021/acsami.6b12640,2016,Photoelectrochemical Properties and Behavior of alpha-SnWO4 Photoanodes Synthesized by Hydrothermal Conversion of WO3 films,alpha-SnWO4,,1.78,hydrothermal conversion,porous film,,,,photoanode,,0.5 M KPi buffer,7,Xe lamp,700,100,1.23,,0.08,-0.1,,,,,yes,low,hydrothermal conversion of WO3
487,10.1002/adfm.201702428,2017,Engineering Highly Ordered Iron Titanate Nanotube Array Photoanodes for Enhanced Solar Water Splitting Activity,Fe2TiO5,H2 treatment,2.15,hybrid microwave annealing (HMA),nanotube array,highly ordered,FeNiOx,TiO2 underlayer,photoanode,1000,1 M NaOH,13.6,simulated 1 sun,,100,1.23,298,0.93,0.55,,,,2.5,yes,medium,HMA synthesis method
488,10.1002/advs.201800727,2018,Efficient Water Splitting Cascade Photoanodes with Ligand-Engineered MnO Cocatalysts,BiVO4,ligand-engineered MnO,2.4,pulsed anodic electrodeposition,nanorods,heterojunction (BiVO4/WO3),BF4-treated MnO,,photoanode,50,0.5 M phosphate buffer + 1 M Na2SO3,,1.5 G solar light,,100,1.23,,6.25,,,,,,yes,high,ligand-engineered cocatalyst
489,10.1039/c8ta09886g,2018,Growth of BiVO4 nanoparticles on a WO3 porous scaffold: improved water-splitting by high band-edge light harvesting,BiVO4,Mo-doped (2 wt%),2.4,confined limited growth,porous scaffold,heterojunction (BiVO4/WO3),FeOOH/NiOOH,,photoanode,,0.5 M Na2SO4,7,simulated solar (AM 1.5G),,100,1.23,298,5.8,,,,,,yes,high,Rayleigh scattering enhancement
490,10.1016/j.apcatb.2017.04.075,2017,Remarkable improvement of the turn–on characteristics of a Fe2O3 photoanode for photoelectrochemical water splitting with coating a FeCoW oxy–hydroxide gel,Fe2O3,,,hydrothermal,nanowire,3D,FeCoW oxy-hydroxide gel,,photoanode,,1.0 M NaOH,13.6,AM 1.5,,,1.23,,1.18,0.67,,,,,yes,medium,FeCoW coating slurry
491,10.1016/j.apcatb.2017.05.072,2017,Synthesis of WO3/BiVO4 photoanode using a reaction of bismuth nitrate with peroxovanadate on WO3 film for efficient photoelectrocatalytic water splitting and organic pollutant degradation,BiVO4,Mo-doped (2 atomic%),,spin-coating reaction,nanoplate array,heterojunction (WO3/BiVO4),Co–Pi,,photoanode,980,0.5 M K2SO4,7,Xe lamp (AM 1.5),,100,1.23,,5.24,,,,94.7,3,yes,high,stoichiometric gas evolution
492,10.1016/j.ijhydene.2021.02.094,2021,Efficient suppression of surface charge recombination by CoP-Modified nanoporous BiVO4 for photoelectrochemical water splitting,BiVO4,,2.4,electrodeposition,nanoporous,,CoP nanoparticles,,photoanode,,1.0 M potassium borate,9,AM 1.5G,420,100,1.23,,4.1,0.3,,1.5,,,yes,high,earth-abundant CoP cocatalyst
493,10.1016/j.jallcom.2020.154449,2020,Hierarchical ZnO nanorod/ZnFe2O4 nanosheet core/shell nanoarray decorated with PbS quantum dots for efficient photoelectrochemical water splitting,ZnO/ZnFe2O4,PbS quantum dots,1.89,ion exchange reaction,core/shell nanoarray,hierarchical,PbS quantum dots,,photoanode,,0.1 M Na2SO4,,AM 1.5 filter,,100,0.6,,0.577,-0.3,,0.39,,2,yes,medium,visible light photosensitizer
494,10.1016/j.jelechem.2019.01.056,2019,Hierarchical TiO2/Fe2O3 heterojunction photoanode for improved photoelectrochemical water oxidation,TiO2/Fe2O3,,2.1,electrophoretic deposition,hierarchical nanorods,3D hierarchical heterostructure,,TiN underlayer,photoanode,900,1 M NaOH,13.6,Xe lamp (AM 1.5),,100,1.23,,1.79,,,,,,yes,medium,titanium nitride underlayer
495,10.1016/j.jpowsour.2018.04.074,2018,Polyaniline as a new type of hole-transporting material to significantly increase the solar water splitting performance of BiVO4 photoanodes,BiVO4,,,photoelectrodeposition,,core/shell,NiOOH,PANI,photoanode,,0.1 M KH2PO4,7,AM 1.5G,430,100,1.23,298,3.31,,,1.2,,3,yes,high,PANI hole-transporting layer
496,10.1016/j.nanoen.2017.10.061,2017,Flexible PVDF/Cu/PVDF-NaNbO3 Photoanode with Ferroelectric Properties: An Efficient Tuning of Photoelectrochemical Water Splitting with Electric Field Polarization and Piezophototronic Effect,NaNbO3,,,,nanocomposite film,flexible,,,photoanode,,0.5 M NaOH,13.7,tungsten-halogen lamp,,100,,,1.25,,,,,,yes,medium,piezophototronic effect
497,10.3390/nano14171609,2024,Templating Iron(III) Oxides on DNA Molecules,alpha-Fe2O3 / alpha-FeOOH,,3.2,hydrolysis,needle-like,dendritic,,,,,,,,,,,,,,,,,,yes,low,DNA templating study
498,10.1142/S1793604715500587,2015,Hydrothermal synthesis of Fe2O3/ZnO heterojunction photoanode for photoelectrochemical water splitting,Fe2O3/ZnO,,,hydrothermal,,heterojunction,,,photoanode,,,,,,47,0.15,,0.07,,,0.06,,,yes,low,ZnO quantity effect study
499,10.1021/am5042324,2014,Stable Covalent Attachment of Laminin to Microposts Improves the Contractility of Mouse Neonatal Cardiomyocytes,,laminin,,,microposts,,,,,,,,,,,,,,,,,,,yes,low,biological study
500,10.1016/S1872-2067(17)62987-5,2018,NiFe layered double-hydroxide nanoparticles for efficiently enhancing performance of BiVO4 photoanode in photoelectrochemical water splitting,BiVO4,NiFe-LDH nanoparticles on BiVO4,2.45,hydrothermal,film with nanoparticles,nanoparticles,NiFe-LDH,,photoanode,,,,visible-light,,,1.23,,,,,,,,yes,medium,Excellent stability noted
501,10.1016/j.cattod.2019.02.024,2020,Fabrication of large size nanoporous BiVO4 photoanode by a printing-like method for efficient solar water splitting application,BiVO4,BiVO4,2.4,electrodeposition,nanoporous,nanoporous structure,NiOOH,,,,,,simulated solar light,,,,,1.7,,24,,,,,,
502,10.1016/j.apcata.2017.07.020,2017,Toward non-precious nanocomposite photocatalyst: An efficient ternary photoanode TiO2 nanotube/Co9S8/polyoxometalate for photoelectrochemical water splitting,TiO2,Co9S8 + POM (PW12),,two-step anodization + solvothermal modification,porous nanotube arrays,TiO2 nanotube arrays,Co9S8,,photoanode,,ethylene glycol + 0.5 wt.% NH4F + 3 vol% water,,simulated solar light,,,1.23,,1.12,,,0.56,,,yes,Medium,8.5-fold photocurrent improvement; 7-fold efficiency improvement
503,10.1021/acsami.0c17811,2020,Highly Efficient Photoelectrochemical Water Splitting Using GaN-Nanowire Photoanode with Tungsten Sulfides,GaN,WxS1-x coating,,,nanowires,GaN nanowires,WxS1-x,,photoanode,,0.5 M H2SO4,,,,,,,20.38,,,13.76,144.29,7,,,
504,10.1021/acsami.1c15225,2021,Spinel-Oxide-Integrated BiVO4 Photoanodes with Photothermal Effect for Efficient Solar Water Oxidation,BiVO4,NiCo2O4/BiVO4,,,spinel-oxide-integrated photoanode,NiCo2O4,,photoanode,,,,,near-infrared radiation,,,1.23,,6.2,,,,,,yes,High,"photothermal effect under NIR; similar results for Mn, Zn, Cu, Fe spinels"
505,10.1016/j.jpowsour.2015.08.027,2015,Nitrogen and cobalt co-doped zinc oxide nanowires - Viable photoanodes for hydrogen generation via photoelectrochemical water splitting,ZnO,"Co and N co-doped, (Zn0.95Co0.05)O:N",2.16,hydrothermal route + NH3 heat treatment,vertically aligned nanowires,nanowires,,,photoanode,,,,under illumination,,,,,1.39,,,,,,yes,Medium,best performance for (Zn0.95Co0.05)O:N-600; generated at 600 C
506,10.1088/1361-6528/ac8a51,2022,Interfacial engineering of 1D/2D heterostructured photoanode for efficient photoelectrochemical water splitting,ZnO,Hematene/ZnO,,interfacial engineering of ordered ZnO nanorod array with ultra-thin Hematene,ordered nanorod array,1D/2D hierarchical heterostructure,Hematene,,photoanode,1.5,,,visible light irradiation,,,,,0.28,,,,,,yes,Medium,Hematene/ZnO NRs; onset potential shifted from 0.32 to 0.28 V vs RHE
507,10.1021/acsaem.5c01370,2025,High-Efficiency Photoelectrochemical Hydrogen Generation with CdS–ZnS/Black Ti–Si–O Composite Photoanode,Ti-Si-O,CdS-ZnS/black Ti-Si-O,,anodization + high-temperature Sn reduction + SILAR deposition,black nanotube arrays,nanotube arrays,CdS-ZnS,,photoanode,,,,,,,,,12.69,,,,,,yes,High,Original value vs Ag/AgCl; black Ti-Si-O nanotubes modified by CdS and ZnS
508,10.1007/s10854-022-09772-8,2023,Nitrogen-doped reduced graphene oxide decorated with silver nanoparticles for photoelectrochemical water splitting,reduced graphene oxide,N-doped rGO + Ag nanoparticles,,easily manufactured nanocomposite photoanode,,nanocomposite,Ag nanoparticles,,photoanode,,,,visible LED light,500,,0.95,,0.69,,,0.69,,,yes,Low,IPCE = 23.77% at 500 nm; ABPE = 0.69% at 0.93 V vs RHE
509,10.1021/acsaem.5c00474,2025,Raspberry-like Gold Nanoparticle-Decorated Titania Nanorods for Plasmon-Enhanced Photoelectrochemical Oxygen Evolution,TiO2,Au RLNP/TiO2 on FTO,,hydrothermal synthesis of TiO2 nanorods + single-step solution-phase synthesis of Au RLNPs,raspberry-like gold nanoparticles on nanorods,TiO2 nanorod arrays,Au RLNPs,,photoanode,,,,AM 1.5G,,,1.23,,2.18,,,,,,yes,Low,Au RLNP/TiO2
510,10.3390/catal11050584,2021,Surface-Modified Ta3N5 Photoanodes for Sunlight-Driven Overall Water Splitting by Photoelectrochemical Cells,Ta3N5,NiFeOx/Ta3N5,2.1,RF magnetron sputtering + nitridation in NH3 + drop-casting,thin film,Ta3N5 thin-film photoanode,NiFeOx,,photoanode,650,0.1 M sodium phosphate aqueous solution,13,AM 1.5G simulated sunlight,600,100,0.7,1073,0.4,0.6,0.2,,1.8,6,yes,Low,Parallel PEC cell; STH 0.2%; H2 generation 1.8 over 6 h
511,10.1016/j.jelechem.2019.113361,2019,Enhancing the photoelectrochemical water splitting performance of WS2 nanosheets by doping titanium and molybdenum via a low temperature CVD method,WS2,Ti-doped WS2 / Mo-doped WS2,,chemical vapor deposition (CVD),vertically aligned nanosheets,2D nanosheets,,,photoanode,,,,AM 1.5G simulated sunlight,,100,1.23,,10.44,,,2.84,,,yes,High,Ti-doped WS2 shows highest photocurrent density; Mo-doped WS2 8.77
512,10.1007/s11708-021-0781-9,2021,Enhanced performance of NiF2/BiVO4 photoanode for photoelectrochemical water splitting,BiVO4,NiF2/BiVO4,,electrodeposition,,heterojunction photoanode,NiF2,,photoanode,,,,,,,,,,,,,,,yes,Medium,NiF2 modification increased photocurrent density by 180% versus BiVO4
513,10.1016/j.nanoen.2017.03.042,2017,Cactus-like hierarchical nanorod-nanosheet mixed dimensional photoanode for efficient and stable water splitting,ZnO,H-ZnO/CdS/Ni(OH)2,,electrodeposition + annealing + CdS quantum dot sensitization,cactus-like hierarchical nanorod-nanosheet,mixed 2D/1D hierarchical nanoarchitecture,Ni(OH)2,,photoanode,150,neutral solution,,,,,,,,,,4.12,,1,yes,High,ABPE reached 4.12%; CdS quantum dots used as sensitizer
514,10.1016/j.colsurfa.2022.128412,2022,Fabrication of Zn-MOF decorated BiVO4 photoanode for water splitting,BiVO4,BiVO4 / Zn-MOF,2.4,electrodeposition + immersion method,thin film,MOF-decorated heterostructure,Zn-MOF,,photoanode,,,,simulated solar light,,,,,,,,,,,yes,Medium,Photocurrent density increased 3.1x vs bare BiVO4
515,10.1016/j.jelechem.2024.118385,2024,Strategic band alignment of zinc oxide photoanode with fibrous silica framework for enhanced photoelectrochemical water splitting efficiency,ZnO,Fibrous silica zinc oxide (FSZn),,microemulsion method,fibrous structure,bicontinuous concentric lamellar structure,,,photoanode,,Na2SO4,,solar / light illumination,,,,,17.88,,22,,,,yes,High,Conventional ZnO comparison: 6.28 mA/cm2
516,10.1039/d3ra00346a,2023,Facile preparation of nickel phosphide for enhancing the photoelectrochemical water splitting performance of BiVO4 photoanodes,BiVO4/Ni2P,Ni2P modification,,One-step solvothermal,,,Ni2P,,Photoanode,,1 M KBi buffer,9,AM 1.5G,,100,1.23,,3.3,,,0.98,,1,No,Medium,Ni2P enhances water oxidation kinetics
517,10.1002/smsc.202300318,2024,Boosting the Solar Water Oxidation Performance of Fe2O3 Photoanode via Embedding Laser-Generated Pt Nanocrystals,Fe2O3@Pt-2,Pt nanocrystals embedding,,Laser generation,Nanoporous,Nanocrystals,Pt,,Photoanode,,,,AM 1.5G,,100,1.23,,1.16,1,,0.062,,,No,Medium,Schottky barrier formation improves bulk carrier transport dynamics
518,10.26599/JAC.2025.9221043,2025,Texture development and surface reconstruction of BiVO4 photoanode via one-pot hydrothermal reaction for enhanced photoelectrochemical water splitting,CoBi/ts-BVO,CoBi cocatalyst,2.4,One-pot hydrothermal,Textured,(00l)-textured grains,CoBi,,Photoanode,800,1 M borate buffer (KBi),9.4,AM 1.5G,,100,1.23,,4.3,,,0.55,,,No,Medium,16x improvement over nontextured BVO via SDR mechanism
519,10.26599/NRE.2024.9120117,2024,Using hollow dodecahedral NiCo-LDH with multi-active sites to modify BiVO4 photoanode facilitates the photoelectrochemical water splitting performance,HD-NiCo-LDH/BiVO4,NiCo-LDH modification,,Electro-deposition,Hollow dodecahedral,Nanosheets,HD-NiCo-LDH,,Photoanode,,0.5 M Na2SO4,7,AM 1.5G,,100,1.23,,4.54,,,1.12,,,No,Medium,Hollow dodecahedral structure provides multi-active sites
520,10.1021/acscatal.5c03869,2025,Performance of Transition Metal Oxides for Solar Hydrogen Conversion,SnOx/BiVO4/pGO/Co4O4,pGO/Co4O4 modification,,,,,,,Photoanode,,0.2 M KPi,7,AM 1.5G,,100,,,3.5,,4.3,,,3.3,No,Medium,Tandem cell configuration achieving 4.3% STH efficiency
521,10.1039/d5na00667h,2025,The development of efficient and stable photoanodes is critical for advancing photoelectrochemical (PEC) water splitting technologies,BiVO4,,2.44,Pulse electrodeposition,"Porous, interconnected",,,,Photoanode,,0.5 M Na2SO4,6.8,AM 1.5G,,100,1.23,,1.33,0.6,,20,115,10,No,Medium,Optimized Bi-576; pulse electrodeposition control
522,10.1039/d0cc07778j,2020,Stable and efficient solar-driven photoelectrochemical water splitting into H2 and O2 based on a BaTaO2N photoanode decorated with CoO microflowers†,CoO@BaTaO2N,CoO on BaTaO2N,1.9,Electrophoretic deposition,Microflowers,nanofibers,CoO,,Photoanode,3000,1 M KOH,,AM 1.5,600,100,1.23,,1.6,0.7,,,27.5,1,No,Medium,CoO microflowers protect BaTaO2N surface
523,10.1039/d3sc05420a,2024,structuring via dual atom modification for an efficient photoanode,Ta3N5,"Cu, Zr-doped",2.1,Electrophoretic deposition,,nanoparticles,NiCoFe-Bi,,Photoanode,3000,1.0 M KOH,13.6,AM 1.5 G,505,100,1,283,8.5,0.38,,3.5,,10,No,High,Gradient Zr doping enhances carrier separation
524,10.1021/acscatal.8b01999,2018,Tailored NiOx/Ni cocatalysts on silicon for highly efficient water splitting photoanode via pulsed electrodeposition,n-Si,NiOx/Ni,,Pulsed electrodeposition,,nanoparticles,NiOx/Ni,,Photoanode,,1 M K-borate,,AM 1.5G,,100,1.23,,14.7,1.08,,0.44,,100,No,High,Pulsed electrodeposition creates active NiOx/Ni interface
525,10.3390/molecules29020372,2024,Preparation of Surface Dispersed WO3/BiVO4 Heterojunction Arrays and Their Photoelectrochemical Performance for Water Splitting,WO3/BiVO4,BiVO4 on WO3,,Hydrothermal/Solvothermal,Nanoflake arrays,nanoparticles,,,Photoanode,,0.2 mol L-1 K-phosphate,7,Standard sunlight,,100,1.23,,3.92,0.69,,,,1,No,Medium,Surface dispersed structure helps suppress recombination
526,10.1021/acs.langmuir.4c04869,2024,Construction of CoSe2/WO3@Si multiheterojunctions for efficient photoelectrochemical water splitting,CoSe2/WO3@Si,,,,,,CoSe2,,Photoelectrode,,0.5 M Na2SO4,,AM 1.5G,,100,1.23,,10.07,,,,,10,No,High,Multiheterojunction enhances performance
527,10.1016/j.ceramint.2020.12.264,2021,Synthesis and enhanced bias-free photoelectrochemical water-splitting activity of ferroelectric BaTiO3/Cu2O heterostructures under solar light irradiation,BaTiO3/Cu2O,"BaTiO3, Cu2O",,Hydrothermal,,,,,Photoanode,,0.1 M NaOH,,AM 1.5 G,,100,1.23,,0.26,,0.11,,,,Yes,Low,2.6x improvement vs bare BTO; original value vs Ag/AgCl converted
528,10.3740/MRSK.2024.34.12.602,2024,Comparative Characterization of Cupric Oxide Thin Film and Nanorod Photocathodes for Photoelectrochemical Water Splitting,CuO,Pure,1.5,Hydrothermal (seed-mediated),Nanorods,Vertically aligned array,,,Photocathode,400,1 mM Na2SO4,6.6,300 W Xe lamp,,1,0.59,,0.21,,,,,0.067,No,Low,Nanorod morphology provides 2.3x higher photocurrent
529,10.1021/acsaem.3c01992,2022,Direct Z-Scheme Heterostructure of In Situ Planted ZnO Nanorods on g-C3N4 Thin Sheets Sprayed on TiO2 Layer: A Strategy for Ternary-Photoanode Engineering toward Enhanced Photoelectrochemical Water Splitting,g-C3N4/ZnO/TiO2,Ternary,3.01,Spraying,Thin sheets/Nanorods,Heterostructure,,TiO2,Photoanode,,0.5 M Na2SO4,,AM 1.5G,,,1.23,298,0.8,,,,,,Yes,Low,Z-scheme heterostructure improves carrier separation
530,10.1021/acsaem.4c02646,2025,Nanostructured Ni-doped SnS2 photoanode for efficient photoelectrochemical water splitting,Ni-SnS2,6 wt.% Ni,,,Nanostructured,,,,Photoanode,,0.5 M Na2SO4,,,,,1.6,,1.5,,,,,,No,Medium,Optimal 6 wt.% Ni doping maximizes photocurrent
531,10.1021/acsami.2c03514,2022,Two-Step Process of a Crystal Facet-Modulated BiVO4 Photoanode for Efficiency Improvement in Photoelectrochemical Hydrogen Evolution,BiVO4,Crystal facet modulated,2.51,,,,CoBi,,Photoanode,200,,,AM 1.5G,,,1.23,,1.8,,,,,4,No,Medium,Facet modulation enhances charge carrier kinetics
532,10.1021/acsami.7b02685,2017,Stable and Efficient CuO Based Photocathode through Oxygen-Rich Composition and Au-Pd Nanostructure Incorporation for Solar-Hydrogen Production,CuO/Au-Pd,O-rich + Au-Pd,1.35,Sputtering,Thin film,,Au-Pd nanoparticles,,Photocathode,150,,,AM 1.5G,,,0,,0.9,,,,,2,No,Low,Au-Pd decoration significantly enhances optical absorption
533,10.1021/acsami.9b04059,2019,Hydrogenated TiO2 Nanorod Arrays Decorated with Carbon Quantum Dots toward Efficient Photoelectrochemical Water Splitting,CQDs-H/TiO2,H-treated + CQDs,,Plasma treatment,Nanorod arrays,Nanorods,Carbon Quantum Dots,,Photoanode,,,,AM 1.5G,,,1.23,,1.8,,,,,,No,Medium,Hydrogenation and CQDs synergistically improve PEC
534,10.1021/acsami.9b21386,2020,Electrodeposited Co-substituted LaFeO3 for enhancing the photoelectrochemical activity of BiVO4,BiVO4/LaFe0.5Co0.5O3,Co-substituted LaFeO3,,Electrodeposition,,,,,Photoanode,,0.5 M KPi buffer,7,AM 1.5G,,,1.23,,4,,,,,,No,Medium,Co-substitution in LaFeO3 improves charge transfer rate
535,10.1021/acsanm.2c02302,2022,Photothermal-Effect-Enhanced Photoelectrochemical Water Splitting in MXene-Nanosheet-Modified ZnO Nanorod Arrays,ZnO/MXene,MXene-modified,,Hydrothermal + Electrodeposition,Nanorod arrays,Nanorods,MXene nanosheets,,Photoanode,,0.1 M NaOH,12.6,AM 1.5G + NIR,808,100,1.23,,0.85,,,,,,No,Low,Photothermal effect from MXene under NIR
536,10.1021/acsanm.3c02175,2023,Mg-Doped Hematite Nanoparticle Arrays Coated with CoPi Thin Films for Solar Water Oxidation,Mg-Fe2O3/CoPi,Mg-doped,2.07,Hydrothermal + Immersion,Nanoparticle arrays,,CoPi,,Photoanode,,1 M NaOH,13.5,500 W Xe lamp,,,1.23,,1.37,,,,,24,No,Medium,Mg-doping increases donor density and charge separation
537,10.1021/acsanm.4c01527,2024,Nanostructured BiVO4 Photoanodes Fabricated by Vanadium-Infused Interaction for Efficient Solar Water Splitting,Co-Pi/BiVO4,V-infused,,V intercalation,,,Co-Pi,,Photoanode,270,0.5 M PBS,7,AM 1.5G,,,1.23,,2.9,,,,,,No,Medium,V-intercalation ensures complete phase transformation
538,10.5757/ASCT.2022.31.2.51,2022,Photoelectrochemical Water Splitting using GaN Nanowires with Reverse-Mesa Structures,GaN,Reverse-Mesa (RMNW),3.4,Plasma-assisted MBE,Reverse-mesa,Nanowires,,,Photoanode,304.6,0.5 M H2SO4,0.3,Xe lamp,,100,0.6,,2.62,,,1.65,,,No,Medium,Reverse-mesa structure enhances light confinement
539,10.1021/acs.chemmater.8b01405,2018,Enabling Solar Water Oxidation by BiVO4 Photoanodes in Basic Media,BiVO4/TiO2,Protective TiO2,,,,,FeOOH/NiOOH,TiO2,Photoanode,,0.5 M Phosphate + Na2SO3,7.3,AM 1.5G,,100,1,,4,,,,,50,No,Medium,TiO2 layer protects BiVO4 from photoanodic corrosion
540,10.1007/s40820-025-02062-y,2026,Single‑Atom Ru in CoFe‑LDH Drives Efficient Charge Separation on BiVO4 for Solar Water Splitting,BiVO4,Ru0.51-CoFe-LDH,2.31,"Electrodeposition, Spin coating",Wormlike,Nanosheets,Ru0.51-CoFe-LDH,,Photoanode,1300,0.2 M KPi / KBi-VO43-,8.1,AM 1.5G,550,100,1.23,298.15,4.51,0.26,,1.55,,10,Yes,Medium,3.1 times higher photocurrent than bare BiVO4
541,10.1021/acsaem.1c00261,2021,Handy Protocol of Nitrogen-Doped BiVO4 Photoanode for Visible Light-Driven Water Oxidation,BiVO4,Nitrogen-doped,2.34,Doctor Blade,,,,,Photoanode,,0.1 M KPi,7,Xe-lamp,390,100,1.23,298.15,3.3,0.5,,,,5,Yes,Medium,N-doping increases visible light response
542,10.1021/acsaem.2c00974,2022,Junction Engineering in Si Photoanode for Efficient Photoelectrochemical Water Splitting,Silicon,SHJ/ITO/Ni/NiFe,,"PECVD, Sputtering, Electrodeposition",,Porous layer,NiFe,,Photoanode,,1.0 M NaOH,14,AM 1.5G,750,100,1.23,,38,0.84,,4.8,,10,Yes,High,Record low onset potential for Si photoanode
543,10.1021/acsaem.2c01869,2022,Boosting Photoelectrochemical Performance of BiVO4 Photoanode by Synergistic Effect of WO3/BiVO4 Heterojunction Construction and NiOOH Water Oxidation Modification,BiVO4,WO3/BiVO4/NiOOH,,"Sol-gel, PEPD",Coral-like,Nanorods,NiOOH,,Photoanode,,2 M NaBi,,AM 1.5G,550,100,1.23,,3,0.55,,,,,Yes,Medium,6.98x improvement via heterojunction and cocatalyst
544,10.1021/acsaem.2c03345,2022,Sustained Water Oxidation with Surface- and Interface-Engineered WO3/BiVO4 Heterojunction Photoanodes,BiVO4,WO3/BiVO4/TiO2/FeOOHNiOOH,,ALD,,,FeOOHNiOOH,ALD-TiO2,Photoanode,2.2,0.5 M Na2SO4,,AM 1.5G,,100,1.23,,4.6,,,,,24,Yes,Medium,TiO2 layer acts as protective/passivation layer
545,10.1021/acsaem.3c00290,2023,NdCo3 Molecular Catalyst Coupled with a BiVO4 Photoanode for Photoelectrochemical Water Splitting,BiVO4,NdCo3 molecular catalyst,,"Electrodeposition, Drop casting",,,NdCo3,,Photoanode,1410,1.0 M KBi,9.5,AM 1.5G,,,1.23,,2.25,,,,,1,Yes,Medium,Molecular catalyst improves charge transfer kinetics
546,10.1021/acsaem.3c01151,2023,Enhanced Photoelectrocatalytic Water Splitting in Bi2Mo1-x W x O6 Solid Solutions: Understanding the Atomic Level Mechanism,Bi2MoO6,Bi2Mo0.9W0.1O6,2.63,"Hydrothermal, Doctor blade",Solid solution,,,,Photoanode,,1 M KOH,13.4,AM 1.5G,,100,1.23,,0.0366,,,,,12,Yes,Low,W-substitution improves stability and charge separation
547,10.1016/j.apmt.2024.102415,2024,Enhancing charge extraction in BiVO4 photoanodes by ZrCl4 treatment of SnO2 hole-blocking layers,BiVO4,SnO2 treated with ZrCl4 / BiVO4,2.54,Spin-coating,,,,,Photoanode,,1.0 M potassium borate + 0.2 M Na2SO3,9,Simulated AM1.5 G,550,100,1.23,,1.37,0.23,,,,,Yes,Medium,37% improvement vs standard; ZrCl4 reduces pinholes
548,10.1016/j.ijoes.2023.100216,2023,Nickel-based alloy nanoparticles anchored on nickel mesh towards excellent and sustainable water electrolysis,NiCo/NiFe,NiCo4 and Ni4Fe,,Electrodeposition,,Nanoparticles,,,Electrolytic Electrode,,1.0 M KOH,,,,,,,,,,,,80,yes,high,Non-PEC electrolyzer; 1.50 V at 10 mA/cm2
549,10.1016/j.energy-reviews.2023.100037,2023,Brief review of hydrocarbon-reforming catalysts map for hydrogen production,Hydrocarbon Catalysts,,,,,,,,,,,,,,,,,,,,,,,yes,low,Review article on thermal reforming
550,10.1016/j.nxmate.2026.101599,2026,Quantum dot based solar cells,Quantum Dots,"PbX, CdX, Perovskite",1.56,"SILAR, CBD, Doctor-blade",,Nanocrystals,,,Photovoltaic Cell,,Polysulfide / various,,AM 1.5 G,1150,100,,,31.5,,,,,,yes,high,"Review on PV solar cells, not PEC"