№,doi,Year,Title,material,Composition / Doping,bandgap,synthesis_method,morphology,nanostructure,cocatalyst,protective_layer,photoelectrode_type,thickness,electrolyte,ph,illumination_type,Wavelength (nm),light_intensity,bias,temperature_k,photocurrent,Onset Potential (V),sth,ABPE (%),h2,Stability Time (h),Units Normalized,Performance Class,Notes,Data_Source,source_url,source_verified
1,10.1016/j.cattod.2019.02.024,2020.0,Fabrication of large size nanoporous BiVO4...,BiVO4,BiVO4,2.4,electrodeposition,nanoporous,nanoporous structure,NiOOH,,photoanode,,,,simulated solar light,,100.0,,298.0,1.7,,24.0,,27.19,,Yes,,Source reports 24% STH,estimated,https://doi.org/10.1016/j.cattod.2019.02.024,0
2,10.1016/j.apcata.2017.07.020,2017.0,Toward non-precious nanocomposite...,TiO2,Co9S8 + POM (PW12),3.2,two-step anodization,porous nanotube arrays,TiO2 nanotube arrays,Co9S8,,photoanode,,ethylene glycol,,simulated solar light,,100.0,1.23,298.0,1.12,,0.978,0.56,20.89,,Yes,Medium,8.5-fold improvement,estimated,https://doi.org/10.1016/j.apcata.2017.07.020,0
3,10.1021/acsami.0c17811,2020.0,Highly Efficient PEC Water Splitting...,GaN,WxS1−x coating,3.4,,nanowires,GaN nanowires,WxS1−x,,photoanode,,0.5 M H2SO4,0.2,,,,,298.0,20.38,,20.955,13.76,144.29,7.0,Yes,,,estimated,https://doi.org/10.1021/acsami.0c17811,0
4,10.1021/acsami.1c15225,2021.0,Spinel-Oxide-Integrated BiVO4...,BiVO4,NiCo2O4/BiVO4,2.49,,spinel-oxide-integrated,,NiCo2O4,,photoanode,,,,NIR radiation,,,1.23,298.0,6.2,,5.96,,81.56,,Yes,High,photothermal effect,estimated,https://doi.org/10.1021/acsami.1c15225,0
5,10.1016/j.jpowsour.2015.08.027,2015.0,Nitrogen and cobalt co-doped ZnO...,ZnO,(Zn0.95Co0.05)O:N,2.16,hydrothermal + NH3,nanowires,nanowires,,,photoanode,,,,under illumination,,,,873.0,1.39,,1.396,,23.78,,Yes,Medium,generated at 600 °C,estimated,https://doi.org/10.1016/j.jpowsour.2015.08.027,0
6,10.1088/1361-6528/ac8a51,2022.0,Interfacial engineering of 1D/2D...,ZnO,Hematene/ZnO,3.35,ZnO nanorod array,nanorod array,1D/2D hierarchical,Hematene,,photoanode,1.5,,,visible light,,,,298.0,0.28,,0.308,,5.08,,Yes,Medium,Hematene monolayer,estimated,https://doi.org/10.1088/1361-6528/ac8a51,0
7,10.1021/acsaem.5c01370,2025.0,High-Efficiency PEC Hydrogen...,Ti–Si–O,CdS–ZnS/black Ti–Si–O,1.1,anodization + Sn red,black nanotube arrays,nanotube arrays,CdS–ZnS,,photoanode,,,,,,,,298.0,12.69,,12.405,,161.49,,Yes,High,Sn reduction treatment,estimated,https://doi.org/10.1021/acsaem.5c01370,0
8,10.1007/s10854-022-09772-8,2023.0,N-doped reduced graphene oxide...,reduced graphene oxide,N-doped rGO + Ag,,nanocomposite,,nanocomposite,Ag nanoparticles,,photoanode,,,,visible LED light,500.0,,0.95,298.0,0.69,,0.693,0.69,9.32,,Yes,Low,unit inconsistency likely,estimated,https://doi.org/10.1007/s10854-022-09772-8,0
9,10.1021/acsaem.5c00474,2025.0,Raspberry-like Au-decorated TiO2...,TiO2,Au RLNP/TiO2,3.2,hydrothermal + Au RLNPs,raspberry-like Au,TiO2 nanorod arrays,Au RLNPs,,photoanode,,,,AM 1.5G,,100.0,1.23,298.0,2.18,,1.573,,28.73,,Yes,Low,Au RLNP/TiO2,estimated,https://doi.org/10.1021/acsaem.5c00474,0
10,10.3390/catal11050584,2021.0,Surface-Modified Ta3N5 Photoanodes...,Ta3N5,NiFeOx/Ta3N5,2.1,RF sputtering + nitrid,thin film,Ta3N5 thin-film,NiFeOx,,photoanode,500.0,sodium phosphate,13.0,AM 1.5G,600.0,100.0,0.7,1073.0,0.4,0.6,0.2,,1.8,6.0,Yes,Low,tandem cell data incl.,original,https://doi.org/10.3390/catal11050584,0
11,10.1016/j.jelechem.2019.113361,2019.0,Enhancing WS2 performance...,WS2,Ti-doped / Mo-doped WS2,1.89,CVD,vertically aligned nanosheets,2D nanosheets,,,photoanode,,,,AM 1.5G,,100.0,1.23,298.0,10.44,,10.6,2.84,149.04,,Yes,High,CVD at low temp,estimated,https://doi.org/10.1016/j.jelechem.2019.113361,0
12,10.1007/s11708-021-0781-9,2021.0,Enhanced performance of NiF2/BiVO4...,BiVO4,NiF2/BiVO4,2.48,electrodeposition,,heterojunction,NiF2,,photoanode,,,,,,,,298.0,,,,,,,Yes,Medium,180% vs pristine,estimated,https://doi.org/10.1007/s11708-021-0781-9,0
13,10.1016/j.nanoen.2017.03.042,2017.0,Cactus-like hierarchical nanorod...,ZnO,H-ZnO/CdS/Ni(OH)2,3.28,electrodeposition,cactus-like,mixed 2D/1D,Ni(OH)2,,photoanode,150.0,neutral solution,7.0,,,,,298.0,,,,4.12,,1.0,Yes,High,ABPE 4.12%,estimated,https://doi.org/10.1016/j.nanoen.2017.03.042,0
14,10.1016/j.colsurfa.2022.128412,2022.0,Zn-MOF decorated BiVO4...,BiVO4,BiVO4 / Zn-MOF,2.4,electrodeposition,thin film,MOF-decorated,Zn-MOF,Zn-MOF,photoanode,,,,simulated solar light,,100.0,,298.0,,,,,,,Yes,Medium,3.1x improvement,estimated,https://doi.org/10.1016/j.colsurfa.2022.128412,0
15,10.1016/j.jelechem.2024.118385,2024.0,Strategic band alignment of ZnO...,ZnO,FSZn,3.26,microemulsion,fibrous structure,bicontinuous concentric,,,photoanode,,Na2SO4,6.8,solar / light,,,,298.0,17.88,,22.0,,200.7,,Yes,High,high surface area,estimated,https://doi.org/10.1016/j.jelechem.2024.118385,0
16,10.1039/d3ra00346a,2023.0,Facile preparation of Ni2P...,BiVO4/Ni2P,Ni2P modification,2.4,solvothermal,,,Ni2P,,photoanode,,1 M KBi buffer,9.0,AM 1.5G,,100.0,1.23,298.0,3.3,,3.275,0.98,55.6,1.0,Yes,Medium,2.3x vs bare BVO,estimated,https://doi.org/10.1039/d3ra00346a,0
17,10.1002/smsc.202300318,2024.0,Boosting Water Oxidation of Fe2O3...,Fe2O3,Pt nanocrystals,2.09,Laser generation,Nanoporous,Nanocrystals,Pt,,photoanode,,,,AM 1.5G,,100.0,1.23,298.0,1.16,1.0,0.969,0.062,14.4,,Yes,Medium,Schottky barrier,estimated,https://doi.org/10.1002/smsc.202300318,0
18,10.26599/JAC.2025.9221043,2025.0,Texture development of BiVO4...,BiVO4,CoBi cocatalyst,2.4,hydrothermal,Textured,(00l)-textured grains,CoBi,,photoanode,800.0,1 M borate buffer,9.4,AM 1.5G,,100.0,1.23,298.0,4.3,,3.695,0.55,71.8,,Yes,Medium,16x improvement,estimated,https://doi.org/10.26599/JAC.2025.9221043,0
19,10.26599/NRE.2024.9120117,2024.0,Hollow dodecahedral NiCo-LDH...,BiVO4,NiCo-LDH modification,2.46,Electro-deposition,Hollow dodecahedral,Nanosheets,HD-NiCo-LDH,,photoanode,,0.5 M Na2SO4,7.0,AM 1.5G,,100.0,1.23,298.0,4.54,,3.882,1.12,50.9,,Yes,Medium,multi-active sites,estimated,https://doi.org/10.26599/NRE.2024.9120117,0
20,10.1021/acscatal.5c03869,2025.0,Performance of Transition Metal...,BiVO4,pGO/Co4O4 mod,2.42,,,,,,photoanode,,0.2 M KPi,7.0,AM 1.5G,,100.0,,298.0,3.5,,4.3,,52.58,3.3,Yes,Medium,Tandem cell STH 4.3,estimated,https://doi.org/10.1021/acscatal.5c03869,0
21,10.1039/d5na00667h,2025.0,Efficient and stable photoanodes...,BiVO4,,2.44,Pulse electrodeposition,"Porous, interconnected",,,,photoanode,,0.5 M Na2SO4,6.8,AM 1.5G,,100.0,1.23,298.0,1.33,0.6,0.943,20.0,115.0,10.0,Yes,Medium,Optimized Bi-576,estimated,https://doi.org/10.1039/d5na00667h,0
22,10.1039/d0cc07778j,2020.0,BaTaO2N decorated with CoO...,BaTaO2N,CoO on BaTaO2N,1.9,Electrophoretic dep,Microflowers,nanofibers,CoO,,photoanode,3000.0,1 M KOH,13.3,AM 1.5,600.0,100.0,1.23,298.0,1.6,0.7,1.288,,27.5,1.0,Yes,Medium,CoO microflowers,estimated,https://doi.org/10.1039/d0cc07778j,0
23,10.1039/d3sc05420a,2024.0,Dual atom modification...,Ta3N5,"Cu, Zr-doped",2.1,Electrophoretic dep,,nanoparticles,NiCoFe-Bi,,photoanode,3000.0,1.0 M KOH,13.6,AM 1.5 G,505.0,100.0,1.0,283.0,8.5,0.38,7.838,3.5,128.94,10.0,Yes,High,Gradient Zr doping,estimated,https://doi.org/10.1039/d3sc05420a,0
24,10.1021/acscatal.8b01999,2018.0,NiOx/Ni cocatalysts on silicon...,n-Si,NiOx/Ni,1.1,Pulsed electrodeposition,,nanoparticles,NiOx/Ni,,photoanode,,1 M K-borate,8.9,AM 1.5G,,100.0,1.23,298.0,14.7,1.08,9.407,0.44,231.54,100.0,Yes,High,active NiOx/Ni interface,estimated,https://doi.org/10.1021/acscatal.8b01999,0
25,10.3390/molecules29020372,2024.0,WO3/BiVO4 Heterojunction Arrays...,WO3/BiVO4,BiVO4 on WO3,2.42,Hydro/Solvothermal,Nanoflake arrays,nanoparticles,,,photoanode,,0.2 mol L⁻¹ K-phosphate,7.0,Standard sunlight,,100.0,1.23,298.0,3.92,0.69,3.189,,60.85,1.0,Yes,Medium,suppress recombination,estimated,https://doi.org/10.3390/molecules29020372,0
26,10.1021/acs.langmuir.4c04869,2024.0,CoSe2/WO3@Si multiheterojunctions...,CoSe2/WO3@Si,,2.68,,,,CoSe2,,photoelectrode,,0.5 M Na2SO4,6.2,AM 1.5G,,100.0,1.23,298.0,10.07,,8.952,,107.53,10.0,Yes,High,multiheterojunction,estimated,https://doi.org/10.1021/acs.langmuir.4c04869,0
27,10.1016/j.ceramint.2020.12.264,2021.0,BaTiO3/Cu2O heterostructures...,BaTiO3/Cu2O,"BaTiO3, Cu2O",2.09,Hydrothermal,,,,,photoanode,,0.1 M NaOH,13.9,AM 1.5 G,,100.0,1.23,298.0,0.26,,0.11,,3.86,,Yes,Low,2.6x improvement,estimated,https://doi.org/10.1016/j.ceramint.2020.12.264,0
28,10.3740/MRSK.2024.34.12.602,2024.0,CuO Thin Film and Nanorod...,CuO,Pure,1.5,Hydrothermal,Nanorods,Vertically aligned,,,photocathode,400.0,1 mM Na2SO4,6.6,300 W Xe lamp,,1.0,0.59,298.0,,,,,,0.067,Yes,Low,2.3x higher Jph,estimated,https://doi.org/10.3740/MRSK.2024.34.12.602,0
29,10.1021/acsaem.3c01992,2022.0,g-C3N4 Nanorods on TiO2...,g-C3N4/ZnO/TiO2,Ternary,3.2,Spraying,Thin sheets/Nanorods,Heterostructure,,TiO2,photoanode,,0.5 M Na2SO4,6.9,AM 1.5G,,100.0,1.23,298.0,0.8,,0.747,,9.36,,Yes,Low,Z-scheme ternary,estimated,https://doi.org/10.1021/acsaem.3c01992,0
30,10.1021/acsaem.4c02646,2025.0,Nanostructured Ni-doped SnS2...,Ni-SnS2,6 wt.% Ni,0.68,,Nanostructured,,,,photoanode,,0.5 M Na2SO4,6.4,,,,1.6,298.0,1.5,,1.092,,20.7,,Yes,Medium,optimal 6 wt.% Ni,estimated,https://doi.org/10.1021/acsaem.4c02646,0
31,10.1021/acsami.2c03514,2022.0,Crystal Facet-Modulated BiVO4...,BiVO4,crystal facet modulated,2.51,,,,CoBi,,photoanode,200.0,,,AM 1.5G,,100.0,1.23,298.0,1.8,,1.861,,28.11,4.0,Yes,Medium,facet modulation,estimated,https://doi.org/10.1021/acsami.2c03514,0
32,10.1021/acsami.7b02685,2017.0,CuO Based Photocathode...,CuO/Au-Pd,O-rich + Au-Pd,1.35,Sputtering,Thin film,,Au-Pd particles,,photocathode,150.0,,,AM 1.5G,,100.0,0.0,298.0,0.9,,1.003,,12.5,2.0,Yes,Low,Au-Pd nanostructure,estimated,https://doi.org/10.1021/acsami.7b02685,0
33,10.1021/acsami.9b04059,2019.0,Hydrogenated TiO2 Nanorod...,CQDs-H/TiO2,H-treated + CQDs,3.2,Plasma treatment,Nanorod arrays,Nanorods,CQDs,,photoanode,,,,AM 1.5G,,100.0,1.23,298.0,1.8,,1.244,,21.96,,Yes,Medium,Synergistic effect,estimated,https://doi.org/10.1021/acsami.9b04059,0
34,10.1021/acsami.9b21386,2020.0,Co-substituted LaFeO3...,BiVO4/LaFeCoO3,Co-substituted LaFeO3,2.41,Electrodeposition,,,,,photoanode,,0.5 M KPi buffer,7.0,AM 1.5G,,100.0,1.23,298.0,4.0,,3.385,,70.22,,Yes,Medium,improved charge transfer,estimated,https://doi.org/10.1021/acsami.9b21386,0
35,10.1021/acsanm.2c02302,2022.0,Photothermal ZnO/MXene...,ZnO/MXene,MXene-modified,3.27,Hydro+Electrodeposition,Nanorod arrays,Nanorods,MXene nanosheets,,photoanode,,0.1 M NaOH,12.6,AM 1.5G + NIR,808.0,100.0,1.23,298.0,0.85,,0.702,,14.76,,Yes,Low,NIR enhancement,estimated,https://doi.org/10.1021/acsanm.2c02302,0
36,10.1021/acsanm.3c02175,2023.0,Mg-Doped Hematite Nanoparticles...,Mg-Fe2O3/CoPi,Mg-doped,2.07,Hydrothermal+Immersion,Nanoparticle arrays,,CoPi,,photoanode,,1 M NaOH,13.5,500 W Xe lamp,,,1.23,298.0,1.37,,1.234,,19.63,24.0,Yes,Medium,increased donor density,estimated,https://doi.org/10.1021/acsanm.3c02175,0
37,10.1021/acsanm.4c01527,2024.0,Nanostructured BiVO4 via Vanadium...,Co-Pi/BiVO4,V-infused,2.49,V intercalation,,,Co-Pi,,photoanode,270.0,0.5 M PBS,7.0,AM 1.5G,,100.0,1.23,298.0,2.9,,2.563,,35.97,,Yes,Medium,monoclinic phase,estimated,https://doi.org/10.1021/acsanm.4c01527,0
38,10.5757/ASCT.2022.31.2.51,2022.0,PEC using GaN NWs...,GaN,Reverse-Mesa (RMNW),3.4,Plasma-assisted MBE,Reverse-mesa,Nanowires,,,photoanode,304.6,0.5 M H2SO4,0.3,Xe lamp,,100.0,0.6,298.0,2.62,,2.254,1.65,32.0,,Yes,Medium,light confinement,estimated,https://doi.org/10.5757/ASCT.2022.31.2.51,0
39,10.1021/acs.chemmater.8b01405,2018.0,BiVO4 Photoanodes in Basic Media,BiVO4/TiO2,Protective TiO2,3.2,,,,FeOOH/NiOOH,TiO2,photoanode,,0.5 M Phos+Na2SO3,7.3,AM 1.5G,,100.0,1.0,298.0,4.0,,2.938,,49.54,50.0,Yes,Medium,TiO2 protection,estimated,https://doi.org/10.1021/acs.chemmater.8b01405,0
40,10.1007/s40820-025-02062-y,2026.0,Single-Atom Ru on BiVO4...,BiVO4,Ru0.51-CoFe-LDH,2.31,Electrodep+Spin coat,Wormlike,Nanosheets,Ru0.51-CoFe-LDH,,photoanode,1300.0,0.2 M KPi,8.1,AM 1.5G,550.0,100.0,1.23,298.15,4.51,0.26,3.609,1.55,76.46,10.0,Yes,Medium,collection eff. 100%,estimated,https://doi.org/10.1007/s40820-025-02062-y,0
41,10.1021/acsaem.1c00261,2021.0,Handy Protocol of N-Doped BiVO4...,BiVO4,Nitrogen-doped,2.34,Doctor Blade,,,,,photoanode,,0.1 M KPi,7.0,Xe-lamp,390.0,100.0,1.23,298.15,3.3,0.5,2.521,,37.22,5.0,Yes,Medium,handy suspension prep,estimated,https://doi.org/10.1021/acsaem.1c00261,0
42,10.1021/acsaem.2c00974,2022.0,Junction Engineering in Si...,Silicon,SHJ/ITO/Ni/NiFe,1.1,PECVD+Sputter+Electro,,Porous layer,NiFe,,photoanode,,1.0 M NaOH,14.0,AM 1.5G,750.0,100.0,1.23,298.0,38.0,0.84,30.0,4.8,597.92,10.0,Yes,High,Record low onset,estimated,https://doi.org/10.1021/acsaem.2c00974,0
43,10.1021/acsaem.2c01869,2022.0,Boosting BiVO4 by WO3/BiVO4...,BiVO4,WO3/BiVO4/NiOOH,2.5,Sol-gel + PEPD,Coral-like,Nanorods,NiOOH,,photoanode,,2 M NaBi,,AM 1.5G,550.0,100.0,1.23,298.0,3.0,0.55,2.357,,42.6,,Yes,Medium,6.98x improvement,estimated,https://doi.org/10.1021/acsaem.2c01869,0
44,10.1021/acsaem.2c03345,2022.0,WO3/BiVO4 Heterojunction...,BiVO4,WO3/BVO/TiO2/FeOOHNiOOH,2.42,ALD,,,FeOOHNiOOH,ALD-TiO2,photoanode,2.2,0.5 M Na2SO4,5.9,AM 1.5G,,100.0,1.23,298.0,4.6,,4.154,,82.87,24.0,Yes,Medium,surface engineering,estimated,https://doi.org/10.1021/acsaem.2c03345,0
45,10.1021/acsaem.3c00290,2023.0,NdCo3 Catalyst with BiVO4...,BiVO4,NdCo3 catalyst,2.49,Electrodep+Drop cast,,,NdCo3,,photoanode,1410.0,1.0 M KBi,9.5,AM 1.5G,,100.0,1.23,298.0,2.25,,2.271,,31.75,1.0,Yes,Medium,molecular catalyst,estimated,https://doi.org/10.1021/acsaem.3c00290,0
46,10.1021/acsaem.3c01151,2023.0,Bi2Mo1-xWxO6 Solid Solutions...,Bi2MoO6,Bi2Mo0.9W0.1O6,2.63,Hydrothermal+Dr.Blade,Solid solution,,,,photoanode,,1 M KOH,13.4,AM 1.5G,,100.0,1.23,298.0,0.0366,,0.033,,0.46,12.0,Yes,Low,atomic level mechanism,estimated,https://doi.org/10.1021/acsaem.3c01151,0
47,10.1016/j.apmt.2024.102415,2024.0,Enhancing BiVO4 by ZrCl4...,BiVO4,SnO2/ZrCl4/BiVO4,2.54,Spin-coating,,,,,photoanode,,KBi + Na2SO3,9.0,AM 1.5G,550.0,100.0,1.23,298.0,1.37,0.23,1.134,,15.89,,Yes,Medium,37% improvement,estimated,https://doi.org/10.1016/j.apmt.2024.102415,0
48,10.1016/j.ijoes.2023.100216,2023.0,Nickel-based alloy nanoparticles...,NiCo/NiFe,NiCo4 and Ni4Fe,,Electrodeposition,,Nanoparticles,,,Electrolytic,,1.0 M KOH,13.8,,,,,298.0,,,,,,80.0,Yes,High,Non-PEC electrolyzer,estimated,https://doi.org/10.1016/j.ijoes.2023.100216,0
49,10.1016/j.energy-reviews.2023.100037,2023.0,Review of hydrocarbon-reforming...,Hydrocarbon,,,,,,,,,,,,,,,,298.0,,,,,,,Yes,Low,Review article,estimated,https://doi.org/10.1016/j.energy-reviews.2023.100037,0
50,10.1016/j.nxmate.2026.101599,2026.0,Quantum dot based solar cells,Quantum Dots,"PbX, CdX, Perovskite",1.56,SILAR + CBD,,Nanocrystals,,,Photovoltaic,,Polysulfide,,AM 1.5 G,1150.0,100.0,,298.0,31.5,,28.863,,518.22,,Yes,High,Review on PV cells,estimated,https://doi.org/10.1016/j.nxmate.2026.101599,0
51,10.5772/intechopen.1013619,2025.0,SiC in PEC Water Splitting...,SiC,3C-SiC,2.36,PVD + CVD + ALD,,Thin films,,,photoanode,,,,Visible light,525.0,,,298.0,,,,,,,Yes,Medium,Book chapter review,estimated,https://doi.org/10.5772/intechopen.1013619,0
52,10.1039/c6qm00009f,2016.0,g-C3N4/WO3 photoanode...,WO3,g-C3N4/WO3,2.65,Hydrothermal,Nanorod/Nanosheet,Heterojunction,,g-C3N4,photoanode,,0.1 M KH2PO4,6.7,Visible light,550.0,100.0,1.23,298.0,1.92,0.5,1.586,,33.65,6.6,Yes,Medium,Z-scheme heterojunction,estimated,https://doi.org/10.1039/c6qm00009f,0
53,10.1039/C7DT00900C,2017.0,Beta-Fe2O3 nanoparticle film...,Fe2O3,beta-Fe2O3,2.03,Evap / Calcination,Assembly,Nanoparticles,,TiO2,photoanode,,1 M NaOH,13.0,AM 1.5 G,,100.0,1.5,298.0,0.12,,0.086,,1.7,,Yes,Low,,estimated,https://doi.org/10.1039/C7DT00900C,0
54,10.1039/c8ta09583c,2019.0,Bi2Fe4O9 thin films...,Bi2Fe4O9,Bi/Fe (1:2),2.05,Solution Deposition,Planar film,,Co-Pi,,photoanode,100.0,0.2 M Na2SO4,6.5,AM 1.5 G,420.0,100.0,1.23,298.0,0.1,0.4,0.089,,1.39,3.0,Yes,Low,,estimated,https://doi.org/10.1039/c8ta09583c,0
55,10.1021/acsaem.0c00169,2020.0,BiVO4@CoPi Photoanode...,BiVO4,NSCN/PANI@CoPi,2.4,Electrodeposition,Nanoplate array,,CoPi,"NSCN, PANI",photoanode,,0.1 M K-Phos,7.0,AM 1.5 G,575.0,100.0,1.23,298.0,4.46,0.3,4.49,1.13,71.7,10.0,Yes,High,,estimated,https://doi.org/10.1021/acsaem.0c00169,0
56,10.1002/aenm.201601805,2016.0,NiFe Alloy Protected Si...,Silicon,np+-Si/SiOx/NiFe,1.12,Electrodeposition,,Ultrathin layer,NiFe alloy,SiOx,photoanode,,1.0 M KOH,13.7,AM 1.5 G,,100.0,1.23,298.0,30.7,0.89,27.42,,405.91,100.0,Yes,High,NiFe protection,estimated,https://doi.org/10.1002/aenm.201601805,0
57,10.1002/ente.201700001,2017.0,Plasmonic Au-TiO2/ZnO arrays...,TiO2/ZnO,Au-TiO2/ZnO,3.2,Hydrothermal,Nanorods,Core-shell,Au,ZnO,photoanode,,0.5 M Na2SO4,6.2,Xe lamp,400.0,100.0,1.5,298.0,3.0,0.14,2.637,1.32,49.58,1.1,Yes,High,core-shell nanorods,estimated,https://doi.org/10.1002/ente.201700001,0
58,10.1016/j.surfin.2018.12.011,2018.0,NiO with alpha-Fe2O3 for PEC...,alpha-Fe2O3,NiO/alpha-Fe2O3,2.1,Hydrothermal,,Nanocrystalline,NiO,,photoanode,,1 M KOH,13.6,White LED,,100.0,0.4,298.0,0.17,0.6,0.16,,2.6,1.0,Yes,Low,,estimated,https://doi.org/10.1016/j.surfin.2018.12.011,0
59,10.1016/j.tsf.2018.05.019,2018.0,Titania and hematite films...,TiO2/Fe2O3,Hematite on Titania,3.2,Spin coating / PEC,Mesoporous,Nanostructured,,,photoanode,252.0,1 M NaOH,13.1,AM 1.5,,100.0,1.23,298.0,0.5,,0.359,,8.95,,Yes,Low,,estimated,https://doi.org/10.1016/j.tsf.2018.05.019,0
60,10.1021/jacs.5b08329,2015.0,Mg-Zr substituted Ta3N5...,Ta3N5,Mg-Zr substituted,2.15,Particle Transfer,,Particulate layer,CoOx-FeOx,,photoanode,,0.1 M Na2SO4,13.0,AM 1.5 G,500.0,100.0,1.23,298.0,2.3,0.55,2.462,0.59,34.97,,Yes,Medium,particulate layer,estimated,https://doi.org/10.1021/jacs.5b08329,0
61,10.3390/ma18163869,2025.0,Na/Ag MnxOy Composites...,MnxOy,Na/Ag MnxOy,,Molten Salt,,Composites,,,Capacitor,,0.1 M Na2SO4,5.8,,,,,298.0,,,,,,,Yes,Low,Pseudocapacitors,estimated,https://doi.org/10.3390/ma18163869,0
62,10.3390/molecules27165218,2022.0,BiVO4/Diamond Heterojunction...,BiVO4/BDD,BiVO4 on p-type BDD,2.5,Magnetron Sputter,Porous film,Ultra-micro,,BDD,photoanode,,0.1 M Na2SO4,6.0,AM 1.5,500.0,100.0,1.23,298.0,1.8,0.6,1.853,,23.03,,Yes,Medium,ultra-micro electrodes,estimated,https://doi.org/10.3390/molecules27165218,0
63,10.3390/molecules29020372,2024.0,WO3/BiVO4 Heterojunction Arrays...,WO3/BiVO4,BiVO4-NP@WO3-NF,2.5,Hydro/Solvothermal,Nanoflake array,Nanoparticles,,,photoanode,3200.0,0.2 M KPi buffer,7.1,AM 1.5 G,,100.0,1.23,298.0,3.53,0.69,3.576,0.23,47.5,1.0,Yes,High,,estimated,https://doi.org/10.3390/molecules29020372,0
64,10.1007/s10854-019-02521-4,2019.0,W-doped BiVO4 photoanode...,BiVO4,W-doped (5%),2.34,Spin coating,,Multilayer gradient,,,photoanode,,0.5 M Na2SO4,6.4,Simulated solar,550.0,100.0,1.23,298.0,1.17,,1.136,0.23,15.55,,Yes,Medium,gradient doping,estimated,https://doi.org/10.1007/s10854-019-02521-4,0
65,10.1021/acsaem.5c00150,2025.0,W-Doped BiVO4 Photoanodes...,BiVO4,W-doped (1–5%),2.5,Sol-gel,,,,,photoanode,,0.5 M Na2SO4,7.0,AM 1.5 G,675.0,100.0,1.23,298.0,0.1,,0.079,0.26,1.49,1.0,Yes,Low,persulfate production,estimated,https://doi.org/10.1021/acsaem.5c00150,0
66,10.1016/j.ijhydene.2026.154253,2026.0,Reactor design for PEC...,,,,,,,,,,,,,AM 1.5G,,100.0,,298.0,,,,,,,Yes,Medium,Review article,estimated,https://doi.org/10.1016/j.ijhydene.2026.154253,0
67,10.1016/j.heliyon.2024.e27078,2024.0,Multi-layered HfO2/alpha-Fe2O3...,alpha-Fe2O3,HfO2/alpha-Fe2O3,2.12,RF magnetron sputter,Thin film,nano-heterostructure,HfO2,,photoanode,100.0,1.0 M NaOH,13.6,AM 1.5,525.0,100.0,1.23,298.0,1.46,,1.039,,19.1,,Yes,Medium,Type II junction,estimated,https://doi.org/10.1016/j.heliyon.2024.e27078,0
68,10.1016/j.mset.2026.01.002,2026.0,Graphene review,Graphene,Metal-oxide doped,,,,,,,Cathode,,alkaline solution,,Solar-driven,,,,298.0,,,,,,,Yes,Low,Review article,estimated,https://doi.org/10.1016/j.mset.2026.01.002,0
69,10.1016/j.eesus.2025.100019,2025.0,Role of Ni and Fe in NiFeOx...,BiVO4,NiFeOx co-catalyzed,2.41,Electrodeposition,,,NiFeOx,,photoanode,,,,,,,,298.0,,,,,,,Yes,Medium,OER kinetics focus,estimated,https://doi.org/10.1016/j.eesus.2025.100019,0
70,10.1021/acs.jpcc.0c04900,2020.0,Ni(OH)2/WO3 for Low Bias,WO3,Ni(OH)2/WO3,2.78,,,,Ni(OH)2,,photoanode,,0.5 M H2SO4,0.2,AM 1.5G,,100.0,0.6,298.0,1.4,,1.034,,18.8,,Yes,Medium,low bias activity,estimated,https://doi.org/10.1021/acs.jpcc.0c04900,0
71,10.1021/acsami.6b04142,2016.0,Bulk/surface engineering...,alpha-Fe2O3,Ti-Fe2O3-FeOOH,2.05,Hydrothermal,Nanorod arrays,Nanorods,FeOOH,,photoanode,,1 M KOH,13.6,AM 1.5G,550.0,100.0,1.23,298.0,2.5,0.8,1.66,,26.61,3.5,Yes,Medium,Synergistic effect,estimated,https://doi.org/10.1021/acsami.6b04142,0
72,10.1002/anie.201703491,2017.0,PEC treated BiVO4...,BiVO4,CoBi loaded,2.41,Hydrothermal + PEC,Vertical films,,CoBi,,photoanode,,,,AM 1.5G,,100.0,1.23,298.0,3.2,,1.1,1.1,50.22,,Yes,High,oxygen vacancies,estimated,https://doi.org/10.1002/anie.201703491,0
73,10.1039/C8NR06342G,2018.0,Serial Hole transfer layers...,BiVO4,NiOOH/FeOOH/Fe2O3,2.4,,,,NiOOH/FeOOH,,photoanode,,0.1 M KH2PO4,7.0,AM 1.5G,400.0,100.0,0.0,298.0,2.6,,3.2,,25.1,,Yes,High,Si tandem integration,estimated,https://doi.org/10.1039/C8NR06342G,0
74,10.1002/ente.201800899,2018.0,Passivation of Hematite...,alpha-Fe2O3,Fe2O3/SnOx/FeOOH,2.08,,,,FeOOH,FexSn1-xO4,photoanode,,,,illumination,,100.0,1.23,298.0,,,,,,,Yes,Medium,dual layer synergy,estimated,https://doi.org/10.1002/ente.201800899,0
75,10.1016/j.ijhydene.2016.12.036,2016.0,Ternary Ag/TiO2/CNT...,TiO2,Ag/TiO2/CNT,3.2,Ag NP grafting,,Carbon nanotubes,Ag nanoparticles,,photoanode,,0.5 M Na2SO4,6.2,White light,,20.0,1.0,298.0,0.718,0.4,3.283,,10.7,,Yes,Medium,plasmonic enhancement,estimated,https://doi.org/10.1016/j.ijhydene.2016.12.036,0
76,10.1016/j.ijhydene.2017.10.080,2017.0,Hematite nanorods Co-Sn doping...,alpha-Fe2O3,Co and Sn co-doping,2.04,,Nanorods,Nanorods,,,photoanode,,,,1 sun,525.0,100.0,1.23,298.0,1.25,0.76,0.917,,18.26,1.0,Yes,Medium,co-doping effect,estimated,https://doi.org/10.1016/j.ijhydene.2017.10.080,0
77,10.1016/j.jallcom.2016.12.261,2017.0,Cu2O/Cu2S-ZnO/CdS tandem...,ZnO,Cu2O/Cu2S-ZnO/CdS,2.0,,,,"CdS, Cu2S",,Tandem Cell,,,,Xenon lamp,,,0.0,298.0,0.1,,0.38,,1.12,,Yes,Medium,spectral matching,estimated,https://doi.org/10.1016/j.jallcom.2016.12.261,0
78,10.1016/j.jcat.2020.09.014,2020.0,MOF Coated Hematite...,alpha-Fe2O3,Fe2O3/MIL-88B@ZIF-67,2.12,Hydrothermal + Spin,Nanowires,Nanowires,MIL-88B@ZIF-67,,photoanode,,1 M NaOH,13.5,Simulated solar,583.0,100.0,1.23,298.0,2.52,0.6,1.895,0.42,45.0,20.0,Yes,Medium,dual MOF catalyst,estimated,https://doi.org/10.1016/j.jcat.2020.09.014,0
79,10.1016/j.jelechem.2019.113361,2019.0,WS2 nanosheets CVD doping...,WS2,Ti and Mo doped,1.81,Low temp CVD,Nanosheets,Nanosheets,,,photoanode,,White light,,,1.23,,10.0,,,2.84,,,,,conductivity focus,,,estimated,https://doi.org/10.1016/j.jelechem.2019.113361,0
80,10.1016/j.nanoen.2017.09.032,2017.0,Tandem cell highly-stable...,WO3,Front WO3/TiO2 NP,2.78,Epitaxial growth,nanoplates,Nanoprickles,,TiO2 nanoprickles,Tandem Cell,,1 M HClO4,0.1,AM 1.5,,100.0,0.0,298.0,2.8,,3.461,,52.78,840.0,Yes,High,840h duration,estimated,https://doi.org/10.1016/j.nanoen.2017.09.032,0
81,10.3390/nano14131100,2024.0,Dual Modification of BiVO4...,BiVO4,NiFe-LDH/CdS/BiVO4,2.4,Electrodep + Immers,Film,Nanoparticles,"NiFe-LDH, CdS",,photoanode,,0.5 M Na2SO4,6.1,AM 1.5G,500.0,100.0,1.23,298.0,2.5,0.2,9.0,,42.06,,Yes,Medium,dual modification,estimated,https://doi.org/10.3390/nano14131100,0
82,10.1038/s41598-024-66645-2,2024.0,Magnetic resonance study...,NaGdF4,,,,nanoparticles,,,,,,,,,,,,298.0,,,,,,,Yes,Low,biological MRI study,estimated,https://doi.org/10.1038/s41598-024-66645-2,0
83,10.1039/d4sc04678a,2024.0,Supramolecular CN...,CN,Ru15 molecular cat,2.5,dipping + thermal,porous film,porous,Ru15,,photoanode,,Na-Phos buffer,7.0,simulated 1 sun,,100.0,1.23,298.0,180.0,0.55,30.0,,2651.66,5.0,Yes,Medium,supramolecular int.,estimated,https://doi.org/10.1039/d4sc04678a,0
84,10.1002/smll.202514668,2026.0,f-Block Element MOF Films...,f-MOF,,,LbL + electrodep,thin film,,,,,,,,,,,,298.0,,,,,,,Yes,Medium,review article,estimated,https://doi.org/10.1002/smll.202514668,0
85,10.1021/acssynbio.5b00179,2015.0,Gene oscillators study,,,,,,,,,,,,,,,,,298.0,,,,,,,Yes,Low,biological study,estimated,https://doi.org/10.1021/acssynbio.5b00179,0
86,10.1021/acsami.6b12640,2016.0,Properties of alpha-SnWO4...,alpha-SnWO4,,1.78,hydrothermal conv,porous film,,,,photoanode,,0.5 M KPi buffer,7.0,Xe lamp,700.0,100.0,1.23,298.0,0.08,-0.1,0.079,,1.13,,Yes,Low,hydrothermal conv,estimated,https://doi.org/10.1021/acsami.6b12640,0
87,10.1002/adfm.201702428,2017.0,Iron Titanate Nanotubes...,Fe2TiO5,H2 treatment,2.15,microwave anneal,nanotube array,highly ordered,FeNiOx,TiO2 underlayer,photoanode,1000.0,1 M NaOH,13.6,simulated 1 sun,,100.0,1.23,298.0,0.93,0.55,0.679,,13.04,2.5,Yes,Medium,HMA synthesis,estimated,https://doi.org/10.1002/adfm.201702428,0
88,10.1002/advs.201800727,2018.0,Cascade Photoanodes MnO...,BiVO4,ligand-engineered MnO,2.4,pulsed electrodep,nanorods,heterojunction,BF4-treated MnO,,photoanode,50.0,0.5 M phosphate,6.8,1.5 G solar light,,100.0,1.23,298.0,6.25,,4.967,,80.85,,Yes,High,ligand-engineering,estimated,https://doi.org/10.1002/advs.201800727,0
89,10.1039/c8ta09886g,2018.0,BiVO4 NPs on WO3...,BiVO4,Mo-doped (2 wt%),2.4,confined growth,porous scaffold,heterojunction,FeOOH/NiOOH,,photoanode,,0.5 M Na2SO4,7.0,AM 1.5G,,100.0,1.23,298.0,5.8,,5.216,,110.84,,Yes,High,Rayleigh scattering,estimated,https://doi.org/10.1039/c8ta09886g,0
90,10.1016/j.apcatb.2017.04.075,2017.0,Fe2O3 Turn-on Improvement...,Fe2O3,,2.1,hydrothermal,nanowire,3D,FeCoW oxy-hydroxide,,photoanode,,1.0 M NaOH,13.6,AM 1.5,,100.0,1.23,298.0,1.18,0.67,0.947,,20.45,,Yes,Medium,FeCoW gel coating,estimated,https://doi.org/10.1016/j.apcatb.2017.04.075,0
91,10.1016/j.apcatb.2017.05.072,2017.0,WO3/BiVO4 Synthesis...,BiVO4,Mo-doped (2 at.%),2.48,spin-coating reaction,nanoplate array,heterojunction,Co-Pi,,photoanode,980.0,0.5 M K2SO4,7.0,Xe lamp,,100.0,1.23,298.0,5.24,,4.672,,94.7,3.0,Yes,High,stoichiometric gas,estimated,https://doi.org/10.1016/j.apcatb.2017.05.072,0
92,10.1016/j.ijhydene.2021.02.094,2021.0,CoP-Modified BiVO4...,BiVO4,,2.4,electrodeposition,nanoporous,,CoP nanoparticles,,photoanode,,1.0 M potassium borate,9.0,AM 1.5G,420.0,100.0,1.23,298.0,4.1,0.3,3.33,1.5,53.67,,Yes,High,CoP cocatalyst,estimated,https://doi.org/10.1016/j.ijhydene.2021.02.094,0
93,10.1016/j.jallcom.2020.154449,2020.0,ZnO/ZnFe2O4 Core-Shell...,ZnO/ZnFe2O4,PbS quantum dots,1.89,ion exchange reaction,core/shell array,hierarchical,PbS quantum dots,,photoanode,,0.1 M Na2SO4,7.0,AM 1.5 filter,,100.0,0.6,298.0,0.577,0.3,0.426,0.39,7.18,2.0,Yes,Medium,visible sensitizer,estimated,https://doi.org/10.1016/j.jallcom.2020.154449,0
94,10.1016/j.jelechem.2019.01.056,2019.0,Hierarchical TiO2/Fe2O3...,TiO2/Fe2O3,,2.1,electrophoretic dep,hierarchical nanorods,3D hierarchical,,TiN underlayer,photoanode,900.0,1 M NaOH,13.6,Xe lamp,,100.0,1.23,298.0,1.79,,1.355,,24.01,,Yes,Medium,TiN underlayer,estimated,https://doi.org/10.1016/j.jelechem.2019.01.056,0
95,10.1016/j.jpowsour.2018.04.074,2018.0,Polyaniline in BiVO4...,BiVO4,,2.48,photoelectrodep,,core/shell,NiOOH,PANI HTL,photoanode,,0.1 M KH2PO4,7.0,AM 1.5G,430.0,100.0,1.23,298.0,3.31,,3.098,1.2,59.99,3.0,Yes,High,PANI hole-transport,estimated,https://doi.org/10.1016/j.jpowsour.2018.04.074,0
96,10.1016/j.nanoen.2017.10.061,2017.0,Flexible PVDF/Cu/NaNbO3...,NaNbO3,,,,thin film,flexible,,,photoanode,,0.5 M NaOH,13.7,halogen lamp,,100.0,,298.0,1.25,,1.261,,15.17,,Yes,Medium,piezophototronic,estimated,https://doi.org/10.1016/j.nanoen.2017.10.061,0
97,10.3390/nano14171609,2024.0,Templating Iron Oxides on DNA,alpha-Fe2O3,,3.2,hydrolysis,needle-like,dendritic,,,,,,,,,,,298.0,,,,,,,Yes,Low,DNA template study,estimated,https://doi.org/10.3390/nano14171609,0
98,10.1142/S1793604715500587,2015.0,Fe2O3/ZnO heterojunction...,Fe2O3/ZnO,,2.03,hydrothermal,,heterojunction,,,photoanode,,,,,,47.0,0.15,298.0,0.07,,0.133,0.06,1.0,,Yes,Low,ZnO quantity effect,estimated,https://doi.org/10.1142/S1793604715500587,0
99,10.1021/am5042324,2014.0,Laminin to Microposts...,,laminin,,,microposts,,,,,,,,,,,,298.0,,,,,,,Yes,Low,biological study,estimated,https://doi.org/10.1021/am5042324,0
100,10.1016/S1872-2067(17)62987-5,2018.0,NiFe LDH on BiVO4...,BiVO4,NiFe-LDH nanoparticles,2.45,hydrothermal,film with NPs,nanoparticles,NiFe-LDH,,photoanode,,,,visible-light,,,1.23,298.0,,,,,,,Yes,Medium,stability focus,estimated,https://doi.org/10.1016/S1872-2067(17)62987-5,0
101,10.1002/adfm.201500383,2015.0,Hematite Films Decorated with Nanostructured Ferric Oxyhydroxide as Photoanodes for Efficient and Stable Photoelectrochemical Water Splitting,alpha-Fe2O3,Fe2O3/FeOOH,2.05,PLD and photoelectrodeposition,film,nanostructured FeOOH,FeOOH,,photoanode,70.0,1 M NaOH,13.6,AM 1.5 G,400.0,100.0,1.23,298.0,0.85,0.63,0.854,,12.53,70.0,yes,medium,97.3% Faradaic efficiency,estimated,https://doi.org/10.1002/adfm.201500383,0
102,10.1039/C5RA20115B,2016.0,Photoelectrochemical Cell for Unassisted Overall Solar Water Splitting Using BiVO4 Photoanode and Si Nanoarray Photocathode,BiVO4 / Si,BiVO4 anode / Si cathode,2.49,,nanoarray,nanoarray,"Co-Pi, Pt",,tandem cell,,potassium phosphate,5.5,solar,,,0.0,298.0,0.4602,0.3,8.7,,5.0,,yes,high,unassisted overall splitting,estimated,https://doi.org/10.1039/C5RA20115B,0
103,10.1016/j.apcatb.2020.119189,2020.0,A cobalt silicate modified BiVO4 photoanode for efficient solar water oxidation,BiVO4,cobalt silicate modified,2.41,photoelectrophoretic deposition,,,cobalt silicate (Co-Sil),,photoanode,,0.5 M potassium borate,9.5,AM 1.5 G,,100.0,1.23,298.0,5.0,,4.536,,84.51,,yes,high,high photocurrent density,estimated,https://doi.org/10.1016/j.apcatb.2020.119189,0
104,10.1016/j.ijhydene.2016.08.168,2016.0,Cobalt-Phosphate modified TiO2/BiVO4 nanoarrays photoanode for efficient water splitting,TiO2/BiVO4,Co-Pi modified TiO2/BiVO4,1.23,electrodeposition,nanorod arrays,nanorod array,Co-Pi,,photoanode,35.0,0.1 M KH2PO4 / 0.1 M Na2SO3,7.0,AM 1.5 G,470.0,100.0,1.0,298.0,1.86,0.3,0.57,,7310.0,,yes,medium,1D electron tunnel design,estimated,https://doi.org/10.1016/j.ijhydene.2016.08.168,0
105,10.1016/j.jcis.2018.10.074,2018.0,Hierarchical architectures of wrinkle-like ZnFe2O4 nanosheet-enwrapped ZnO nanotubes arrays for remarkably photoelectrochemical water splitting to produce hydrogen,ZnO/ZnFe2O4,ZnFe2O4 on ZnO,3.27,,nanotube arrays,hierarchical nanotubes,,,photoanode,,,,sunlight,,,0.6,298.0,1.3,,1.365,,19.3,,yes,medium,wrinkles-like nanosheets,estimated,https://doi.org/10.1016/j.jcis.2018.10.074,0
106,10.1016/j.jelechem.2020.114692,2020.0,"Cu2+ and Y3+ co-doped effect on morphology, structural, optical and photoelectrochemical properties of Fe2O3 photoanode",alpha-Fe2O3,Cu and Y co-doped,1.35,hydrothermal,nanostructured,nanostructure,,,photoanode,,0.1 M KOH,13.3,visible-light,420.0,100.0,,298.0,0.44,,0.438,,4.92,,yes,low,bandgap decreased with doping,estimated,https://doi.org/10.1016/j.jelechem.2020.114692,0
107,10.1016/j.mtcomm.2021.102231,2021.0,alpha-Fe2O3 nanorods decorated with NiMnO3 co-catalyst as photoanode for enhanced oxygen evolution reaction in photoelectrochemical water splitting,alpha-Fe2O3,NiMnO3 decorated,2.19,two-step hydrothermal,nanorods,nanorods,NiMnO3,,photoanode,,1 M NaOH,13.6,xenon lamp,,100.0,1.23,298.0,2.96,,2.434,,47.8,8.0,yes,medium,flower-like morphology,estimated,https://doi.org/10.1016/j.mtcomm.2021.102231,0
108,10.3390/molecules29020372,2024.0,Preparation of Surface Dispersed WO3/BiVO4 Heterojunction Arrays and Their Photoelectrochemical Performance for Water Splitting,WO3/BiVO4,WO3/BiVO4 heterojunction,2.49,hydrothermal,arrays,nanoplates,,,photoanode,,,,,,,1.23,298.0,2.95,0.69,2.836,0.23,44.94,,yes,medium,surface dispersed arrays,estimated,https://doi.org/10.3390/molecules29020372,0
109,10.1007/s10971-019-05179-w,2019.0,Photoelectrochemical tandem cell of Se/BiVO4 photoanode and Cr2O3/CuO:Ni photocathode in aqueous medium,BiVO4 / Cr2O3,Se/BiVO4 anode / CuO:Ni cathode,2.75,sol-gel / hybrid,,,"Se, Ni",,tandem cell,,0.5 M Na2SO4,7.0,AM 1.5 G,,100.0,0.0,298.0,0.03,,0.05,,0.53,,yes,low,neutral pH water splitting,estimated,https://doi.org/10.1007/s10971-019-05179-w,0
110,10.1002/smll.201800395,2018.0,3D FTO/FTO-Nanocrystal/TiO2 Composite Inverse Opal Photoanode for Efficient Photoelectrochemical Water Splitting,TiO2,FTO-NC/TiO2,3.2,hydrothermal and ALD,3D inverse opal,inverse opal,,,photoanode,20.0,1 M NaOH,13.9,AM 1.5 G,,100.0,1.23,298.0,1.0,,0.856,,15.69,,yes,medium,host-guest skeleton,estimated,https://doi.org/10.1002/smll.201800395,0
111,10.1002/solr.202000437,2020.0,High Throughput Discovery of Effective Metal Doping in FeVO4 for Photoelectrochemical Water Splitting,FeVO4,Cr-doped FeVO4,,inkjet printing,thin film,,,,photoanode,,0.1 M potassium phosphate,7.0,AM 1.5,500.0,100.0,1.6,298.0,0.062,0.8,0.042,,0.98,,uA/cm2,low,Discovery of Cr as dopant,estimated,https://doi.org/10.1002/solr.202000437,0
112,10.1016/j.solidstatesciences.2023.107379,2024.0,Growth of Ag2S-sensitizer on MoS2/ZnO nanocable arrays for improved solar driven photoelectrochemical water splitting,ZnO,Ag2S/MoS2/ZnO,1.5,"Hydrothermal, solvothermal, and SILAR",Nanocable arrays,Core-shell,"MoS2, Ag2S",,Photoanode,,0.1 M Na2S and 0.1 M Na2SO3,13.0,1 sun simulated illumination,,100.0,1.23,298.0,2.0,,1.676,,28.95,,yes,medium,8 SILAR cycles,estimated,https://doi.org/10.1016/j.solidstatesciences.2023.107379,0
113,10.1021/acs.chemmater.7b03587,2017.0,"Investigation of Pristine and (Mo, W)-Doped Cu11V6O26 for Use as Photoanodes for Solar Water Splitting",Cu11V6O26,3% W-doped,1.9,Electrochemical deposition and annealing,Fibrous film,Fibrous,,,Photoanode,,pH 9.2 borate buffer,9.2,AM 1.5G,,100.0,1.23,298.0,0.075,0.87,0.068,,1.45,2.0,yes,low,3% W dopant optimal,estimated,https://doi.org/10.1021/acs.chemmater.7b03587,0
114,10.1021/acs.jpcc.1c02964,2021.0,Cu2S/BiVO4 Heterostructure Photoanode with Extended Wavelength Range for Efficient Water Splitting,BiVO4,CoFe-OH/Cu2S/BiVO4,1.2,SILAR and electrodeposition,Worm-like,Heterojunction,CoFe-OH,CoFe-OH,Photoanode,2.5,0.5 M phosphate buffer saline,9.0,AM 1.5G,,100.0,1.23,298.0,3.07,0.31,2.528,0.83,40.83,1.0,yes,high,CoFe-OH acts as protective layer,estimated,https://doi.org/10.1021/acs.jpcc.1c02964,0
115,10.1021/acsami.7b04486,2017.0,"Integrating a Semi-Transparent, Fullerene-Free Organic Solar Cell in Tandem with a BiVO4 Photoanode for Unassisted Solar Water Splitting",BiVO4,BiVO4/FeOOH/NiOOH,2.4,Photoelectrochemical deposition,Nanoporous,Nanoporous,"FeOOH, NiOOH",,Photoanode,700.0,1.0 M potassium borate buffer,9.3,AM 1.5G,,100.0,0.0,298.0,1.79,0.25,2.2,,28.79,1.0,yes,high,Unassisted unassisted system,estimated,https://doi.org/10.1021/acsami.7b04486,0
116,10.1002/adfm.201603021,2016.0,Enhanced Water-Splitting Performance of Perovskite SrTaO2N Photoanode Film through Ameliorating Interparticle Charge Transport,SrTaO2N,SrTaO2N(H),2.1,One-step flux and H2 annealing,Granular film,Granular particles,Co-Pi,,Photoanode,,1 M NaOH,13.6,AM 1.5G,420.0,100.0,1.23,298.0,1.1,0.6,0.83,,11.73,1.0,yes,medium,H2 annealing improves transport,estimated,https://doi.org/10.1002/adfm.201603021,0
117,10.1002/adfm.201802685,2018.0,New Iron-Cobalt Oxide Catalysts Promoting BiVO4 Films for Photoelectrochemical Water Splitting,BiVO4,FeCoOx/BiVO4,2.45,PED and calcination,Planar film,Compact layer,FeCoOx,,Photoanode,250.0,1 M potassium borate,9.5,AM 1.5G,,100.0,1.23,298.0,4.82,0.4,3.671,1.16,86.5,10.0,yes,high,Oxygen vacancies in catalyst,estimated,https://doi.org/10.1002/adfm.201802685,0
118,10.1016/j.apcatb.2017.12.033,2018.0,Improving solar water-splitting performance of LaTaON2 by bulk defect control and interface engineering,LaTaON2,CoOx/LaTaON2,1.9,Flux-assisted ammonolysis and EPD,Particle-assembled,Hybrid nanostructure,CoOx,,Photoanode,,1 M NaOH,13.6,AM 1.5G,420.0,100.0,1.23,298.0,1.1,0.4,0.879,,15.12,,yes,medium,Bulk defect control approach,estimated,https://doi.org/10.1016/j.apcatb.2017.12.033,0
119,10.1016/j.ijhydene.2018.10.170,2018.0,An iron oxide -copper bismuth oxide photoelectrochemical cell for spontaneous water splitting,Fe2O3,Co-doped Fe2O3/CoFeOx,2.1,Hydrothermal,Nanostructured,,CoFeOx,,Photoanode,,1.0 M KOH,13.6,AM 1.5G,550.0,100.0,1.23,298.0,0.81,0.55,0.15,,8.11,1.16,yes,low,Parallel cell with CuBi2O4,estimated,https://doi.org/10.1016/j.ijhydene.2018.10.170,0
120,10.1016/j.jallcom.2017.02.302,2017.0,Electrosprayed copper hexaoxodivanadate (CuV2O6) and pyrovanadate (Cu2V2O7) photoanodes for efficient solar water splitting,Cu2V2O7,,2.0,Electrostatic spray deposition,Thin film,,,,Photoanode,20000.0,0.1 M borate and 0.1 M Na2SO3,9.2,AM 1.5G,,100.0,1.23,298.0,0.65,1.05,0.613,,8.98,,yes,low,500°C annealing optimal,estimated,https://doi.org/10.1016/j.jallcom.2017.02.302,0
121,10.3390/molecules28145362,2023.0,Research on the Mechanism of Low-Temperature Oxidation of Asphaltene,Asphaltene,,,Low-temperature oxidation,Powder,,,,,,,,,,,,323.0,,,,,,,low,Heavy oil oxidation study,,original,https://doi.org/10.3390/molecules28145362,0
122,10.1021/acsami.2c19868,2023.0,Photoelectrochemical Water Splitting with ITO/WO3/BiVO4/CoPi Multishell Nanotubes Enabled by a Vacuum and Plasma Soft-Template Synthesis,BiVO4,ITO/WO3/BiVO4/CoPi,2.4,Soft-template and sputtering,Multishell nanotubes,Multishell NTs,CoPi,,Photoanode,75.0,0.5 M Na2SO4,7.0,AM 1.5G solar simulator,500.0,100.0,1.23,298.0,2.23,0.63,1.631,,40.95,3.0,yes,medium,Concentric multishell structure,estimated,https://doi.org/10.1021/acsami.2c19868,0
123,10.1002/cssc.202402764,2025.0,Elucidating Carrier Dynamics and Interface Engineering in Sb2S3: Towards Efficient Photoanode for Water Oxidation,Sb2S3,SnO2/Sb2S3 heterojunction,1.7,Vapor deposition,Thin film,Heterojunction,,,Photoanode,,0.5 M Na2SO4,5.0,intermittent simulated 1 sun,,100.0,1.38,298.0,3.0,-0.2,2.954,0.4,31.88,0.25,yes,high,SnO2 used as ETL,estimated,https://doi.org/10.1002/cssc.202402764,0
124,10.1039/d3ra07738a,2024.0,Integration of a Cu2O/ZnO heterojunction and Ag@SiO2 into a photoanode for enhanced solar water oxidation,ZnO/Cu2O,FTO/ZnO/Cu2O/Ag@SiO2,3.3,Hydrothermal,Nanosheet-like,vertical nanosheets,Ag@SiO2,SiO2,photoanode,5.0,1.0 M NaOH,13.1,AM 1.5G,325.0,100.0,1.23,298.0,0.77,0.45,0.69,,12.77,,yes,medium,Nanosheets 50nm diam,estimated,https://doi.org/10.1039/d3ra07738a,0
125,10.1021/acsami.7b04486,2017.0,"Integrating a Semi-Transparent, Fullerene-Free Organic Solar Cell in Tandem with a BiVO4 Photoanode for Unassisted Solar Water Splitting",BiVO4,FeOOH/NiOOH coated,2.4,photoelectrochemical deposition,Nanoporous,nanoporous,FeOOH/NiOOH,,photoanode,700.0,1.0 M potassium borate,9.3,AM 1.5G,,100.0,0.0,298.0,1.79,,2.2,,23.06,1.0,yes,high,H2:O2 ratio 1.9:1,estimated,https://doi.org/10.1021/acsami.7b04486,0
126,10.1002/aenm.201401933,2014.0,Awakening Solar Water-Splitting Activity of ZnFe2O4 Nanorods by Hybrid Microwave Annealing,ZnFe2O4,Co-Pi modified,2.0,All-solution + Microwave annealing,Nanorods,1D nanorods,Co-Pi,,photoanode,,1 M NaOH,13.6,AM 1.5G,,100.0,1.23,298.0,0.24,0.9,0.173,,7.0,3.0,yes,medium,HMA treatment at >550°C,estimated,https://doi.org/10.1002/aenm.201401933,0
127,10.1016/j.apcatb.2017.12.033,2017.0,Improving solar water-splitting performance of LaTaON2 by bulk defect control and interface engineering,LaTaON2,CoOx modification,1.9,Flux-assisted ammonolysis,Particle-assembled,porous microparticles,CoOx,TiOx,photoanode,2000.0,1 M NaOH,13.6,AM 1.5G,,100.0,1.6,298.0,2.1,0.5,2.122,,28.46,,yes,high,PC1350 sample,estimated,https://doi.org/10.1016/j.apcatb.2017.12.033,0
128,10.1016/j.apsusc.2018.11.184,2018.0,3D ordered urchin-like TiO2@Fe2O3 arrays photoanode for efficient photoelectrochemical water splitting,TiO2@Fe2O3,TiO2 passivation,2.15,ALD + hydrothermal,Urchin-like,3D ordered arrays,Co-Pi,TiO2,photoanode,10.0,1.0 M NaOH,13.5,AM 1.5G,450.0,100.0,1.23,298.0,1.58,0.8,1.324,,28.13,1.0,yes,medium-high,ALD passivation layer 2nm,estimated,https://doi.org/10.1016/j.apsusc.2018.11.184,0
129,10.1016/j.cclet.2020.09.037,2020.0,TiO2/CuPc/NiFe-LDH photoanode for efficient photoelectrochemical water splitting,TiO2,CuPc/NiFe-LDH,3.0,Hydrothermal + LBL,Nanorod arrays,nanorods,NiFe-LDH,,photoanode,2500.0,0.5 M Na2SO4,6.0,simulated sunlight,,100.0,1.25,298.0,2.1,0.7,1.416,,36.55,5.0,yes,high,6 bilayers CuPc/LDH,estimated,https://doi.org/10.1016/j.cclet.2020.09.037,0
130,10.1016/j.ijhydene.2018.10.170,2018.0,An iron oxide -copper bismuth oxide photoelectrochemical cell for spontaneous water splitting,Fe2O3/CuBi2O4,Co-doped Fe2O3,2.1,Hydrothermal,Nanostructured,,CoFeOx,,photoanode,,1.0 M KOH,13.6,AM 1.5G,550.0,100.0,,298.0,0.81,0.55,0.15,,13.63,1.0,yes,medium,Bias-free device result,estimated,https://doi.org/10.1016/j.ijhydene.2018.10.170,0
131,10.1016/j.inoche.2019.107480,2019.0,Excellent performance of water oxidation at low bias potential achieved by transparent WO3/BiVO4 photoanode integrated with molecular nickel porphyrin,WO3/BiVO4,Ni porphyrin (NiTCPP),2.4,Spin-coating,Ultra-thin film,core/shell,NiTCPP,,photoanode,,potassium phosphate,6.86,AM 1.5G,514.0,100.0,0.6,298.0,0.26,0.7,0.218,0.25,4.3,0.25,yes,low-medium,ABPE max at 0.82VRHE,estimated,https://doi.org/10.1016/j.inoche.2019.107480,0
132,10.1016/j.matchar.2019.04.024,2019.0,"Ultrafine M-doped TiO2 (M=Fe, Ce, La) nanosphere photoanodes for photoelectrochemical water-splitting applications",TiO2,10% La-doped,2.72,Solvothermal,Nanospheres,nanospheres,,,photoanode,,1 M KOH,13.6,Simulated sunlight,420.0,100.0,,298.0,0.48,,0.551,,7.61,2.0,yes,medium,particle size 15nm,estimated,https://doi.org/10.1016/j.matchar.2019.04.024,0
133,10.1166/jnn.2017.12410,2017.0,Enhanced Photoelectrochemical Water Splitting Behaviour of Tuned Band Gap CdSe QDs Sensitized LaB6,LaB6,CdSe sensitized,4.0,Molten salt electrolysis,Hierarchical heterostructure,quantum dot sensitized,,,photoanode,,1 M Na2S,13.0,AM 1.5G,465.0,100.0,0.75,298.0,11.0,,9.359,,22.0,4.0,yes,high,Na2S sacrificial electrolyte,estimated,https://doi.org/10.1166/jnn.2017.12410,0
134,10.3390/molecules29133126,2024.0,Cs-Doped WO3 with Enhanced Conduction Band for Efficient Photocatalytic Oxygen Evolution Reaction Driven by Long-Wavelength Visible Light,WO3,Cs-doped,2.38,,microspheres,microspheres,,,photoelectrode,,0.1 M phosphate-buffered,6.0,visible-light,420.0,100.0,1.6,298.0,2.12,0.7,1.695,,24.2,,yes,high,Cs-WO3-0.1 sample,estimated,https://doi.org/10.3390/molecules29133126,0
135,10.3390/nano15100767,2025.0,S-Doped FeOOH Layers as Efficient Hole Transport Channels for the Enhanced Photoelectrochemical Performance of Fe2O3,Fe2O3,S-doped FeOOH layer,2.1,Hydrothermal,irregular nanoparticles,amorphous layer,S:FeOOH,,photoanode,,1 M KOH,13.3,300W Xe-lamp,525.0,100.0,1.23,298.0,2.43,0.86,2.064,0.22,36.45,2.0,yes,high,Z-scheme alignment,estimated,https://doi.org/10.3390/nano15100767,0
136,10.1021/acsami.2c19868,2023.0,Photoelectrochemical Water Splitting with ITO/WO3/BiVO4/CoPi Multishell Nanotubes Enabled by a Vacuum and Plasma Soft-Template Synthesis,WO3/BiVO4,ITO/WO3/BiVO4/CoPi,2.4,Sputtering/Thermal evap,Multishell nanotubes,nanotubes,CoPi,,photoanode,75.0,0.5 M Na2SO4,7.0,AM 1.5G,500.0,100.0,1.23,298.0,2.23,0.63,1.762,,32.03,3.0,yes,high,NT length 10µm,estimated,https://doi.org/10.1021/acsami.2c19868,0
137,10.1007/s10853-018-3079-5,2018.0,Amorphous Co-Pi anchored on CdSe/TiO2 nanowire arrays for efficient photoelectrochemical hydrogen production,CdSe/TiO2,Amorphous Co-Pi,1.7,Hydrothermal/PVD,Nanowire arrays,nanowires,Co-Pi,Co-Pi film,photoanode,15.0,0.5 M Na2SO3,,AM 1.5G,,100.0,0.7,298.0,1.6,,1.089,,21.34,1.0,yes,medium-high,Co-Pi protects from corrosion,estimated,https://doi.org/10.1007/s10853-018-3079-5,0
138,10.1016/j.optmat.2024.116156,2024.0,Ce-doped ZnO nanonails synthesized by a simple thermal evaporation method for photocatalytic degradation,ZnO,Ce-doped ZnO,3.18,Thermal evaporation,Nanonails,1D,,,Photocatalyst,,RhB dye solution,,UV radiation,365.0,,,298.0,,,,,,,yes,medium,Photocatalytic dye degradation study.,original,https://doi.org/10.1016/j.optmat.2024.116156,0
139,10.1016/j.heliyon.2024.e27078,2024.0,Nano multi-layered HfO2/alpha-Fe2O3 nanocomposite photoelectrodes for photoelectrochemical water splitting,alpha-Fe2O3,HfO2/alpha-Fe2O3,2.04,PVD/RF sputtering,Thin film,Nano-heterostructure,,,Photoanode,100.0,1.0 M NaOH,13.6,Simulated solar illumination,,100.0,1.23,298.0,1.46,,1.31,,23.83,2.0,yes,medium,Optimized with 10 layers each of HfO2 and Fe2O3.,estimated,https://doi.org/10.1016/j.heliyon.2024.e27078,0
140,10.1021/acs.nanolett.6b03408,2016.0,Tandem Core-Shell Si-Ta3N5 Photoanodes for Photoelectrochemical Water Splitting,Ta3N5,Si-Ta3N5,2.1,ALD and thermal nitridation,Core-shell arrays,Core-shell,CoTiOx,NiOx,Photoanode (tandem),30.0,0.1 M KOH,13.0,Simulated AM 1.5G,590.0,100.0,1.23,298.0,2.6,0.6,2.315,,42.94,24.0,yes,medium,Tandem photoanode on black Si.,estimated,https://doi.org/10.1021/acs.nanolett.6b03408,0
141,10.1021/acsaem.0c00296,2020.0,Enabling unassisted solar water splitting by single junction amorphous silicon photoelectrodes,a-Si,p/i/n junction a-Si,1.69,,Thin film,Single junction,Pt,,Dual photoelectrode,,1 M KOH,14.0,Simulated AM 1.5G,420.0,100.0,0.0,298.0,12.03,0.9,0.61,3.3,177.53,0.5,yes,medium,First demonstration of single junction a-Si for unassisted splitting.,estimated,https://doi.org/10.1021/acsaem.0c00296,0
142,10.1021/acssuschemeng.8b03259,2018.0,Low-Cost Oriented Hierarchical Growth of BiVO4/rGO/NiFe Nanoarrays Photoanode for Photoelectrochemical Water Splitting,BiVO4,BiVO4/rGO/NiFe,2.45,Spin coating and electrodeposition,Nanopyramid,Oriented hierarchical,NiFe hydroxide,rGO,Photoanode,1500.0,0.5 M Na2SO4,6.9,AM 1.5 G,425.0,100.0,1.23,298.0,1.3,,1.309,0.26,22.37,10.0,yes,medium,Hierarchical ternary photoanode.,estimated,https://doi.org/10.1021/acssuschemeng.8b03259,0
143,10.1039/c8nj04846k,2018.0,Cooperation effect of heterojunction and co-catalyst in BiVO4/Bi2S3/NiOOH photoanode for improving photoelectrochemical performances,BiVO4,BiVO4/Bi2S3/NiOOH,2.4,Sol-gel and hydrothermal,nanostructures,Ternary,NiOOH,,Photoanode,,0.5 M Na2SO4,7.0,AM 1.5 filter,500.0,100.0,1.23,298.0,0.85,,0.774,,12.16,2.0,yes,medium,Ternary triple photoanode.,estimated,https://doi.org/10.1039/c8nj04846k,0
144,10.1021/acsaem.4c02735,2025.0,Integration of Gold Nanoparticles into BiVO4/WO3 Photoanodes via Electrochromic Activation of WO3 for Enhanced Photoelectrochemical Water Splitting,BiVO4/WO3,Au/BiVO4/WO3,2.48,Hydrothermal and drop casting,Nanobricks,Ternary junction,Au NPs,,Photoanode,1150.0,0.5 M Na2SO4,7.0,AM 1.5G,500.0,87.5,1.23,298.0,0.578,,0.532,0.036,7.29,0.5,yes,low,Uses electrochromic activation for Au deposition.,estimated,https://doi.org/10.1021/acsaem.4c02735,0
145,10.1016/j.apsusc.2020.145528,2020.0,Synthesis of transparent Zr-doped ZnFe2O4 nanocorals photoanode and its surface modification via Al2O3/Co-Pi for efficient solar water splitting,ZnFe2O4,CoPi/Al2O3/Zr-ZFO,2.09,Hydrothermal and quenching,Nanocorals,1D,Co-Pi,Al2O3,Photoanode,410.0,1 M NaOH,13.6,AM 1.5 G,550.0,100.0,1.23,298.0,0.49,0.6,0.33,0.055,7.9,10.0,yes,low,Zr-doped ferrite corals.,estimated,https://doi.org/10.1016/j.apsusc.2020.145528,0
146,10.1016/j.nanoen.2015.11.035,2015.0,Crystal facet engineering of ZnO photoanode for the higher water splitting efficiency with proton transferable nafion film,ZnO,Nafion-coated ZnO,3.15,SAM and secondary growth,microcrystals,Facet-oriented,,Nafion film,Photoanode,800.0,0.5 M Na2SO4,7.0,Solar Simulator,380.0,100.0,1.2,298.0,3.9,,2.956,0.083,300.0,2.0,yes,medium,Facet engineering with Nafion coating.,estimated,https://doi.org/10.1016/j.nanoen.2015.11.035,0
147,10.1016/j.solmat.2018.01.005,2018.0,Design and fabrication of sandwich-structured alpha-Fe2O3/Au/ZnO photoanode for photoelectrochemical water splitting,alpha-Fe2O3/Au/ZnO,alpha-Fe2O3 0.5 kV/Au/ZnO,2.2,Chemical spray pyrolysis,Thin film,Sandwich-structured,Au NPs,,Photoanode,,0.5 M NaOH,13.3,AM 1.5 G,380.0,100.0,1.5,298.0,0.5,,0.438,,9.0,,yes,low,Uses electric field assisted spray pyrolysis.,estimated,https://doi.org/10.1016/j.solmat.2018.01.005,0
148,10.3390/ma12244102,2019.0,Ni/Si-Codoped TiO2 Nanostructure Photoanode for Enhanced Photoelectrochemical Water Splitting,TiO2,Ni/Si-codoped TiO2,3.2,Electrochemical anodization,nanotube arrays,Codoped,,,Photoanode,,1 M KOH,13.6,AM 1.5 G,,100.0,1.0,298.0,1.15,,0.857,0.7,13.31,4.0,yes,medium,Anatase-rutile mixed phase.,estimated,https://doi.org/10.3390/ma12244102,0
149,10.3390/nano15191494,2025.0,Strategies for Enhancing BiVO4 Photoanodes for PEC Water Splitting: A State-of-the-Art Review,BiVO4,Mo:BiVO4/CPF-TCB/NiFeCoOx,2.4,,Nanocone,3D,NiFeCoOx,polycarbazole HTL,Photoanode,,K-borate buffer,9.5,AM 1.5G,,100.0,0.0,298.0,6.6,,9.0,,128.77,2100.0,yes,high,Review article; data for Mo:BiVO4 champion.,estimated,https://doi.org/10.3390/nano15191494,0
150,10.1007/s12274-018-2256-9,2019.0,Hierarchical growth of a novel Mn-Bi coupled BiVO4 arrays for enhanced photoelectrochemical water splitting,BiVO4,Mn-Bi/BiVO4,2.48,Photodeposition,Nanocone,Hierarchical,Mn-Bi,,Photoanode,,0.5 M Na2SO4,6.5,AM 1.5G,,100.0,1.5,298.0,0.94,,0.766,,14.44,,yes,medium,Mn-based OEC catalyst.,estimated,https://doi.org/10.1007/s12274-018-2256-9,0
151,10.1016/j.dyepig.2024.112455,2024.0,"Synthesis, characterization and application of quinoxaline-based organic dyes as anodic sensitizers in photoelectrochemical cells",TiO2,dye 1a + Ru(bda)(PyP)2,2.17,staining / sensitization,mesoporous,nanocrystalline,Ru(bda)(PyP)2,,photoanode,5000.0,0.1 M Na2SO4,6.5,AM 1.5 simulated solar,,100.0,0.5,298.0,0.15,-0.2,0.126,,1.89,,yes,low,Dye-sensitized photoanode,estimated,https://doi.org/10.1016/j.dyepig.2024.112455,0
152,10.1016/j.ijhydene.2021.07.012,2021.0,One-pot synthesis of TiO2/Sb2S3/RGO complex multicomponent heterostructures for highly enhanced photoelectrochemical water splitting,TiO2/Sb2S3/RGO,TiO2/Sb2S3/10%RGO,2.35,hydrothermal,rod-like bundles,heterostructure,RGO,,photoanode,,0.1 M Na2SO4,7.0,AM 1.5G,400.0,100.0,1.2,298.0,0.04,-0.4,0.028,,0.74,1.0,yes,low,Ternary hybrid electrode,estimated,https://doi.org/10.1016/j.ijhydene.2021.07.012,0
153,10.1021/acsami.8b18681,2019.0,Regulating the Silicon/Hematite Microwire Photoanode by Conformal Al2O3 Intermediate Layer for Water Splitting,Si/alpha-Fe2O3,Si/Al2O3/alpha-Fe2O3,2.11,ALD / hydrothermal,microwires,microwires,,Al2O3,photoanode,99.0,1.0 M NaOH,13.8,AM 1.5G,,100.0,1.23,298.0,2.08,0.6,2.043,,28.59,,yes,medium,Dual-absorber with Al2O3 layer,estimated,https://doi.org/10.1021/acsami.8b18681,0
154,10.1021/acssuschemeng.9b02450,2019.0,Efficient WO3 photoanode modified by Pt layer and plasmonic Ag for enhanced charge separation and transfer to promote photoelectrochemical performances,WO3,Pt/WO3/Ag/Co-Pi,2.62,hydrothermal / electrodeposition,nanorods,nanorods,Ag / Pt / Co-Pi,Co-Pi,photoanode,,0.2 M Na2SO4,6.9,AM 1.5G,,100.0,1.23,298.0,1.39,0.4,1.157,0.22,15.62,5.0,yes,medium,Plasmonic Ag enhancement,estimated,https://doi.org/10.1021/acssuschemeng.9b02450,0
155,10.1002/adfm.201502461,2015.0,Solar Water Splitting by TiO2/CdS/Co-Pi Nanowire Array Photoanode Enhanced with Co-Pi as Hole Transfer Relay and CdS as Light Absorber,TiO2/CdS,TiO2/CdS/Co-Pi,2.3,hydrothermal / CVD,nanowire arrays,nanowire arrays,Co-Pi,Co-Pi,photoanode,,0.1 M sodium phosphate,7.0,AM 1.5G,420.0,100.0,0.61,298.0,1.1,0.14,1.031,0.48,13.28,2.0,yes,medium,Co-Pi as hole transfer relay,estimated,https://doi.org/10.1002/adfm.201502461,0
156,10.1039/C7NR01170A,2017.0,Catalytically Active and Chemically Inert CdIn2S4 Coating on CdS Nanoflake Arrays for Efficient and Stable Photoelectrochemical Hydrogen Generation,CdS,CdS@CdIn2S4,2.32,CVD / cation exchange,nanoflake arrays,nanoflake arrays,CdIn2S4,CdIn2S4,photoanode,,0.25 M Na2S/0.35 M Na2SO3,,AM 1.5G,,100.0,1.8,298.0,6.5,-0.1,5.65,0.45,86.6,10.0,yes,high,Sacrificial electrolyte used,estimated,https://doi.org/10.1039/C7NR01170A,0
157,10.1016/j.cattod.2018.04.039,2018.0,Surface Defect Engineering via Acid Treatment Improving Photoelectrocatalysis of beta-In2S3 Nanoplates for Water Splitting,beta-In2S3,HCl-treated,2.1,solution method,nanoplates,nanoplates array,,,photoanode,,1 M NaOH,14.0,AM 1.5G,,100.0,1.23,298.0,1.26,0.1,1.01,0.4,17.42,,yes,medium,Surface defect engineering,estimated,https://doi.org/10.1016/j.cattod.2018.04.039,0
158,10.1016/j.cplett.2020.137736,2020.0,"Preparation of (Ti, Zr) co-doped hematite photoanode for enhanced photoelectrochemical water splitting",alpha-Fe2O3,"(Ti, Zr) co-doped",2.13,hydrothermal,,,,,photoanode,,1.0 M NaOH,13.6,AM 1.5G,400.0,100.0,1.23,298.0,1.51,,1.421,,21.82,,yes,medium,Bimetal co-doping,estimated,https://doi.org/10.1016/j.cplett.2020.137736,0
159,10.1016/j.jallcom.2017.07.260,2017.0,Mo-doped BiVO4 nanotextured pillars as efficient photoanodes for solar water splitting,BiVO4,Mo-doped (0.15%),2.4,electrostatic spray,nanotextured pillars,pillars,,,photoanode,,0.5 M Na2SO4,6.3,AM 1.5,,100.0,1.81,298.0,1.78,1.0,1.518,,29.59,,yes,medium,Electrostatic spray deposition,estimated,https://doi.org/10.1016/j.jallcom.2017.07.260,0
160,10.1016/j.renene.2019.10.044,2019.0,rGO decorated BiVO4/Cu2O n-n heterojunction photoanode for photoelectrochemical water splitting,BiVO4,BiVO4/rGO/Cu2O,2.45,MOD / electrodeposition,,heterojunction,rGO,,photoanode,,0.1 M PBS,7.0,AM 1.5G,400.0,100.0,1.8,298.0,2.2,0.4,2.231,0.21,34.98,,yes,medium,rGO decorated n-n junction,estimated,https://doi.org/10.1016/j.renene.2019.10.044,0
161,10.3390/nano12152639,2022.0,Improving Photoelectrochemical Activity of Magnetron-Sputtered Double-Layer Tungsten Trioxide Photoanodes by Irradiation with Intense Pulsed Ion Beams,WO3,double-layer (c-a),2.72,sputtering / IPIB,sponge-like,double-layer,,,photoanode,,0.1 M Na2SO4,7.2,AM 1.5,,100.0,1.23,298.0,,,,,,,yes,medium,Intense pulsed ion beam (IPIB),estimated,https://doi.org/10.3390/nano12152639,0
162,10.1016/j.matdes.2025.115018,2025.0,Enhanced photoelectrochemical water splitting activity of porous anodic WO3 photoelectrodes decorated with FeWO4 nanoparticles,WO3,FeWO4/WO3,2.9,"anodic oxidation, hydrothermal, spin coating",porous,nanoparticles,FeWO4,,photoanode,351.0,0.1 M Na2SO4,7.0,simulated solar (AM 1.5G),,100.0,1.2,293.0,0.54,0.4,0.521,0.075,7.86,13.0,yes,medium,FeWO4 co-catalyst,estimated,https://doi.org/10.1016/j.matdes.2025.115018,0
163,10.1016/j.scenem.2025.100031,2026.0,The functional role of different carbon/semiconducting oxide hybrid nanostructures for photoelectrochemical (PEC) water splitting,,,,,,,,,review,,,,,,,,298.0,,,,,,,,,review article,estimated,https://doi.org/10.1016/j.scenem.2025.100031,0
164,10.1039/C8NR01331D,2018.0,Enhanced Solar Water-Splitting Activity of Novel Nanostructured Fe2TiO5 Photoanode by electrospray and Surface F-modification,Fe2TiO5,F-modified Fe2TiO5,2.21,electrospray technique,nanostructured,thin films,none,,photoanode,,1 M NaOH,13.6,simulated solar,,100.0,1.23,298.0,0.4,,0.351,,5.65,,yes,medium,surface F-modification,estimated,https://doi.org/10.1039/C8NR01331D,0
165,10.1039/d5ra07601c,2026.0,Hybrid microwave annealing-induced formation of an a-Fe2O3/ZnWO4 interface for photoelectrochemical water splitting and study of its charge transport mechanism,alpha-Fe2O3,alpha-Fe2O3/ZnWO4 heterojunction,2.61,hydrothermal and hybrid microwave annealing,bundled nanosheets,heterojunction,,,photoanode,,1 M NaOH,13.6,Xe lamp with AM 1.5G filter,,100.0,1.23,298.0,0.86,,0.655,0.1,13.8,,yes,medium,n-n heterojunction,estimated,https://doi.org/10.1039/d5ra07601c,0
166,10.1021/acsaem.8b00346,2018.0,Single-Step Fabrication of Visible-Light-Active ZnO-GaN:ZnO Branched Nanowire Arrays as Photoanode for Efficient Water Splitting,ZnO,ZnO-GaN:ZnO,2.48,chemical vapor deposition,3D branched nanowire arrays,nanowires,co-catalyst-free,,photoanode,,0.5 M Na2SO4 in NaOH,13.0,Xe lamp (back side),,140.0,1.23,298.0,1.81,0.37,0.81,,22.64,,yes,high,N and Ga doping,estimated,https://doi.org/10.1021/acsaem.8b00346,0
167,10.1021/acsaem.8b01215,2018.0,Nanotube array-like WO3 photoanode with Dual-Layer Oxygen Evolution Co-Catalysts for Photoelectrocatalytic Overall Water Splitting,WO3,WO3-FeOOH/NiOOH,2.69,potentiostatic anodization,nanotube array-like,nanotube,FeOOH/NiOOH,,photoanode,400.0,0.5 M KH2PO4,7.0,simulated sunlight,,100.0,1.25,298.0,0.15,0.55,0.12,,3.43,20.0,yes,low,FeOOH/NiOOH dual-layer cocatalyst,estimated,https://doi.org/10.1021/acsaem.8b01215,0
168,10.1021/acsami.0c03929,2020.0,Metal-Organic Framework-Derived p-Cu2O/n-Ce-Fe2O3 Heterojunction Nanorods Photoanode Coupling with a FeOOH Cocatalyst for High-performance Photoelectrochemical Water Oxidation,Fe2O3,FeOOH/Cu2O/Ce-Fe2O3,2.0,MOF-derived,nanorod array,nanorods,FeOOH,,photoanode,,1 M NaOH,13.6,AM 1.5G simulated solar,,100.0,1.23,298.0,4.2,0.63,3.378,0.55,71.78,3.0,yes,high,Ce-doping,estimated,https://doi.org/10.1021/acsami.0c03929,0
169,10.1021/acssuschemeng.9b03425,2019.0,Enhancement of Fe2TiO5 Photoanode through Surface Al3+ Treatment and FeOOH Modification,Fe2TiO5,FeOOH/Al-Fe2TiO5,2.2,electrospray deposition,nanostructured,thin films,FeOOH,,photoanode,,1 M NaOH,13.6,solar simulator,,100.0,1.23,298.0,0.52,0.8,0.469,,9.21,2.2,yes,medium,surface Al3+ treatment,estimated,https://doi.org/10.1021/acssuschemeng.9b03425,0
170,10.1021/acsami.2c19868,2023.0,Photoelectrochemical Water Splitting with ITO/WO3/BiVO4/CoPi Multishell Nanotubes Enabled by a Vacuum and Plasma Soft-Template Synthesis,WO3/BiVO4,ITO/WO3/BiVO4/CoPi,2.55,"soft-template, magnetron sputtering",supported multishell nanotubes,nanotubes,CoPi,,photoanode,75.0,0.5 M Na2SO4,7.0,AM 1.5G solar simulator,500.0,100.0,1.23,298.0,2.23,0.63,2.257,,39.51,3.0,yes,high,multishell nanotube architecture,estimated,https://doi.org/10.1021/acsami.2c19868,0
171,10.1021/acsanm.5c03456,2025.0,Stable Solar Water Splitting Enabled in Anodic W/WO3 Nanorod Based Electrodes by Hydrothermal Engineering,WO3,W/WO3/FeWO4,2.62,"anodic oxidation, hydrothermal",nanorods,nanorods,FeWO4,,photoanode,330.0,0.1 M Na2SO4,6.8,AM 1.5G simulated solar,,100.0,1.0,293.0,0.15,,0.127,,2.58,2.5,yes,medium,morphological nanorod transformation,estimated,https://doi.org/10.1021/acsanm.5c03456,0
172,10.1021/acsomega.4c00152,2024.0,Composite Membranes for Hydrogen Generation: A Review,,,,,,,,,review,,,,,,,,298.0,,,,,,,,,review article,estimated,https://doi.org/10.1021/acsomega.4c00152,0
173,10.3390/ijms251910253,2024.0,Preparation and Photodegradation of TiO2 Thin Films on the Inner Wall of Quartz Tubes,TiO2,Cu and Ce loaded TiO2,2.51,sol-gel,thin films,thin film,Cu and Ce,,photocatalyst,5300.0,,,UV lamp,,,,773.0,,,,,,,low,focus on pollutant photodegradation,,original,https://doi.org/10.3390/ijms251910253,0
174,10.1016/j.jcis.2015.07.052,2015.0,A significant cathodic shift in the onset potential and enhanced photoelectrochemical water splitting using Au nanoparticles decorated WO3 nanorod array,WO3,Au nanoparticles decorated WO3,2.8,"hydrothermal, photoreduction",nanorod array,nanorod,Au nanoparticles,,photoanode,,0.5 M Na2SO4,6.2,Xe lamp,,100.0,1.6,773.0,1.2,0.5,1.182,,14.68,1.0,yes,medium,Au nanoparticle decoration,estimated,https://doi.org/10.1016/j.jcis.2015.07.052,0
175,10.1016/j.mtcomm.2026.114635,2026.0,Silver-doped TiO2/SnO2 for enhanced visible-light-driven photocatalytic degradation of acetaminophen,TiO2/SnO2,"Ag-doped (3.0 wt%), SnO2 layer (5 nm)",3.2,Electrospinning + ALD,Nanofibers,1D,Ag,,Photocatalyst,5.0,10 mg/L Acetaminophen,,Visible light,,,,298.0,,,,,,15.0,yes,medium,97 % removal in 180 min,estimated,https://doi.org/10.1016/j.mtcomm.2026.114635,0
176,10.1080/10667857.2017.1366676,2017.0,High-efficient TiO2 NRs/BiOI NSs heterojunction photoanodes for photoelectrochemical water splitting,TiO2/BiOI,TiO2 NRs / BiOI nanosheets (15 SILAR cycles),1.76,Hydrothermal + SILAR,Nanorods/sheets,1D/2D,BiOI,,Photoanode,1300.0,0.5 M Na2SO4,6.9,Xe lamp,,100.0,1.23,298.0,0.4,,0.37,,6.34,,yes,low,BiOI thickness optimized,estimated,https://doi.org/10.1080/10667857.2017.1366676,0
177,10.1039/d2ra07238f,2022.0,Molybdenum-doped iron oxide nanostructures synthesized via a chemical co-precipitation route for efficient dye degradation and antimicrobial performance,Fe3O4,Mo-doped (6 wt%),2.64,Co-precipitation,Nanostructures,,,,Photocatalyst,,Methylene blue (aqueous),,,,,,298.0,,,,,,,yes,medium,86.25 % MB degradation,estimated,https://doi.org/10.1039/d2ra07238f,0
178,10.1021/acs.jpcc.1c05639,2021.0,Type-II Band Alignment Enhances Unassisted Photoelectrochemical Water-Splitting Performance of the BaTiO3/CdS Ferroelectric Heterostructure Photoanode,BaTiO3/CdS,BaTiO3 sensitized with CdS (10 SILAR cycles),2.32,Hydrothermal + SILAR,Nanostructures,heterostructure,CdS,,Photoanode,,0.35 M Na2S + 0.25 M Na2SO3,13.0,Xe lamp (simulated),,100.0,0.13,298.0,0.5,,0.48,,7.42,2.0,yes,medium,12-fold increase vs pure BTO,estimated,https://doi.org/10.1021/acs.jpcc.1c05639,0
179,10.1021/acs.jpcc.7b04403,2017.0,Enhanced Performance of Pristine Ta3N5 Photoanodes for Solar Water Splitting by Modification with Fe-Ni-Co Mixed-Metal Oxide Cocatalysts,Ta3N5,Ta3N5 / FeNiCoOx,2.1,ASD + Nitridation,Porous thin film,porous,FeNiCoOx,cocatalyst layer,Photoanode,,1 M NaOH,13.6,Xe lamp,520.0,100.0,1.23,298.0,4.0,0.77,2.856,,80.0,2.0,yes,high,Faraday efficiencies > 96%,estimated,https://doi.org/10.1021/acs.jpcc.7b04403,0
180,10.1021/acsaem.8b02072,2019.0,Achieving Organic Metal Halide Perovskite into Conventional Photoelectrode: Outstanding Stability in Aqueous Solution and High-Efficient Photoelectrochemical Water Splitting,Perovskite,(5-AVA)x(MA)1-xPbI3 encapsulated with Ag/C,,Mesoscopic printable,Mesoscopic,triple-layer,,Silver/Carbon paint,Photoanode,10000.0,1 M KOH,14.0,Xe lamp (AM 1.5G),,100.0,1.23,298.0,12.4,,12.878,0.85,182.42,48.0,yes,high,Unprecedented stability,estimated,https://doi.org/10.1021/acsaem.8b02072,0
181,10.1002/adma.201903316,2019.0,Oxygen-Vacancy-Introduced BaSnO3-delta Photoanodes with Tunable Band Structures for Efficient Solar-Driven Water Splitting,BaSnO3,"Oxygen vacancy (8.7%), FeOOH/NiOOH cocatalyst",2.17,NaBH4 reduction,Nanoparticles,porous,FeOOH/NiOOH,,Photoanode,,1 M potassium borate,9.5,AM 1.5G simulator,,100.0,1.23,298.0,7.32,,7.92,3.65,127.6,100.0,yes,high,Tandem device performance,estimated,https://doi.org/10.1002/adma.201903316,0
182,10.1002/anie.202000688,2020.0,Enhanced Photoelectrochemical Water Oxidation from CdTe Photoanodes Annealed with CdCl2,CdTe,p-CdTe/n-CdS heterojunction / Ni catalyst,1.5,CBD + CdCl2 treatment,Columnar grains,p-n junction,Ni,TiO2,Photoanode,,1 M KPi,8.0,AM 1.5G simulator,830.0,100.0,0.6,298.0,1.8,0.22,0.51,,12.0,0.5,yes,high,Utilizing light up to 830 nm,estimated,https://doi.org/10.1002/anie.202000688,0
183,10.1021/acsomega.5c07410,2025.0,Enhanced Water Splitting Using a Densely Structured Dendritic Bismuthinite Photoanode with FeOOH Cocatalyst,Bi2S3,Dendritic Bi2S3 / FeOOH,1.32,Pulse electrodeposition,Dendritic,hierarchical,FeOOH,,Photoanode,,1 M Na2SO4,7.0,AM 1.5G simulator,600.0,100.0,1.23,298.0,3.7,,2.794,,2.4,,yes,high,fern-like morphology,estimated,https://doi.org/10.1021/acsomega.5c07410,0
184,10.1039/c8ee00125a,2018.0,Boosting Solar Water Oxidation Performance of BiVO4 Photoanode by Crystallographic Orientation Control,BiVO4,oriented BiVO4 / Co-Pi,2.41,Laser Ablation,Oriented grains,facets,Co-Pi,,Photoanode,800.0,0.5 M phosphate buffer,7.0,AM 1.5G simulator,450.0,100.0,1.23,298.0,6.1,0.3,5.839,,107.7,6.0,yes,high,82% of theoretical limit,estimated,https://doi.org/10.1039/c8ee00125a,0
185,10.1016/j.jallcom.2021.158779,2021.0,Three-dimensional hierarchical PANI/Bi2S3 nanoflowers heterojunction for enhanced photoelectrochemical water splitting,Bi2S3/PANI,Bi2S3 nanoflowers / Polyaniline,1.32,Hydrothermal + Chemisorption,Nanoflowers,3D hierarchical,PANI,,Photoanode,7100.0,0.5 M Na2SO4,6.8,Halogen lamp,564.0,100.0,1.41,298.0,6.95,,6.268,,90.95,,yes,high,5-fold higher vs Bi2S3,estimated,https://doi.org/10.1016/j.jallcom.2021.158779,0
186,10.1016/j.mseb.2017.09.020,2018.0,Optimization of electrolyte to significantly improve photoelectrochemical water splitting performance of ZnO nanowire arrays,ZnO,Pristine ZnO,3.25,,Nanowire arrays,1D,,,Photoanode,,0.5 M Na2SO3,,Xe lamp (AM 1.5G),,100.0,1.21,298.0,0.23,,0.21,,3.49,,yes,low,Na2SO3 optimized performance,estimated,https://doi.org/10.1016/j.mseb.2017.09.020,0
187,10.1007/s13391-020-00233-0,2020.0,Effect of Lactic Acid on the Photoelectrocatalytic Water Splitting of Hematite Prepared by Hydrothermal Method,Fe2O3,Lactic acid modified (0.075LA),2.06,Hydrothermal + Annealing,Island-like pattern,island pattern,,surface modification,Photoanode,,1 M NaOH,13.6,AM 1.5G simulator,,100.0,1.5,298.0,1.5,,1.015,,26.59,,yes,medium,Oxygen vacancies created,estimated,https://doi.org/10.1007/s13391-020-00233-0,0
188,10.1021/acs.langmuir.5c00737,2025.0,Screening of immobilization conditions... GOx onto GCN-T,GCN-T,Exfoliated GCN / GOx,,Microwave furnace decomposition,Exfoliated powder,nanosheets,GOx,Nafion,Electrode (Sensor),,0.15 M PBS,7.4,,,,2.38,293.0,,,,,,,yes,medium,Glucose monitoring application,original,https://doi.org/10.1021/acs.langmuir.5c00737,0
189,10.1039/d5na00667h,2025.0,Structure-property-performance correlation in BiVO4 photoanodes synthesized by intensity-tuned pulse electrodeposition,BiVO4,bismuth vanadate (Bi-576),2.44,pulse electrodeposition and spin-coating,"porous, interconnected",aggregated particles,none,none,photoanode,,0.5 M Na2SO4,6.8,AM 1.5G,450.0,100.0,1.23,298.0,1.33,0.6,1.074,20.0,115.0,10.0,yes,medium,Optimized sample Bi-576,estimated,https://doi.org/10.1039/d5na00667h,0
190,10.1021/acsami.9b20099,2020.0,A Spin Coating Method To Deposit Iridium-Based Catalysts onto Silicon for Water Oxidation Photoanodes,Silicon,SrCl2:IrOx,1.1,spin coating,fairly uniform,thin film,SrCl2:IrOx,IrOx,photoanode,45.0,0.5 M H2SO4,0.5,AM 1.5G,1107.0,100.0,1.3,298.0,18.0,0.96,17.271,,263.94,4.0,yes,high,Decoupled charge transport from catalysis,estimated,https://doi.org/10.1021/acsami.9b20099,0
191,10.1021/acsami.5c22732,2026.0,Tuning the Photoelectrochemical Properties of Ti/W-Modified PCN-222 Using Charge-Selective Interfaces,PCN-222,Ti/W-modified PCN-222,1.75,"microwave-assisted, spin-coating",nanorod,nanoparticles,PTA,TiO2 / NiOx selective layers,photoanode,1100.0,0.1 M acetate buffer,4.5,AM 1.5G,575.0,100.0,1.5,298.0,0.004,0.8,0.01,,0.04,,uA/cm2,low,Polarity tunable via interlayers,estimated,https://doi.org/10.1021/acsami.5c22732,0
192,10.1016/j.ijhydene.2015.05.122,2015.0,A ternary g-C3N4/Pt/ZnO photoanode for efficient photoelectrochemical water splitting,ZnO,g-C3N4/Pt/ZnO,3.27,hydrothermal and spin-coating,nanowires,core/shell,Pt,g-C3N4 shell,photoanode,,0.5 M Na2SO4,6.3,AM 1.5,,100.0,1.11,298.0,0.12,0.7,0.07,,2.04,0.94,uA/cm2,low,SMS (Semiconductor-Metal-Semiconductor) model,estimated,https://doi.org/10.1016/j.ijhydene.2015.05.122,0
193,10.1016/j.jallcom.2018.09.170,2019.0,The photoelectrochemical properties of Sn2Nb2O7 photoanode,Sn2Nb2O7,Sn2Nb2O7/Co-Pi,2.3,electrophoretic deposition,thin film,particle-ensemble film,Co-Pi,,photoanode,400.0,0.5 M Na2SO4,6.5,xenon arc lamp,520.0,,1.18,298.0,0.28,-0.1,0.283,,3.54,1.67,yes,low,p-type semiconductor characteristics,estimated,https://doi.org/10.1016/j.jallcom.2018.09.170,0
194,10.1016/j.jphotochem.2017.10.018,2017.0,ZnO nanoparticles decorated multi-walled carbon nanotubes for enhanced photocatalytic and photoelectrochemical water splitting,ZnO,ZnO/MWCNT,3.26,sol-gel and spray coating,nanoparticles,nanocomposite,MWCNT,,photoanode,,0.5 M Na2SO4,6.6,AM 1.5G,,100.0,1.6,298.0,1.1,-0.15,1.186,,16.15,,yes,low,MWCNT facilitates charge collection,estimated,https://doi.org/10.1016/j.jphotochem.2017.10.018,0
195,10.1016/j.jphotochem.2018.11.008,2018.0,Construction of CdS quantum dots modified g-C3N4/ZnO heterostructured photoanode for efficient photoelectrochemical water splitting,ZnO,CdS/g-C3N4/ZnO,3.0,hydrothermal and SILAR,nanorods,core/shell,CdS QDs,,photoanode,10.7,0.1 M Na2S + 0.2 M Na2SO3,7.25,AM 1.5G,,70.0,1.23,298.0,3.34,0.3,4.837,1.7,38.98,0.83,yes,medium,Quantum dot sensitized nanorods,estimated,https://doi.org/10.1016/j.jphotochem.2018.11.008,0
196,10.1016/j.renene.2020.07.102,2020.0,Photoelectrochemical performance of thermally sulfurized CdxZn1-xS photoanode: enhancement with reduced graphene oxide support,CdZnS,RGO-CdS,2.41,thermal sulfurization and spin coating,particles,composite,RGO,,photoanode,,0.35 M Na2S + 0.25 M Na2SO3,13.0,AM 1.5,420.0,100.0,0.542,298.0,6.5,0.0,4.341,2.67,551.1,,yes,high,Novel two-step sulfurization process,estimated,https://doi.org/10.1016/j.renene.2020.07.102,0
197,10.3390/mi16080866,2025.0,Enhanced Photoelectrochemical Performance of BiVO4 photoanodes Co-Modified with Borate and NiFeOx,BiVO4,B/BiVO4/NiFeOx,2.45,SILAR and PEC deposition,porous,irregularly shaped nanoparticles,NiFeOx,borate,photoanode,,0.1 M borate buffer,9.5,AM 1.5G,,100.0,1.23,298.0,2.45,0.31,1.661,0.78,36.13,5.0,yes,medium,Dual surface modification strategy,estimated,https://doi.org/10.3390/mi16080866,0
198,10.1038/s42004-018-0105-0,2019.0,Quantum dot activated indium gallium nitride on silicon as photoanode for solar hydrogen generation,InGaN,InN-QDs/In0.25Ga0.75N,2.15,PA-MBE,layer + quantum dots,quantum dots,InN QDs,,photoanode,450.0,0.1 M Na2SO4,7.0,white light,525.0,100.0,0.97,298.0,19.5,0.41,17.408,4.1,75.0,10.0,yes,high,Directly grown on silicon (111),estimated,https://doi.org/10.1038/s42004-018-0105-0,0
199,10.1021/acsanm.5c03456,2025.0,Stable Solar Water Splitting Enabled in Anodic W/WO3 Nanorod Based Electrodes by Hydrothermal Engineering,WO3,W/WO3/FeWO4,2.7,anodic oxidation and hydrothermal treatment,nanorods,high-aspect-ratio Disorderd nanorods,FeWO4,FeWO4,photoanode,495.0,0.1 M Na2SO4,6.9,AM 1.5G solar simulator,,100.0,1.0,298.0,0.2,,0.169,,3.19,3.0,yes,medium,p-n heterojunction formation,estimated,https://doi.org/10.1021/acsanm.5c03456,0
200,10.1016/j.materresbull.2025.113705,2026.0,Plasmo-electronic properties of self-assembled gold nanoparticles: impedance spectroscopy experiments combined with numerical simulations,Gold,1-dodecanethiol functionalized,,Self-assembly,Nanoparticles,0D,,,,,,,Laser,532.0,1000.0,,298.0,,,,,,,yes,low,Study focuses on impedance spectroscopy and photoconductance,estimated,https://doi.org/10.1016/j.materresbull.2025.113705,0
201,10.1016/j.tsf.2023.139951,2023.0,LaFeO3 thin films on Yttria Stabilized Zirconia flexible substrate,LaFeO3,LaFe0.89O3-delta,2.205,Pulsed Laser Deposition,Thin film,,,,,,,,,550.0,,,298.0,,,,,,,yes,low,Focuses on film growth and charge carrier lifetime (5 ns),original,https://doi.org/10.1016/j.tsf.2023.139951,0
202,10.1016/j.chemosphere.2023.139984,2023.0,Optimizing physico-chemical properties of hierarchical ZnO/TiO2 nano-film by the novel heating method for photocatalytic degradation of antibiotics and dye,ZnO/TiO2,Heterojunction (Z3T2),3.25,Magnetron Sputtering,Thin film,Hierarchical,,TiO2 layer,,495.0,0.5 M Na2SO4,7.0,Hg arc lamp,550.0,208.5,0.0,295.5,,,,,,,yes,medium,Study targets antibiotic/dye degradation efficiency (up to 99.5%),original,https://doi.org/10.1016/j.chemosphere.2023.139984,0
203,10.1016/j.scitotenv.2024.176109,2024.0,Evaluation of concentration and extraction methods for the targeted sequencing of human viruses from wastewater,,,,,,,,,,,,,,,,,298.0,,,,,,,yes,low,Article concerns environmental virology and wastewater sequencing,estimated,https://doi.org/10.1016/j.scitotenv.2024.176109,0
204,10.1016/j.matchemphys.2025.130440,2025.0,Direct growth of WS2 nanosheets using RF-magnetron sputtering on hydrothermally grown TiO2 nanorods for enhancing photoelectrochemical water splitting,WS2/TiO2,WS2-30 min deposition (WT-30),1.47,Hydrothermal + RF-Sputtering,Nanosheets on Nanorods,1D/2D Heterostructure,Pt,,Photoanode,2670.0,0.1 M Na2SO4,6.3,Xenon lamp,,100.0,1.357,298.0,2.07,,2.105,1.52,33.9,1.1,yes,high,Jph of 2.07 mA/cm² at 0.7 V vs SCE (pH 7 assumed),estimated,https://doi.org/10.1016/j.matchemphys.2025.130440,0
205,10.1016/j.surfcoat.2026.133180,2026.0,Green hydrogen production by an improved photoelectrochemical process with Ga-doped ZnO photoanodes on stainless steel substrates,ZnO,1% Ga-doped,3.2,Dip-coating,Nanoparticles,,,,Photoanode,,1 M NaOH,13.7,Solar simulator,365.0,100.0,,298.0,0.077,,0.074,0.75,535.7,,yes,medium,H2 rate 6 ml/cm²/0.5h converted to µmol/h/cm²,estimated,https://doi.org/10.1016/j.surfcoat.2026.133180,0
206,10.1016/j.ijhydene.2018.11.214,2018.0,A comparison of water photo-oxidation and photo-reduction using photoelectrodes surface-modified by deposition of co-catalysts,TiO2,ZIF-67 modified,3.2,Hydrothermal + Electro-reduction,Nanorods,1D,ZIF-67 (Cobalt MOF),,Photoanode,,0.1 M Na2SO4,7.0,Solar simulator,,100.0,1.857,298.0,0.7,,0.544,,9.26,,yes,low,Jph 700 µA/cm² at 1.2 V vs SCE,estimated,https://doi.org/10.1016/j.ijhydene.2018.11.214,0
207,10.1016/j.ijhydene.2021.07.012,2021.0,One-pot synthesis of TiO2/Sb2S3/RGO complex multicomponent heterostructures for highly enhanced photoelectrochemical water splitting,TiO2/Sb2S3/RGO,TiO2/Sb2S3/10%RGO,2.35,One-pot Hydrothermal,NPs + rod-like bundles,0D/1D hybrid,RGO,,Photoanode,,0.1 M Na2SO4,7.0,Solar simulator,525.0,100.0,1.857,298.0,39.65,,30.0,,553.67,1.0,yes,high,Jph 39.65 mA/cm² at 1.2 V vs SCE,estimated,https://doi.org/10.1016/j.ijhydene.2021.07.012,0
208,10.1016/j.ijhydene.2025.02.265,2025.0,Potential-dependent phase stability and trapped-electrons origin in copper oxide-based photocathodes for water splitting,CuO,Pristine CuO,1.7,Drop-casting,Nanocrystalline,,,,Photocathode,,0.1 M Phosphate buffer,7.0,LED,400.0,,,298.0,0.4,,0.495,,7.24,5.0,yes,medium,Stability of 0.4 mA/cm² for 5 h reported for CuxO,estimated,https://doi.org/10.1016/j.ijhydene.2025.02.265,0
209,10.1016/j.jpowsour.2026.239984,2026.0,Enhancements of photoelectrochemical activity and hydrogen evolution of rGO–Ho–TiO2 nanotubes by rGO optimization,TiO2,rGO (1 µg/cm²) - Ho doped,2.79,Anodization + Drop-casting,Nanotubes,1D,rGO,,Photoanode,,0.1 M Na2SO3,9.0,Xenon lamp,,44.0,,298.0,7.82,,19.33,1.53,71.6,5.0,yes,high,Jph 7.82 mA/cm² at 1.23 V vs Hg/HgO,estimated,https://doi.org/10.1016/j.jpowsour.2026.239984,0
210,10.1016/j.cattod.2022.06.041,2022.0,Effect of two-step annealing on photoelectrochemical properties of hydrothermally prepared Ti-doped Fe2O3 films,Fe2O3,3.0 at.% Ti-doped,2.05,Hydrothermal + Two-step Anneal,Particulate film,,,,Photoanode,1200.0,1 mol L⁻¹ NaOH,13.6,Solar simulator,,100.0,1.5,298.0,0.55,,0.455,,9.42,24.0,yes,medium,Jph 0.55 mA/cm² at 1.50 V vs RHE,estimated,https://doi.org/10.1016/j.cattod.2022.06.041,0
211,10.1016/j.jallcom.2025.178772,2025.0,Revolutionary bismuth vanadate nanowires: Enhanced water oxidation with exposed (0 0 1) facets,BiVO4,Monoclinic clinobisvanite,2.46,Electrodeposition,Nanowires,1D,,,Photoanode,,0.1 M NaHCO3,8.5,Xenon light source,,100.0,1.699,298.0,1.0,,0.856,,12.68,,yes,high,High performance (1 mA/cm²) for native/bare BiVO4,estimated,https://doi.org/10.1016/j.jallcom.2025.178772,0
212,10.1016/j.heliyon.2024.e24491,2024.0,Pulse electrodeposition of CuSbS2 thin films: Role of Cu/Sb precursor ratio on the phase formation and its performance as photocathode for hydrogen evolution,CuSbS2,Cu/Sb ratio 0.41,1.46,Pulse electrodeposition,Thin film,,Pt,CdS,Photocathode,500.0,0.01 M H2SO4,2.8,pulsed light,,100.0,0.0,298.0,3.4,,0.56,,35.87,5.0,yes,high,Jph 3.4 mA/cm² at 0 V vs RHE,estimated,https://doi.org/10.1016/j.heliyon.2024.e24491,0
213,10.1016/j.rinma.2024.100529,2024.0,A DFT study on the fundamental mechanisms of quantum capacitance enhancement within the carbon-based electrodes through different classes of doped configurations from biomass-derived elements,Graphene,"N, S, P, O doped",,DFT (Quantum ESPRESSO),,supercells,,,,,Aqueous electrolytes,,,,,1.0,298.0,,,,,,,yes,low,Theoretical study on supercapacitor quantum capacitance,estimated,https://doi.org/10.1016/j.rinma.2024.100529,0
214,10.1016/j.checat.2022.05.005,2022.0,Structural characterization of supported Ni-Ir catalysts,Ni-Ir/MgAl2O4,Ni3Ir6 alloy,,Co-impregnation,,Alloy system,,,,,,,,,,,923.0,,,,,,600.0,yes,low,Study concerns Dry Reforming of Methane (DRM),original,https://doi.org/10.1016/j.checat.2022.05.005,0
215,10.1016/j.apcatb.2022.121703,2022.0,Electrodeposition of nanostructured Bi2MoO6@Bi2MoO6–x homojunction films for the enhanced visible-light-driven photocatalytic degradation of antibiotics,Bi2MoO6,Bi2MoO6@Bi2MoO6-x,2.64,Electrodeposition and thermal treatment,micro- and nanowire,core@shell homojunction,,,n-type,,antibiotic solution,7.0,LED visible-light,400.0,90.0,,293.15,0.001,,0.01,,0.01,120.0,yes,high,Photocatalytic antibiotic degradation.,estimated,https://doi.org/10.1016/j.apcatb.2022.121703,0
216,10.1016/j.renene.2024.120154,2024.0,Solar to hydrogen conversion by a 25 cm2-photoelectrochemical cell with upscaled components,Fe2O3,Ti-doped Fe2O3,2.1,"bath-deposition, spray, thermal",nanocolumnar,nanocolumns,none,none,tandem,,polymer membrane,,AM 1.5G simulated sunlight,,100.0,,298.0,0.23,,0.2,,2.4,20.0,yes,medium,25 cm2 unit cell prototype.,estimated,https://doi.org/10.1016/j.renene.2024.120154,0
217,10.1016/j.ijthermalsci.2021.107245,2022.0,Predicting the conductive heat transfer through evacuated perlite based vacuum insulation panels,Perlite,90% SiO2,,expanded perlite manufacturing,porous,,,,,,,,,,,,298.0,,,,,,,yes,,Heat transfer study for VIPs.,estimated,https://doi.org/10.1016/j.ijthermalsci.2021.107245,0
218,10.1016/j.solidstatesciences.2023.107379,2024.0,Growth of Ag2S-sensitizer on MoS2/ZnO nanocable arrays for improved solar driven photoelectrochemical water splitting,ZnO,Ag2S/MoS2/ZnO,3.1,"hydrothermal, solvothermal, SILAR",nanorod arrays,nanocable,Ag2S,,photoanode,,0.1 M Na2S / 0.1 M Na2SO3,13.0,AM 1.5G solar simulator,,100.0,1.23,298.15,2.0,,1.522,,29.26,,yes,high,Ternary nanocomposite photoanode.,estimated,https://doi.org/10.1016/j.solidstatesciences.2023.107379,0
219,10.1016/j.cej.2022.136564,2022.0,"Hydrocracking, hydrogenation and hydro-deoxygenation of fatty acids, esters and glycerides: Mechanisms, kinetics and transport phenomena",Ni/Mo catalysts,,,,,,,,,,,,,,,,298.0,,,,,,,yes,,Review on biofuel conversion catalysts.,estimated,https://doi.org/10.1016/j.cej.2022.136564,0
220,10.1016/j.jece.2022.107587,2022.0,The integration of ZVI-dehalogenation and electrochemical oxidation for the treatment of complex effluents polluted with iodinated compounds,Zero Valent Iron,ZVI,,dehalogenation/oxidation,,,,,,,urinary effluents,,,,,,298.0,,,,,,,yes,,Wastewater treatment study.,estimated,https://doi.org/10.1016/j.jece.2022.107587,0
221,10.1016/j.jece.2022.108780,2022.0,Exploiting the multifunctionality of a designed vanadium-doped ZnO hybrid for selective catalytic reduction of NOx and electrochemical applications,ZnO,V-doped ZnO,3.26,Sol-gel,spherical,hybrid oxide,,,,,,,,,,,298.0,,,,,,,yes,high,SCR of NOx and electrochemical applications.,estimated,https://doi.org/10.1016/j.jece.2022.108780,0
222,10.1016/j.gee.2017.02.001,2017.0,TEM Characterization of Metallic Nanocatalysts,Metallic Nanocatalysts,,,,,,,,,,,,,,,,298.0,,,,,,,yes,,Review of TEM techniques for catalysts.,estimated,https://doi.org/10.1016/j.gee.2017.02.001,0
223,10.1016/j.joule.2023.04.008,2023.0,Fully inkjet-printed large-scale photoelectrodes,Fe2O3 / BiVO4,Fe2O3 / NiOx,2.1,Inkjet-printing,thin-film,fully printed layers,NiOx,polymer encapsulation,photoanode,27.5,,,AM 1.5G,,100.0,,298.0,,,,,,,yes,high,Perspective on scalable fabrication.,estimated,https://doi.org/10.1016/j.joule.2023.04.008,0
224,10.1126/sciadv.1500372,2015.0,Fabrication of three-dimensional graphene anode for augmenting performance in microbial fuel cells,Graphene,3D Graphene,,Chemical reduction,,3D framework,,,MFC anode,,microbial culture,,,,,,298.0,,,,,,,yes,high,Microbial fuel cell application.,estimated,https://doi.org/10.1126/sciadv.1500372,0
225,10.1016/j.matre.2023.100232,2023.0,Recent advances in elaborate interface regulation of BiVO4 photoanode for photoelectrochemical water splitting,BiVO4,NiOOH/Co3O4/BiVO4,2.4,reviewed methods,nanoporous,reviewed structures,NiOOH/Co3O4,,photoanode,,1 M KBi,9.5,AM 1.5G,,100.0,1.23,298.0,6.4,,4.89,,82.9,200.0,yes,high,Review; data for optimized reported system.,estimated,https://doi.org/10.1016/j.matre.2023.100232,0
226,10.1007/s10853-026-12601-6,2026.0,Phosphorus-Doped In2S3/TiO2 Heterojunction Photoanode for Photoelectrochemical Water Splitting,TiO2,P-doped In2S3/TiO2,3.2,Hydrothermal procedure,Size-distributed particles,composite,P-In2S3,,Photoanode,,0.5 M Na2SO4,6.5,AM 1.5G,,100.0,1.23,298.0,3.51,,2.928,,52.44,,yes,medium,,estimated,https://doi.org/10.1007/s10853-026-12601-6,0
227,10.1016/j.ssc.2023.115380,2024.0,Main material parameters of SnS/CZTSSe solar cells,CZTSSe,CZTSSe(n) / SnS(p),1.2,wxAMPS program (simulated),,p-n junction,,,Solar cell,100.0,,,,,,,298.0,33.52,,30.0,,417.88,,yes,high,Theoretical calculation of solar cell parameters,estimated,https://doi.org/10.1016/j.ssc.2023.115380,0
228,10.1007/s40201-021-00758-y,2022.0,Enhanced photocatalytic activity of Fe2O3@ZnO decorated CQD for inactivation of Escherichia coli under visible light irradiation,ZnO,Fe2O3@ZnO/CQD,3.3,Hydrothermal process,Aggregated particles,Nanocomposite,CQD,,Photocatalyst,,Aqueous solution,7.0,Visible light,420.0,90.0,0.0,298.0,,,,,,,yes,medium,Used for bacterial inactivation,estimated,https://doi.org/10.1007/s40201-021-00758-y,0
229,10.1007/s40820-020-00469-3,2020.0,Water Splitting: From Electrode to Green Energy System,various,Review,,,,,,,,,1.0 M KOH,14.0,,,,,298.0,10.0,,10.673,,147.2,,yes,high,Review paper summarizing various electrocatalysts,estimated,https://doi.org/10.1007/s40820-020-00469-3,0
230,10.1007/s40820-025-01987-8,2026.0,FeOOH Cocatalysts with Gradient Oxygen Vacancy Distribution Enabling Efficient and Stable BiVO4 Photoanodes,BiVO4,FeOOH-GOv/BiVO4,2.4,Electrochemical deposition,Nanoporous / flocculent,photoetched films,FeOOH,,Photoanode,1500.0,1.0 M potassium phosphate buffer,7.0,AM 1.5G (backside),,100.0,1.23,298.0,5.37,0.2,3.706,1.61,77.86,160.0,yes,high,Gradient oxygen vacancy distribution,estimated,https://doi.org/10.1007/s40820-025-01987-8,0
231,10.1007/s40820-025-02045-z,2026.0,Textured and Hierarchically Porous Hematite Photoanode for Efficient Hydrogen Production via Photoelectrochemical Hydrazine Oxidation,Hematite,Ti:Fe2O3,,Multi-cycle growth and flame annealing,Textured and hierarchically porous,branched structure,,,Photoanode,550.0,1 M NaOH + 0.1 M N2H4,13.6,AM 1.5G,,100.0,1.23,298.0,7.1,,8.7,,74.52,105.0,yes,high,Record solar-to-hydrogen with hydrazine oxidation,estimated,https://doi.org/10.1007/s40820-025-02045-z,0
232,10.1007/s40820-025-02062-y,2026.0,Single-Atom Ru in CoFe-LDH Drives Efficient Charge Separation on BiVO4 for Solar Water Splitting,BiVO4,Ru0.51-CoFe-LDH/BiVO4,2.54,Electrodeposition and spin coating,wormlike / nanosheets,film array,Ru single atoms,,Photoanode,1300.0,0.2 M KH2PO4/K2HPO4,7.0,AM 1.5G,,100.0,1.23,298.0,4.51,0.26,4.22,1.55,49.68,10.0,yes,high,Single atom Ru in LDH cocatalyst,estimated,https://doi.org/10.1007/s40820-025-02062-y,0
233,10.1038/s41467-024-46342-4,2024.0,Supramolecular catalyst with [FeCl4] unit boosting photoelectrochemical seawater splitting via water nucleophilic attack pathway,BiVO4,[FeCl4] in PTh/BiVO4,2.4,Chemical polymerization,3D Porous,amorphous coating,[FeCl4] supramolecular,Polythiophene (PTh),Photoanode,1210.0,Seawater,8.1,AM 1.5G,,100.0,1.23,298.0,4.72,0.4,3.451,1.34,61.23,40.0,yes,high,Enhanced stability in seawater,estimated,https://doi.org/10.1038/s41467-024-46342-4,0
234,10.1038/s41467-024-50244-w,2024.0,Silicon photocathode functionalized with osmium complex catalyst for selective catalytic conversion of CO2 to methane,Silicon,Si/TiO2/trzpOs,1.12,PEC HF etching and magnetron sputtering,Nanoporous,p-n heterojunction,Osmium complex,TiO2,Photocathode,100.0,0.5 M Na2SO4,6.8,AM 1.5G,,100.0,0.0,298.0,,0.52,,,,1.6,yes,high,Selective CO2 to methane conversion,estimated,https://doi.org/10.1038/s41467-024-50244-w,0
235,10.1038/s41598-020-62425-w,2020.0,towards visible light driven photoelectrocatalysis for water treatment: Application of a fto/ BiVo4/Ag2S heterojunction anode for the removal of emerging pharmaceutical pollutants,BiVO4,BiVO4/Ag2S,2.4,Electrodeposition and SILAR,p-n heterojunction,binary electrode,Ag2S,,Photoanode,,0.1 M Na2SO4,7.0,Simulated sunlight,,100.0,1.2,298.0,1.194,,1.127,,14.53,2.0,yes,medium,Removal of recalcitrant organic pollutants,estimated,https://doi.org/10.1038/s41598-020-62425-w,0
236,10.1038/s41598-020-78824-z,2021.0,Tuning the optoelectronic properties of hematite with rhodium doping for photoelectrochemical water splitting using density functional theory approach,Hematite,Rh-doped Fe2O3,1.61,DFT-based simulations,Substitutional-doped,,Rh doping,,photoelectrode,,,,broad spectrum,525.0,,,298.0,,,,,,,yes,low,Theoretical tuning of optoelectronic properties,estimated,https://doi.org/10.1038/s41598-020-78824-z,0
237,10.1038/s41598-024-53577-y,2024.0,"Efficient CO2 adsorption using chitosan, graphene oxide, and zinc oxide composite",ZnO,CTS/GO/ZnO,3.32,RSM-BBD technique,Composite,Nanoparticles,,,Adsorbent,,,,,,,8.6,303.25,,,,,,,yes,medium,CO2 adsorption capacity of 470.43 mg/g,estimated,https://doi.org/10.1038/s41598-024-53577-y,0
238,10.1002/advs.202206729,2023.0,Porphyrins-Assisted Cocatalyst Engineering with Co–O–V Bond in BiVO4 Photoanode for Efficient Oxygen Evolution Reaction,BiVO4,Co-modified heme (HC),2.46,solvothermal,worm-like,thin film,HC,,Photoanode,5.0,0.5 M Na2SO4,6.0,,600.0,,1.23,298.0,5.3,0.07,5.387,1.6,74.91,,yes,high,Co-O-V bond improves kinetics,estimated,https://doi.org/10.1002/advs.202206729,0
239,10.1021/acs.analchem.4c06878,2025.0,Multi-Signal Conversion Electrochemiluminescence Strategy Based on Nanozyme-Enhanced Nitrogen Vacancy/Oxygen Doped g-C3N4 for Detection of Cholesterol,g-C3N4,N-vacancy/O-doped (OCNNV-650),2.69,hydrothermal,,nanozyme,Fe3O4@MoS2,,electrode,,K2S2O8,7.4,,,,,298.0,,,,,,,yes,low,sensor/ECL study,estimated,https://doi.org/10.1021/acs.analchem.4c06878,0
240,10.1021/acs.analchem.7b04015,2018.0,Gold Nanoparticles Decorated Hematite Photoelectrode for Sensitive and Selective Photoelectrochemical Aptasensing of Lysozyme,Fe2O3,Au nanoparticles decorated,2.12,,nanorod,,Au,,photoelectrode,,0.01 M PBS,7.5,visible light,420.0,,0.3,298.0,0.017,,0.014,,0.24,,yes,low,PEC aptasensing,estimated,https://doi.org/10.1021/acs.analchem.7b04015,0
241,10.1021/acsaem.1c00261,2021.0,A handy protocol of nitrogen-doped BiVO4 photoanode for visible light-driven water oxidation,BiVO4,Nitrogen-doped (N-BiVO4),2.34,handy protocol (suspension),film,,,,Photoanode,,0.1 M KPi,7.0,visible light,390.0,100.0,1.23,298.0,3.3,0.55,2.829,,43.82,5.0,yes,medium,nitrogen doping study,estimated,https://doi.org/10.1021/acsaem.1c00261,0
242,10.1021/acsaem.1c03112,2021.0,Heterostructure-induced Light-absorption and Charge-transfer Optimization of TiO2 Photoanode for Photoelectrochemical Water Splitting,TiO2,NiTiO3/TiO2 heterostructure,2.725,hydrothermal,Nanorod Arrays,nanorod,,,Photoanode,2500.0,,,AM 1.5G,,100.0,1.0,298.0,1.94,0.2,1.265,,23.07,,yes,medium,NiTiO3 sensitization,estimated,https://doi.org/10.1021/acsaem.1c03112,0
243,10.1021/acsaem.4c03155,2025.0,Cobalt-doped porous carbon protection layer for bismuth vanadate photoanodes with enhanced stability in photoelectrochemical water splitting,BiVO4,Co-doped porous carbon,2.42,drop-casting / immersion,porous layer,porous,Co-doped carbon,porous carbon,Photoanode,,1 M potassium borate,9.7,AM 1.5G,,100.0,1.23,298.0,2.5,0.3,2.439,,38.25,1.0,yes,medium,porous carbon protection,estimated,https://doi.org/10.1021/acsaem.4c03155,0
244,10.1021/acsaem.8b00628,2018.0,Enhanced Photoactivity and Hydrogen Generation of LaFeO3 Photocathode by Plasmonic Silver Nanoparticle Incorporation,LaFeO3,Ag nanoparticles incorporated,,,photocathode,nanoparticles,Ag,,Photocathode,,0.1 M NaOH,13.9,continuous illumination,,,0.964,298.0,0.15,,0.126,,1.9,25.0,yes,medium,silver nanoparticle study,estimated,https://doi.org/10.1021/acsaem.8b00628,0
245,10.1021/acsaem.9b00179,2019.0,Rapid One-Pot Synthesis and Photoelectrochemical Properties of Copper Vanadates,Copper Vanadates,,,rapid one-pot,microplates,,,,,,,,,,,,298.0,,,,,,,yes,low,structural synthesis study,estimated,https://doi.org/10.1021/acsaem.9b00179,0
246,10.1021/acsaem.9b01938,2019.0,Charge-Transfer Effects in Fe−Co and Fe−Co−Y Oxides for Electrocatalytic Water Oxidation Reaction,FeCoOx,Fe-Co-Y oxides,,,,,,,glass carbon electrode,,1 M KOH,13.2,,,,,298.0,,,,,,,yes,medium,electrocatalytic OER,estimated,https://doi.org/10.1021/acsaem.9b01938,0
247,10.1021/acsami.1c03903,2021.0,Robust Protection of III−V Nanowires in Water Splitting by a Thin Compact TiO2 Layer,GaAs,p-type GaAs NWs with Pt,1.4,MBE / ALD,Nanowire arrays,core-shell nanowire,Pt,TiO2,Photocathode,7.0,0.5 M H2SO4,1.0,AM 1.5G,,100.0,0.0,298.0,0.87,0.243,0.964,,22.0,67.0,yes,high,record-long stability,estimated,https://doi.org/10.1021/acsami.1c03903,0
248,10.1021/acsami.2c03514,2022.0,Two-Step Process of a Crystal Facet Modulated BiVO4 Photoanode for Efficiency Improvement in Photoelectrochemical Hydrogen Evolution,BiVO4,0.25EG-BVO (facet modulated),2.51,two-step process,,facet-modulated,,,Photoanode,,,,AM 1.5G,,100.0,1.23,298.0,1.8,0.4,1.326,,24.58,4.0,yes,medium,facet modulation strategy,estimated,https://doi.org/10.1021/acsami.2c03514,0
249,10.1021/acsami.2c19868,2023.0,Photoelectrochemical Water Splitting with ITO/WO3/BiVO4/CoPi Multishell Nanotubes Enabled by a Vacuum and Plasma Soft-Template Synthesis,WO3/BiVO4,ITO/WO3/BiVO4/CoPi multishell,2.4,vacuum soft-template,multishell nanotubes,multishell nanotube,CoPi,,Photoanode,65.0,0.5 M Na2SO4,7.0,AM 1.5G,,100.0,1.23,298.0,2.23,0.63,2.384,,33.7,3.0,yes,high,soft-template MS synthesis,estimated,https://doi.org/10.1021/acsami.2c19868,0
250,10.1021/acsami.3c13380,2023.0,Insight into (Electro)magnetic Interactions within Facet-Engineered BaFe12O19/TiO2 Magnetic Photocatalysts,TiO2 / BaFe12O19,facet-engineered TiO2,3.2,hydrothermal,microplates,faceted TiO2,,SiO2,,,,,Xe lamp,,,,298.0,,,,,,,,yes,low,estimated,https://doi.org/10.1021/acsami.3c13380,0
251,10.1021/acsanm.5c03456,2025.0,Stable Solar Water Splitting Enabled in Anodic W/WO3 Nanorod Based Electrodes by Hydrothermal Engineering,WO3,W/WO3/FeWO4,2.75,"anodic oxidation, hydrothermal",nanorods,nanorods,FeWO4,,photoanode,495.0,0.1 M Na2SO4,5.9,AM 1.5G,380.0,100.0,1.0,298.0,0.25,,0.217,,4.19,2.5,yes,low,disordered nanorods,estimated,https://doi.org/10.1021/acsanm.5c03456,0
252,10.1002/anie.202414209,2025.0,n-ZrS3/p-ZrOS Photoanodes with NiOOH/FeOOH Oxygen Evolution Catalysts for Photoelectrochemical Water Oxidation,ZrS3,ZrS3/ZrOS/Ni/Fe,2.0,"chemical vapor transport, ALD",nanobelt arrays,nanobelts,NiOOH/FeOOH,ZrOS,photoanode,,1 M KOH,13.0,AM 1.5G,655.0,100.0,1.23,293.15,9.3,0.5,7.977,3.2,147.75,12.0,yes,high,film transfer to FTO,estimated,https://doi.org/10.1002/anie.202414209,0
253,10.1021/acsami.7b08239,2017.0,Activation of a Nickel-based OER Catalyst on a Hematite Photoanode via Incorporation of Cerium for Photoelectrochemical Water Oxidation,Fe2O3,alpha-Fe2O3/NiCeOx,2.12,SILAR,,,NiCeOx,,photoanode,,,,1 sun,,100.0,1.23,298.0,0.85,0.8,0.736,,13.98,2.22,yes,medium,Ni-based co-catalyst,estimated,https://doi.org/10.1021/acsami.7b08239,0
254,10.1021/acsami.8b18261,2019.0,WO3/BiVO4 Type-II Heterojunction Arrays Decorated with Oxygen-deficient ZnO Passivation Layer: a Highly Efficient and Stable Photoanode,BiVO4,WO3/BiVO4/ZnO,2.46,spin-coating,nanostructures,arrays,ZnO,,photoanode,,0.5 M Na2SO4,6.9,100 mW cm-2,450.0,100.0,1.23,298.0,2.96,,3.037,,38.01,,yes,medium,typical heterojunction,estimated,https://doi.org/10.1021/acsami.8b18261,0
255,10.1021/acsami.6b12782,2017.0,BiVO4/WO3/SnO2 Double-heterojunction Photoanode with Enhanced Charge Separation and Visible-transparency for Bias-free Solar Water-Splitting with a Perovskite Solar Cell,BiVO4,BiVO4/WO3/SnO2,2.48,cyclic coating,dense,,,,photoanode,370.0,phosphate buffer,7.0,AM 1.5G,,100.0,1.23,298.0,3.2,0.6,2.738,,41.28,,yes,medium,TPH photoanode,estimated,https://doi.org/10.1021/acsami.6b12782,0
256,10.1021/acsami.7b09325,2017.0,Rapid and Efficient Self-Assembly of Au@ZnO Core-Shell Nanoparticle Array with Enhanced and Tunable Plasmonic Absorption for Photoelectrochemical Hydrogen Generation,ZnO,Au@ZnO,3.28,self-assembly,NP array,core-shell NP,Au,,photoelectrode,,1 M NaOH,13.7,AM 1.5G,,100.0,1.42,298.0,3.0,,2.357,,34.37,,yes,medium,plasmon enhancement,estimated,https://doi.org/10.1021/acsami.7b09325,0
257,10.1021/acsami.4c11095,2024.0,Enhanced Photoelectrochemical Water Splitting Using NiMoO4/BiVO4/Sn-doped WO3 Double Heterojunction Photoanodes,WO3,NMO/BVO/Sn:WO3,2.92,,plates/particles,,NiMoO4,,photoanode,,1 M KBi,9.4,150 W Xenon,500.0,100.0,1.23,298.0,2.06,,2.182,,25.7,10.0,yes,medium,triple heterojunction,estimated,https://doi.org/10.1021/acsami.4c11095,0
258,10.1021/acsami.6b02961,2016.0,Enriching Photoelectrons via Three Transition Channels in Amino-Conjugated Carbon Quantum Dots to Boost Photocatalytic Hydrogen Generation,CQDs,amino-conjugated CQDs,,hydrothermal,,quantum dots,,,,,,,300W Xe lamp,400.0,2.5,,298.0,,,0.36,,2.73,5.0,yes,low,flask experiment,estimated,https://doi.org/10.1021/acsami.6b02961,0
259,10.1042/BST20200758,2020.0,Solar-driven water-splitting provides a solution to the energy problem underpinning climate change,Fe2O3,Mn-doped hematite,2.1,,nanorods,nanorods,Co-phosphate (Co-Pi),surface passivation,photoanode,,,,sunlight,,,0.0,298.0,,,,,,,yes,low,Review article; hematite/perovskite tandem,estimated,https://doi.org/10.1042/BST20200758,0
260,10.1021/acsomega.5c09509,2026.0,Elucidating the Influence of Sodium Fluoride on the Structural and Photoelectrochemical Properties of Antimony Sulfide Thin Films,Sb2S3,NaF-doped (Sample N2),1.7,thermal evaporation and sulfurization,thin films,,,,photoanode,450.0,0.5 M Na2SO4,7.0,1-Sun LED solar simulator,,100.0,1.23,301.0,0.52,,0.522,,7.13,,yes,low,Flat-band potential 0.33 V vs Ag/AgCl,estimated,https://doi.org/10.1021/acsomega.5c09509,0
261,10.1021/jacsau.3c00100,2023.0,Surface Reconstruction and Passivation of BiVO4 Photoanodes Depending on the Structure Breaker Cs+,BiVO4,Cs-BiVO4,2.45,SILAR and photo-polarization,,,FeOOH,,photoanode,940.0,1.0 M potassium borate,9.5,AM 1.5 G simulated sunlight,,100.0,1.23,298.0,5.1,0.2,5.025,,84.48,30.0,yes,high,FeOOH/Cs-BiVO4 benchmarking result,estimated,https://doi.org/10.1021/jacsau.3c00100,0
262,10.1039/c5nr06212h,2015.0,Three-demensional Interconnected Hierarchical FeOOH/TiO2/ZnO Nanostructural Photoanode for Enhancing Performance of Photoelectrochemical Water Oxidation,ZnO/TiO2/FeOOH,FeOOH/TiO2/ZnO,3.3,,nanostructural arrays,3D hierarchical arrays,FeOOH,TiO2,photoanode,,,,solar illumination,,100.0,1.8,298.0,1.6,0.2,1.218,,28.86,,yes,medium,10 min FeOOH deposition,estimated,https://doi.org/10.1039/c5nr06212h,0
263,10.1016/j.ijhydene.2019.11.060,2016.0,Water Splitting Using a Three-dimensional Plasmonic Photoanode with Titanium Dioxide Nanotunnels,TiO2,Au-NPs on TiO2,3.2,ALD and reduction cycles,nanotunnels,3D nanotunnels,Au-NPs,,photoanode,230.0,0.1 mol dm-3 KClO4,,,700.0,,,298.0,,,,,,7.0,yes,low,Plasmonic sensitization study,estimated,https://doi.org/10.1016/j.ijhydene.2019.11.060,0
264,10.1039/c6ta10511d,2016.0,Layered MoS2 Coupled MOFs-Derived Dual-Phase TiO2 for Enhanced Photoelectrochemical Performance,TiO2,MoS2/dual-phase TiO2,3.0,MOF-derived,,layered heterostructure,MoS2,,photoanode,,,,AM 1.5G,,100.0,1.2,298.0,1.2,-0.6,0.937,,15.17,0.5,yes,medium,0.5MDT sample,estimated,https://doi.org/10.1039/c6ta10511d,0
265,10.1039/c6ta11134c,2016.0,A facile spray pyrolysis method to prepare Ti-doped ZnFe2O4 for boosting photoelectrochemical water splitting,ZnFe2O4,6% Ti-doped,1.98,spray pyrolysis,,,,,photoanode,300.0,1 M NaOH,13.7,AM 1.5 G,,100.0,1.23,298.0,0.4,1.0,0.395,,11.08,3.25,yes,low,Optimal 6% Ti doping,estimated,https://doi.org/10.1039/c6ta11134c,0
266,10.1021/acs.chemmater.0c00545,2020.0,Combined Experimental and Theoretical Investigations of n-Type BiFeO3 for Use as a Photoanode in a Photoelectrochemical Cell,BiFeO3,N2-treated,2.43,,thin film,,,,photoanode,120.0,pH 9.2 borate buffer,9.2,AM 1.5G,,100.0,1.3,298.0,0.03,0.8,0.027,,0.43,,yes,low,n-type behavior study,estimated,https://doi.org/10.1021/acs.chemmater.0c00545,0
267,10.1021/cm502396d,2015.0,Synthesis of Hybrid Au-In2O3 Nanoparticles Exhibiting Dual Plasmonic Resonance,In2O3,Au-In2O3,,,nanoparticles,core@shell nanoparticles,,,,,,,,,,,298.0,,,,,,,yes,,Synthesis focus; no PEC data,estimated,https://doi.org/10.1021/cm502396d,0
268,10.1021/cm504327f,2015.0,All First Row Transition Metal Oxide Photoanode for Water Splitting Based on Cu3V2O8,Cu3V2O8,Mo:Cu3V2O8,2.05,,,,,,photoanode,500.0,0.1 M potassium borate,9.2,1 sun front illumination,400.0,100.0,1.0,298.0,,0.65,,,8.8,1.0,yes,low,Mo-doped optimal n-type,estimated,https://doi.org/10.1021/cm504327f,0
269,10.1021/acs.chemmater.6b02639,2016.0,Anisotropic Photoelectrochemical (PEC) Performances of ZnO Single-Crystalline Photoanode: Effect of Internal Electrostatic Fields on the Separation of Photogenerated Charge Carriers during PEC Water Splitting,ZnO,Single-Crystalline (O-plane),3.39,crystal polishing,single-crystalline,,,,photoanode,500000.0,0.5 M Na2SO4,6.84,AM 1.5G simulated solar light,,100.0,1.23,298.0,1.8,0.3,1.454,,29.0,12.0,yes,medium,O-plane facet performance,estimated,https://doi.org/10.1021/acs.chemmater.6b02639,0
270,10.1021/cs5015145,2015.0,Coverage-Induced Conformational Effects on Activity and Selectivity: Hydrogenation and Decarbonylation of Furfural on Pd(111),Pd,Pd(111) surface,,DFT calculations,,,,,,,,,,,,,298.0,,,,,,,yes,,Computational catalysis study,estimated,https://doi.org/10.1021/cs5015145,0
271,10.1021/acscatal.0c02648,2020.0,Identifying Performance-Limiting Deep Traps in Ta3N5 for Solar Water Splitting,Ta3N5,undoped thin film,2.1,e-beam evaporation and nitridation,thin film,,NiCoFe-Bi,H2O2 treatment,photoanode,,1 M KOH,13.6,AM 1.5G simulated sunlight,405.0,100.0,1.23,298.0,8.2,0.47,2.25,,109.04,,yes,high,Optimal 70 sccm NH3 flow,estimated,https://doi.org/10.1021/acscatal.0c02648,0
272,10.1021/acssuschemeng.0c03671,2020.0,Dual Modification of a BiVO4 Photoanode for Enhanced Photoelectrochemical Performance,BiVO4,C-BVO,2.41,,,,Carbon,,photoanode,,,,,,,1.23,298.0,,,,0.65,,,yes,medium,Separation efficiency 70%,estimated,https://doi.org/10.1021/acssuschemeng.0c03671,0
273,10.1021/acssuschemeng.2c00285,2022.0,Modulation of Chemical Microenvironment on Hematite-Based Photoanode Interface with Covalent Triazine Framework for Efficient Photoelectrochemical Water Oxidation,alpha-Fe2O3,Co-Sil/CTF-BTh/Gd-Fe2O3,2.03,in situ electropolymerization,nanorods,nanorods,Co-Sil / CTF-BTh,,photoanode,,1 M KOH,13.6,AM 1.5G,,100.0,1.23,298.0,2.74,0.65,2.48,0.38,44.78,,yes,medium,Calculated from Table S1,estimated,https://doi.org/10.1021/acssuschemeng.2c00285,0
274,10.1021/acscatal.3c02504,2024.0,Structural Origin for Efficient Photoelectrochemical Water Splitting over FeOOHx/BiVO4,BiVO4,FeSO4/BiVO,2.41,optimal synthetical condition,,,FeOOH,,photoanode,,0.2 M Na2SO4,7.0,AM 1.5G,,100.0,1.23,298.0,5.4,,5.469,1.46,65.17,,yes,high,ABPE from Fig S11,estimated,https://doi.org/10.1021/acscatal.3c02504,0
275,10.1021/acscatal.3c06040,2024.0,Halide Perovskites for Photoelectrochemical Water Splitting and CO2 Reduction: Challenges and Opportunities,Halide Perovskites,multiple systems,,review,,,,,,,,,,,,,298.0,,,,,,,,yes,,estimated,https://doi.org/10.1021/acscatal.3c06040,0
276,10.1021/acscatal.4c01150,2024.0,Alleviating Charge Recombination Caused by Unfavorable interaction of P and Sn in Hematite for Photoelectrochemical Water Oxidation,alpha-Fe2O3,P:Sn:Ti-Fe2O3,2.04,,,,,,photoanode,,1 M NaOH,13.5,AM 1.5G,,100.0,1.23,298.0,5.32,0.506,4.345,,60.8,,yes,high,Performance from page 25,estimated,https://doi.org/10.1021/acscatal.4c01150,0
277,10.1021/acscatal.6b02664,2016.0,Protonated Graphitic Carbon Nitride with Surface Attached Molecule as Hole Relay for Efficient Photocatalytic O2 Evolution,g-C3N4,p-CN/BODIPY,2.79,,,,BODIPY,,photocatalyst,,DI water,7.0,,410.0,,,298.0,,,,,,,yes,,Suspension photocatalysis,estimated,https://doi.org/10.1021/acscatal.6b02664,0
278,10.1021/acscatal.8b03497,2018.0,Enhanced Photocatalytic Water Splitting on Very Thin WO3 Films Activated by High Temperature Annealing,WO3,WO3,2.73,high temperature annealing,thin film,thin film,,,photoanode,,,,,,,,298.0,,,,,,,yes,,SI snippet only,estimated,https://doi.org/10.1021/acscatal.8b03497,0
279,10.1039/d1ta10203f,2022.0,Nanoscale metal oxides–2D materials heterostructures for photoelectrochemical water splitting—a review,multiple,,,review,,,,,,,,,,,,,298.0,,,,,,,,yes,,estimated,https://doi.org/10.1039/d1ta10203f,0
280,10.1039/d2cy01253g,2022.0,Vertically Aligned Nanorods Fe2TiO5 and Coupling of NiMoO4/CoMoO4 as A Hole-Transfer Cocatalyst for Enhancing Photoelectrochemical Water Oxidation Performance,Fe2TiO5,Fe2TiO5/NiMoO4/CoMoO4,2.25,hydrothermal,nanorods,nanorods,NiMoO4/CoMoO4,,photoanode,1700.0,,,,,,1.23,298.0,1.6,,1.102,,22.3,,yes,low,Thickness from Fig S6,estimated,https://doi.org/10.1039/d2cy01253g,0
281,10.1039/d2se00459c,2022.0,Microwave-assisted surface attachment of aluminium ions on in-situ diluted titanium-doped hematite photoanodes for efficient photoelectrochemical water-splitting,alpha-Fe2O3,Co-Pi/Al(5mM)/Ti(4%):Fe2O3,2.1,MASA / hydrothermal,,,Co-Pi,Al ions,photoanode,356.0,1 M NaOH,13.9,1 sun,,100.0,1.23,298.0,1.6,0.8,1.74,,30.0,5.0,yes,low,H2 rate from Fig S13,estimated,https://doi.org/10.1039/d2se00459c,0
282,10.1039/d3ce00953j,2023.0,CoFeBi/BiVO4 Photoelectrode for Efficient Solar Water Oxidation,BiVO4,CoFeBi/BiVO4,2.5,,,,CoFeBi,,photoanode,,0.5 M KPi,7.5,,,,1.23,298.0,4.4,,2.914,,58.69,,yes,medium,KPi electrolyte,estimated,https://doi.org/10.1039/d3ce00953j,0
283,10.1039/d3ta05014a,2023.0,Hierarchical Zr-doped Fe2O3 photoanodes decorated with in situ Au nanoparticles via a surfactant-assisted one-step hydrothermal approach for efficient photoelectrochemical water splitting,alpha-Fe2O3,Zr-Fe2O3/CTAB/Au:NCH,2.02,surfactant-assisted hydrothermal,hierarchical,hierarchical,Au nanoparticles,,photoanode,,1 M NaOH,13.8,AM 1.5G,,100.0,1.23,298.0,2.72,0.78,2.476,,31.38,10.0,yes,medium,Onset from text p295,estimated,https://doi.org/10.1039/d3ta05014a,0
284,10.1039/d4nj03619k,2024.0,Constructing FeCoNi-LDH/MOF heterostructure as cocatalyst on hematite photoanode for highly efficiency water splitting,alpha-Fe2O3,Sn@alpha-Fe2O3/ZIF-67/FeCoNi-LDH,2.03,,,,FeCoNi-LDH/MOF,,photoanode,,1 M NaOH,13.9,,,,1.23,308.0,1.51,,1.398,,19.19,,yes,low,Result from Fig S13,estimated,https://doi.org/10.1039/d4nj03619k,0
285,10.1039/d4ta03234a,2024.0,Engineering Transition Metal Hydroxide-Photoanode Interface with a Highly Crystalline Mediator for Efficient Photoelectrochemical Water Splitting,BiVO4,BV/Fe(OH)X-H/FeNi(OH)X,2.43,,,,FeNi(OH)X,,photoanode,,,,1-sun,,100.0,1.23,298.0,5.34,,4.594,,96.0,6.0,yes,high,H2 rate from Fig S27,estimated,https://doi.org/10.1039/d4ta03234a,0
286,10.1039/d4ta07082h,2024.0,Incorporation of sulfur vacancies in ZnIn2S4 photoanode for highly efficient photoelectrochemical water splitting and urea oxidation,ZnIn2S4,sulfur vacancies,,,,,,,photoanode,,,,,,,1.23,298.0,2.18,,1.998,,34.33,,yes,medium,Focus on sulfur vacancy incorporation,estimated,https://doi.org/10.1039/d4ta07082h,0
287,10.1039/d5cp02984h,,Tailoring the Electronic Structure of Cobalt Phthalocyanine on BiVO4 via Substituent Effects for Enhanced Photoelectrochemical Water Splitting,BiVO4,CoPcTs,2.49,,,,Cobalt Phthalocyanine,,photoanode,,1 M KBi,8.9,,,,1.23,298.0,3.9,,3.186,,47.18,4.0,yes,medium,CoPcTs modification of BiVO4,estimated,https://doi.org/10.1039/d5cp02984h,0
288,10.1039/d5ma00616c,2025.0,Unveiling the role of silver-promoted phase evolution in antimony sulfide thin films for photoelectrochemical activity,Sb2S3,Ag+ and Cu+ co-doping,1.74,electrophoretic deposition,crystalline films,,,,,,,,,,,,298.0,,,,,,,,Doping of Sb2S3 films,,estimated,https://doi.org/10.1039/d5ma00616c,0
289,10.1039/d5nj01912e,2025.0,Enhanced Photoelectrochemical Water Splitting Performance of Molten-salt Carbon Nitride Photoanode with Morphology and Defects Regulation Induced by Hydrochloric Acid Treatment,PCN,HCl treatment,1.9,molten-salt synthesis,films,,,,photoanode,,1.0 M NaOH,14.0,AM 1.5G,,100.0,1.23,298.0,0.233,0.2,0.185,0.08,0.67,,yes,low,Defects regulation by HCl,estimated,https://doi.org/10.1039/d5nj01912e,0
290,10.1039/d5ta01070e,2025.0,"High-Performance Silicon-Based n-i-p Heterojunction Photoanode for Efficient Photoelectrochemical Water Splitting: Fabrication, Optimization, and Large-Scale Application",Silicon,FTO/TiO2/Si/NiO_A,1.1,magnetron sputtering,thin films,n-i-p heterojunction,NiO,TiO2,photoanode,,1 M KOH,13.9,,,,0.11,298.0,0.33,0.11,0.266,,3.97,10.0,yes,high,High stability silicon heterojunction,estimated,https://doi.org/10.1039/d5ta01070e,0
291,10.1021/acs.energyfuels.1c04113,2022.0,Synergistic effect of Ni2+ and Fe3+ of Bimetallic Oxyhydroxide NiFeOOH as OER Cocatalyst for Fe2O3 Photoanode with Enhanced Photoelectrochemical Water Splitting,alpha-Fe2O3,NiFeOOH,2.03,hydrothermal method,,,NiFeOOH,,photoanode,,,,simulated sunlight,,100.0,1.23,298.0,,,,,,,yes,,NiFeOOH as OER cocatalyst,estimated,https://doi.org/10.1021/acs.energyfuels.1c04113,0
292,10.1021/acs.energyfuels.5c06756,2026.0,Ternary BiVO4/NCQD/FeCo-LDH Photoanode with Light Capture and Hole Extraction Units for Efficient Photoelectrochemical Water Splitting,BiVO4,NCQD/FeCo-LDH,2.52,soaking,,ternary,"NCQD, FeCo-LDH",,photoanode,,,,,420.0,,1.23,298.0,4.74,0.2,5.152,1.2,77.38,10.0,yes,high,Ternary system with BiVO4,estimated,https://doi.org/10.1021/acs.energyfuels.5c06756,0
293,10.3389/fchem.2020.00709,2020.0,Recent Advances in Supported Metal Catalysts and Oxide Catalysts for the Reverse Water-Gas Shift Reaction,CeO2,,,,,,"Pt, Ni, Ru, Co",,,,,,,,,,298.0,,,,,,,,yes,,estimated,https://doi.org/10.3389/fchem.2020.00709,0
294,10.3389/fchem.2025.1600959,2025.0,Recent advances of interfacial modification over tantalum nitride photoanodes for solar water oxidation: a mini review,Ta3N5,interfacial modification,2.1,,,,,,photoanode,,,,simulated sunlight,590.0,100.0,,298.0,12.1,0.6,15.9,2.5,175.3,30.0,yes,medium,Review of Ta3N5 advances,estimated,https://doi.org/10.3389/fchem.2025.1600959,0
295,10.1021/acs.inorgchem.3c04129,2024.0,Rational design of CoOOH/alpha-Fe2O3/SnO2 for enhanced photoelectrochemical water oxidation: The roles of underneath SnO2 and surface CoOOH,alpha-Fe2O3,SnO2/CoOOH,2.11,,,heterojunction,CoOOH,,photoanode,170.0,1 mol L-1 NaOH,14.0,LED,447.0,30.0,0.9,298.0,,,,,,,yes,medium,Roles of SnO2 and CoOOH,estimated,https://doi.org/10.1021/acs.inorgchem.3c04129,0
296,10.3390/ijms23148041,2022.0,Recent Advances in the Photoreactions Triggered by Porphyrin-Based Triplet–Triplet Annihilation Upconversion Systems: Molecular Innovations and Nanoarchitectonics,Porphyrins,TTA-UC,,,nanoarchitectonics,nanoarchitectonics,porphyrin sensitizers,,,,,,green light,532.0,,,298.0,,,,,,,yes,low,Review of TTA-UC systems,estimated,https://doi.org/10.3390/ijms23148041,0
297,10.3390/ijms24010443,2023.0,Boosting the Photoelectrochemical Performance of Au/ZnO Nanorods by Co-Occurring Gradient Doping and Surface Plasmon Modification,ZnO,grad-Au,3.27,,nanorods,nanorods,Au,,photoanode,,,7.0,,,,,298.0,,,,,,,yes,,Gradient Au doping in ZnO,estimated,https://doi.org/10.3390/ijms24010443,0
298,10.1016/j.rser.2026.116792,2026.0,A systems engineering review on the integration of solar concentrators with photoelectrochemical processes,various,,2.0,,,,,,,,,,concentrated / natural,,,,298.0,,,,,,,,yes,,estimated,https://doi.org/10.1016/j.rser.2026.116792,0
299,10.1021/jacs.1c07391,2021.0,Engineering Single-Atomic Ni-N4-O Sites on Semiconductor Photoanodes for High-Performance Photoelectrochemical Water Splitting,BiVO4,FeOOH/Ni-N4-O/BiVO4,2.44,spin-coating; thermal treatment; electrodeposition,array,porous array,FeOOH,,photoanode,,0.5 M KBi,9.3,AM 1.5 G simulated,425.0,100.0,1.23,300.0,6.0,0.2,4.09,,103.93,,yes,high,Single-atomic Ni sites.,estimated,https://doi.org/10.1021/jacs.1c07391,0
300,10.3390/jfb13040274,2022.0,"Metal Oxide Nanoparticles: Review of Synthesis, Characterization and Biological Effects",MONPs,"various (ZnO, TiO2, etc.)",,top-down / bottom-up,spherical / various,nanoparticle,,various,,,,,,,,,298.0,,,,,,,yes,,Review on biomedical apps.,estimated,https://doi.org/10.3390/jfb13040274,0
301,10.1021/acs.jpcc.5b05427,2015.0,Efficient and Stable Photoelectrochemical Seawater Splitting with TiO2@g-C3N4 Nanorod Arrays Decorated by Co-Pi,TiO2,TiO2@g-C3N4/Co-Pi,3.2,,nanorod array,nanorod,Co-Pi,g-C3N4,,,seawater; 0.2 M Na2SO4,6.8,AM 1.5 G,,100.0,,298.0,1.4,,1.368,,16.51,,yes,Medium,Seawater splitting study.,estimated,https://doi.org/10.1021/acs.jpcc.5b05427,0
302,10.1021/acs.jpcc.6b06903,2016.0,PH3-treated TiO2 Nanorods with Dual-doping Effect for Photoelectrochemical Oxidation of Water,TiO2,P-doped; Ti3+ self-doped,3.15,PH3 annealing,nanorod array,nanorod,,,,,1.0 M NaOH,13.0,LED; simulated,470.0,100.0,1.23,298.0,0.42,,0.323,,5.72,,yes,Medium,Dual-doping enhances activity.,estimated,https://doi.org/10.1021/acs.jpcc.6b06903,0
303,10.1021/acs.jpcc.7b05806,2017.0,"Photocatalytic H2 Generation Efficiencies of TiO2 Nanotube-based Heterostructures: Grafted with ZnO Nanorods, Ag Nanoparticles or Pd Nanodendrites",TiO2,TiO2-NT/ZnO-NR/Ag-NP,3.2,,nanotubes,nanotube,Ag; Pd,,,,,,monochromatic,365.0,,,298.0,,,,,,,,,Focus on carrier generation.,estimated,https://doi.org/10.1021/acs.jpcc.7b05806,0
304,10.1021/jp8010537,2008.0,In situ Time-Resolved Energy-Dispersive XAFS Study on Photodeposition of Rh Particles on a TiO2 photocatalyst,TiO2,Rh/TiO2,3.2,photodeposition,,,Rh,,,,,,photoirradiation,,,,298.0,,,,,,,,,XAFS photodeposition study.,estimated,https://doi.org/10.1021/jp8010537,0
305,10.1021/acs.jpcc.9b09623,2019.0,SnO2@WS2 /p-Si Heterostructure Photocathode for Photoelectrochemical Hydrogen Production,Si,SnO2@WS2/p-Si,1.1,,nanoflower (WS2),,,WS2/SnO2,photocathode,,,,AM 1.5 G,,100.0,0.0,298.0,3.5,,3.681,,61.18,,yes,Medium,Heterostructure on Si.,estimated,https://doi.org/10.1021/acs.jpcc.9b09623,0
306,10.1021/acs.jpclett.3c02465,2023.0,Surface-Hydroxylation During Water Splitting Promotes the Photoactivity of BiVO4(010) Surface by Suppressing Polaron-mediated Charge Recombination,BiVO4,,2.45,NAMD calculation,(010) surface,,,,,,,,,,,,300.0,,,,,,,,,Computational NAMD study.,estimated,https://doi.org/10.1021/acs.jpclett.3c02465,0
307,10.1021/acs.langmuir.8b00149,2018.0,An MnNCN-Derived Electrocatalyst for CuWO4 Photoanodes,CuWO4,CuWO4/MnNCN,,thermal annealing,thin film,,MnNCN,,photoanode,1000.0,0.1 M KPi,7.0,AM 1.5 G,,100.0,1.315,298.0,0.06,,0.047,,0.72,1.0,yes,Low,MnNCN electrocatalyst.,estimated,https://doi.org/10.1021/acs.langmuir.8b00149,0
308,10.3390/ma16237451,2023.0,Synthesis and Characterization of Bi4Ti3O12 Nanoparticles Obtained via Pulsed Laser Ablation in Liquids,Bi4Ti3O12,,1.935,pulsed laser ablation (PLAL),spherical,nanoparticle,,carbon layer,,,distilled water; alcohols,7.0,laser,798.0,,,298.0,,,,,,,,,PLAL synthesis study.,estimated,https://doi.org/10.3390/ma16237451,0
309,10.1039/d4na00088a,2024.0,Photoelectrochemical performance of a nanostructured BiVO4/NiOOH/FeOOH–Cu2O/CuO/TiO2 tandem cell for unassisted solar water splitting,BiVO4 / Cu2O,BiVO4/NiOOH/FeOOH anode; Cu2O/CuO/TiO2 cathode,2.25,"Electrodeposition, conversion",porous network,Nanostructures,"NiOOH, FeOOH",TiO2,Tandem,,0.1 M Na2SO4,6.0,AM 1.5G,,100.0,0.0,298.0,0.201,0.45,0.27,,2.89,,yes,Medium,Unassisted oxide tandem cell,estimated,https://doi.org/10.1039/d4na00088a,0
310,10.3390/nano14131100,2024.0,Promoting the Photoelectrochemical Properties of BiVO4 Photoanode via Dual Modification with CdS Nanoparticles and NiFe-LDH Nanosheets,BiVO4,"CdS nanoparticles, NiFe-LDH nanosheets",2.46,"Sequential deposition, annealing","nanosheets, nanoparticles",Nanoparticles,NiFe-LDH,,Photoanode,,0.1 M KOH,6.1,AM 1.5G,500.0,100.0,1.23,298.0,3.1,0.38,3.095,0.93,43.7,3.0,yes,High,Dual modification CdS/NiFe-LDH,estimated,https://doi.org/10.3390/nano14131100,0
311,10.1021/acsnano.5c01111,2023.0,Strengthening Bonding Interaction of a (Co0.91V0.09)3(BTC)2 Metal-Organic Framework with BiVO4 Photoanodes Enabling Ultra-Stable Photoelectrochemical Water Oxidation,BiVO4,"(Co0.91V0.09)3(BTC)2 MOF, Co3O4",2.42,,,,CoV-MOF,,Photoanode,500.0,1 M borate buffer,9.5,AM 1.5G,,100.0,1.23,298.0,6.0,,6.044,,81.11,310.0,yes,High,Ultra-stable MOF/BiVO4 anode,estimated,https://doi.org/10.1021/acsnano.5c01111,0
312,10.1021/acs.nanolett.3c04374,2024.0,Efficient Acidic Photoelectrochemical Water Splitting Enabled by Ru Single Atoms Anchored on Hematite Photoanodes,Fe2O3,Ti-doped Fe2O3; Ru single atoms,2.2,"Hydrothermal, soaking",,Single atoms,Ru single atoms,,Photoanode,,0.1 M NaNO3 + HNO3,1.0,AM 1.5G,,100.0,1.23,298.15,1.42,0.92,1.03,,18.33,0.5,yes,Medium,Ru single atoms for acidic PEC,estimated,https://doi.org/10.1021/acs.nanolett.3c04374,0
313,10.1021/acs.nanolett.5b02671,2015.0,A Metal-Nitride Nanowire Dual-Photoelectrode Device for Unassisted Solar-to-Hydrogen Conversion under Parallel Illumination,InGaN / GaN,Ge-doped (n-type); Mg-doped (p-type),3.4,MBE,vertically aligned nanowires,Nanowires,Pt,,Dual-photoelectrode,,1 mol/L HBr,,AM 1.5G,500.0,100.0,,298.0,19.0,0.5,0.46,,283.4,,yes,High,Nitride nanowire dual device,estimated,https://doi.org/10.1021/acs.nanolett.5b02671,0
314,10.1021/acs.nanolett.5c04545,2025.0,Polyaniline-Facilitated Direct Electron Transfer from Photosystem II on Inverse-Opal CeO2,CeO2,Polyaniline; Photosystem II,,"Electrodeposition, assembly",Inverse-opal,Inverse-opal,Polyaniline,,Photoanode,,MES buffer,7.8,AM 1.5G,575.0,80.0,0.5,298.0,0.0059,,0.01,,0.09,16.7,yes,Low,Bio-photoanode DET,estimated,https://doi.org/10.1021/acs.nanolett.5c04545,0
315,10.1021/acs.nanolett.5b00616,2015.0,Perovskite- Hematite Tandem Cells for Efficient Overall Solar Driven Water Splitting,Fe2O3,Mn-doped hematite,2.13,,,,,,Photoanode,,,,,,,,298.0,3.0,,1.8,,44.99,,yes,Medium,Perovskite-hematite tandem,estimated,https://doi.org/10.1021/acs.nanolett.5b00616,0
316,10.1021/acs.nanolett.7b04701,2018.0,Self-Assembled One-Dimensional Porphyrin Nanostructures with Enhanced Photocatalytic Hydrogen Generation,THPP,Pt catalyst,,Self-assembly,Nanowires,Nanowires,Pt,,Photocatalyst (powder),,aqueous AA,4.0,Xenon lamp,420.0,,,298.0,,,,,,,,Low,Powder photocatalysis,estimated,https://doi.org/10.1021/acs.nanolett.7b04701,0
317,10.3390/molecules29123115,2024.0,"Green synthesis of ultrathin 2D nanoplatelets, hematene and magnetene...",Hematite / Magnetite,2D hematene nanosheets,1.985,Liquid phase exfoliation,nanosheets,Nanosheets,,,,,water,7.0,UV to NIR,,,,298.0,,,,,,,,Low,Material properties study,estimated,https://doi.org/10.3390/molecules29123115,0
318,10.1039/d0ra10176a,2021.0,Prospects about the graphene role in the design of photoelectrodes for sunlight-driven water splitting,BiVO4,Mo:BiVO4/rGO,2.5,Doctor blading,thin film,,rGO,,Photoanode,,0.1 M Na2SO4,6.3,AM 1.5G,,100.0,1.23,298.0,8.51,,6.493,,126.46,,yes,High,Review paper data,estimated,https://doi.org/10.1039/d0ra10176a,0
319,10.1039/d1ra09256a,2022.0,Preparation of Ag3PO4/alpha-Fe2O3 hybrid powders and their visible light catalytic performances,Ag3PO4 / alpha-Fe2O3,1:2 molar ratio,2.1,Hydrothermal,Hexagonal sheet,Nanoparticles,Ag,,Powder,,Rhodamine B,,Xenon lamp,525.0,,,298.0,,,,,,,,Low,alpha-Fe2O3 nomenclature normalized.,estimated,https://doi.org/10.1039/d1ra09256a,0
320,10.1039/d4ra08254k,2025.0,Tuning surface hydrophilicity of a BiVO4 photoanode through interface engineering for efficient PEC water splitting,BiVO4,BVO@CoPc-S,2.41,Solvothermal,3D worm-like,monoclinic,CoPc,,Photoanode,,1 M KBi,9.1,Simulated sunlight,,100.0,1.23,298.0,4.0,,4.184,1.3,71.15,0.5,yes,High,Interface engineering,estimated,https://doi.org/10.1039/d4ra08254k,0
321,10.1039/d2sc02638d,2022.0,Reversing electron transfer in a covalent triazine framework for efficient photocatalytic hydrogen evolution,CTF,P-CTF-Co2P,,Phosphidation,CTF Surface,7,Co2P,,Photocatalyst,,,,Simulated solar,,100.0,,298.15,,,,,7600.0,,yes,High,Nanostructure size cleaned.,estimated,https://doi.org/10.1039/d2sc02638d,0
322,10.1039/d2sc05115j,2022.0,High-throughput exploration of activity and stability for identifying photoelectrochemical water splitting materials,Fe–Ti–W–O,libraries,,Co-sputtering,thin film,,,,Photoanode,,near-neutral,5.7,,,,1.7,298.0,,,,,,,yes,Medium,HT-screening focus,estimated,https://doi.org/10.1039/d2sc05115j,0
323,10.1039/d2sc06651c,2023.0,An integrated n-Si/BiVO4 photoelectrode with an interfacial bi-layer for unassisted solar water splitting,n-Si / BiVO4,n-Si/Al2O3/ITO/BiVO4,1.76,MOD,Tandem,50,NiFe(OH)x,Al2O3,Tandem photoanode,250.0,1 M KBi,9.0,AM 1.5 G,,100.0,0.0,298.0,0.5,-0.36,0.62,,7.38,1045.0,yes,High,Unassisted splitting; Bandgap mean.,estimated,https://doi.org/10.1039/d2sc06651c,0
324,10.1021/acsnano.5c15308,2025.0,Insights into Electron Dynamics in Mn-Doped Ag-In-S Quantum Dots for Efficient Photoelectrocatalytic Hydrogen Evolution,AgInS8,4%Mn: AIS,2.42,Hot injection,Quantum dots,2.52,ZnS,,QD-sensitized anode,,Na2S / Na2SO3,12.5,AM 1.5G,,100.0,,298.0,8.6,,10.02,4.0,134.42,,yes,High,Nanostructure size 2.52 normalized.,estimated,https://doi.org/10.1021/acsnano.5c15308,0
325,10.1021/acsnano.5c17326,2026.0,Short-Range Ordered Dual-Elemental Doped Hematite Photoanodes for Enhanced Photoelectrochemical Water Splitting,alpha-Fe2O3,RMS@Ti:Fe2O3,2.15,Microwave sintering,Nanorod,Nanorod,NiFeOOH,,Photoanode,,1 M NaOH,13.6,,,,0.6,298.0,3.59,,3.284,,57.16,,yes,High,Doping engineering.,estimated,https://doi.org/10.1021/acsnano.5c17326,0
326,10.1021/acsenergylett.8b00855,2018.0,Boosting PEC Water Oxidation Activity and Stability of Mo-doped BiVO4 through NiFe–Phenolic Networks,BiVO4,Mo:BiVO4@TANF,2.5,assembly coating,Porous,Core-shell,NiFe networks,,Photoanode,800.0,0.5 M sodium borate,8.5,AM 1.5G,,100.0,1.23,298.0,5.1,,4.339,,66.92,1.25,yes,High,Stability focus,estimated,https://doi.org/10.1021/acsenergylett.8b00855,0
327,10.1371/journal.pone.0335161,2025.0,Co-generation of NaREE(MoO4)2 and REEPO4 in multiple habits by solid-flux crystal growth,NaREE(MoO4)2,natural monazite,,solid-flux growth,Skeletal / needle,50.5,,,,,,,,,,,1273.15,,,,,,,,Medium,Nanostructure interval mean.,original,https://doi.org/10.1371/journal.pone.0335161,0
328,10.1021/acsomega.0c04191,2020.0,Silver-Decorated Cobalt Ferrite Nanoparticles Anchored onto Graphene Sheets,CoFe2O4,Ag-CoFe2O4/rGO,1.63,Solvothermal,Nanoparticles,46,,rGO,GCE-modified electrode,,0.5 M KOH,13.4,Xenon lamp,400.0,,,298.0,,,,,,,,Medium,Nanostructure size 46 normalized.,estimated,https://doi.org/10.1021/acsomega.0c04191,0
329,10.1016/j.surfin.2025.105835,2023.0,Optimizing physico-chemical properties of hierarchical ZnO/TiO2 nano-film by the novel heating method for photocatalytic degradation of antibiotics and dye,ZnO / TiO2,TiO2/ZnO heterojunction,3.25,magnetron sputtering,nano-thin films,hierarchical nano-film,,,Thin film,495.0,0.5 M Na2SO4,7.0,300 W Hg arc lamp,,208.5,0.0,295.5,,,,,,,yes,High,Temperature mean normalized.,original,https://doi.org/10.1016/j.surfin.2025.105835,0
330,10.1016/j.cej.2022.136564,2022.0,"Hydrocracking, hydrogenation and hydro-deoxygenation of fatty acids, esters and glycerides: Mechanisms, kinetics and transport phenomena",Biofuel catalysts,"Ni, Pt, Mo, Co, etc.",,,,,,,,,,,,,,,298.0,,,,,,,,,Review article.,estimated,https://doi.org/10.1016/j.cej.2022.136564,0
331,10.1016/j.nanoms.2024.05.010,2025.0,Perovskite materials for highly efficient Photo(electro)catalytic water splitting: A mini-review,Perovskites,ABX3,2.05,solution processing,various,various,"Ir, Pt, Co, etc.","TiO2, PEDOT:PSS, etc.",Photoelectrode,,various,,AM 1.5G / Xe lamp,,100.0,,298.0,22.7,,17.6,12.9,2605.0,100.0,no,High,HER in umol/g/h; unit discrepancy.,estimated,https://doi.org/10.1016/j.nanoms.2024.05.010,0
332,10.1002/advs.202509037,2025.0,Dual Mo-Doping in BiVO4/FeCoNiOx Photoanode Enables Near-Theoretical Photocurrent Density via Synergistic Bulk-Surface Engineering for Solar Water Splitting,BiVO4,Mo-doped BiVO4 / Mo:FeCoNiOx,2.4,photo-assisted electrodeposition,worm-like porous architecture,porous particles,Mo:FeCoNiOx,,Photoanode,2000.0,0.25 M K3BO3,9.5,AM 1.5 G,392.5,100.0,1.23,298.0,7.15,0.2,4.831,2.56,115.25,20.0,yes,High,Wavelength mean normalized.,estimated,https://doi.org/10.1002/advs.202509037,0
333,10.1002/advs.202102458,2021.0,Crystal Facet-Controlled Efficient SnS Photocathodes for High Performance Bias-Free Solar Water Splitting,SnS,facet-controlled SnS,1.23,spin-coating,nanoplates,vertically aligned nanoplates,Pt,TiO2/Ga2O3,Photocathode,400.0,0.5 M H2SO4,1.0,AM 1.5 G,660.0,100.0,0.0,298.0,28.0,0.4,1.7,3.01,384.2,24.0,yes,High,Wavelength mean normalized.,estimated,https://doi.org/10.1002/advs.202102458,0
334,10.1021/acsaem.1c00694,2021.0,Fabrication of a Facet-Oriented BiVO4 Photoanode by Particle Engineering for Promotion of Charge Separation Efficiency,BiVO4,TiO2 / NiCo2O4,2.43,,,,NiCo2O4,TiO2,photoanode,,,,,,,1.6,298.0,1.4,0.117,1.096,,22.09,,yes,Medium,Flat band potential 0.117.,estimated,https://doi.org/10.1021/acsaem.1c00694,0
335,10.1021/acsaem.2c00974,2022.0,Junction Engineering in Si Photoanodes for Efficient Photoelectrochemical Water Splitting,Silicon,n-doped SHJ,1.1,PECVD / Electrodeposition,porous layer,,NiFe,ITO,photoanode,175000.0,1.0 M NaOH,14.0,simulated AM 1.5G,,100.0,1.23,298.0,38.0,,26.531,4.8,435.5,10.0,yes,High,Decay due to delamination.,estimated,https://doi.org/10.1021/acsaem.2c00974,0
336,10.1021/acsaem.2c02547,2022.0,Constructing a Two-Dimensional SnWO4 Nanosheet Array Film for Enhanced Photoelectrochemical Performance,SnWO4,,,drop-coating / heat treatment,flaking stacked film,nanosheet array,,,photoanode,,0.2M KPi / 0.2M Na2SO3,7.0,,575.0,20.0,1.23,298.0,1.011,,4.985,,12.77,,yes,Medium,Wavelength mean normalized.,estimated,https://doi.org/10.1021/acsaem.2c02547,0
337,10.1002/aenm.202202363,2022.0,An Organic Semiconductor Photoelectrochemical Tandem Cell for Solar Water Splitting,PBDTTTPD:PNDIHDT,organic bulk heterojunction,,spin-coating,,,RuO2,2PACz-SAM,photocathode,,0.1 m sodium borate,9.0,simulated 1-Sun,550.0,100.0,0.0,298.0,4.6,1.0,5.53,,65.65,6.0,yes,Medium,Wavelength mean normalized.,estimated,https://doi.org/10.1002/aenm.202202363,0
338,10.1021/acsami.1c12597,2021.0,Surface Reconstruction of Cobalt Species on Amorphous Cobalt Silicate-Coated Fluorine-Doped Hematite for Efficient Photoelectrochemical Water Oxidation,Fe2O3,F-doped (0.8%),2.13,hydrothermal / PEPD,nanorods,nanorod array,Co-Silicate,,photoanode,,1 M KOH,13.6,AM 1.5 G,,100.0,1.6,298.15,3.8,0.7,3.25,,54.74,,yes,Medium,Optimal PEPD time 20s.,estimated,https://doi.org/10.1021/acsami.1c12597,0
339,10.1021/acsami.4c11095,2024.0,Enhanced Photoelectrochemical Water Splitting Using NiMoO4/BiVO4/Sn-Doped WO3 Double Heterojunction Photoanodes,BiVO4,NiMoO4 / Sn:WO3,2.4,,,double heterojunction,NiMoO4,,photoanode,,1M potassium borate,9.4,1 sun,,100.0,1.23,298.0,2.0,0.3,1.747,,29.92,,yes,Medium,Applied bias and photocurrent cleaned.,estimated,https://doi.org/10.1021/acsami.4c11095,0
340,10.1021/am5085447,2014.0,An Insight into the Role of Oxygen Vacancy in Hydrogenated TiO2 Nanocrystals in the Performance of Dye Sensitized Solar Cells,TiO2,hydrogenated,3.2,,nanocrystals,,,,photoelectrode,,,,,,,,298.0,18.98,,21.466,,279.02,,yes,High,Focus on DSSC performance.,estimated,https://doi.org/10.1021/am5085447,0
341,10.1021/acsami.6b12782,2016.0,BiVO4/WO3/SnO2 Double-heterojunction Photoanode with Enhanced Charge Separation and Visible-transparency for Bias-free Solar Water-Splitting with a Perovskite Solar Cell,BiVO4,WO3 / SnO2,2.38,,,double-heterojunction,CoOx,,photoanode,370.0,phosphate buffer,7.0,1 sun,500.0,100.0,1.23,298.0,3.5,,3.1,,49.15,,yes,Medium,Wavelength cleaned.,estimated,https://doi.org/10.1021/acsami.6b12782,0
342,10.1021/acsami.7b09040,2017.0,Surface–Modified Ta3N5 Nanocrystals with Boron for Enhanced Visible-Light-Driven Photoelectrochemical Water Splitting,Ta3N5,Boron (10%),2.04,EPD,nanocrystals,,CoPi,,photoanode,3000.0,0.1 M Na2SO4 / 5 M NaOH,14.0,visible light,420.0,100.0,1.23,298.0,2.5,0.5,2.683,,46.5,5.0,yes,Medium,Wavelength cleaned.,estimated,https://doi.org/10.1021/acsami.7b09040,0
343,10.1021/acsnano.1c00928,2021.0,Integration of LaCo(OH)x Photo-electrocatalyst and Plasmonic Gold Nanoparticles with Sb-doped TiO2 Nanorods for Photoelectrochemical Water Oxidation,TiO2,Sb-doped / Au,2.85,,nanorods,nanorod array,LaCo(OH)x,,photoanode,2000.0,,,chopped illumination,,,1.6,298.0,2.1,0.25,2.098,,29.76,,yes,Medium,Thickness normalized.,estimated,https://doi.org/10.1021/acsnano.1c00928,0
344,10.1039/C7CY02641B,2017.0,Hierarchical TiO2 nanowires/microflowers photoanode modified with Au nanoparticles for efficient photoelectrochemical water splitting,TiO2,Au modified,3.2,hydrothermal / UV irradiation,microflowers,nanowires,Au,,photoanode,,,,LED-lamp,365.0,,,298.0,,,,,,,yes,Low,Hierarchal structure synthesis.,estimated,https://doi.org/10.1039/C7CY02641B,0
345,10.1039/c9ta00205g,2019.0,Zn:BiVO4/Mo:BiVO4 Homojunction as Efficient Photoanode for Photoelectrochemical Water Splitting,BiVO4,Zn:Mo homojunction,2.46,spin coating,,homojunction,Ni:FeOOH,,photoanode,300.0,0.5 M Kpi,7.0,,,,1.23,298.15,2.5,0.3,1.882,,36.71,,yes,Medium,Onset potential cleaned.,estimated,https://doi.org/10.1039/c9ta00205g,0
346,10.1021/acs.chemmater.6b02091,2016.0,"Photoelectrochemical Water Splitting on Particulate ANbO2N (A = Ba, Sr) Photoanodes Prepared from Perovskite-Type ANbO3",BaNbO2N,CoOx-FeOx,,nitridation,,,CoOx-FeOx,,photoanode,,0.5 M KBi,13.0,AM 1.5G,,100.0,1.23,298.0,0.1,,0.08,,1.55,1.0,yes,Low,Faradaic efficiency measured.,estimated,https://doi.org/10.1021/acs.chemmater.6b02091,0
347,,,,,,,,,,,,,,,,,,,,298.0,,,,,,,,,,estimated,,0
348,10.1021/acscatal.5c02714,2022.0,Enhanced Photoelectrochemical Water Splitting on BiVO4 Photoanode via Efficient Hole Transport Layers of NiFe-LDH,BiVO4,NiFe-LDH / Co3Ge2O5(OH)4,2.4,,,,NiFe-LDH,Co3Ge2O5(OH)4,photoanode,,1.0 M potassium borate,9.0,AM 1.5G,,100.0,1.23,298.0,,,,,,,yes,Low,UPS relationship provided.,estimated,https://doi.org/10.1021/acscatal.5c02714,0
349,10.1039/D3TA05014A,2023.0,Hierarchical Zr-doped Fe2O3 photoanodes decorated with in situ Au nanoparticles via a surfactant-assisted one-step hydrothermal approach for efficient photoelectrochemical water splitting,Fe2O3,Zr-doped / Au / CTAB,2.07,hydrothermal / FIB,porous structure,,NiCo(OH)x,,photoanode,,1 M NaOH,13.6,AM 1.5G,525.0,100.0,1.23,298.15,3.5,0.78,3.582,,45.09,10.0,yes,Medium,Wavelength mean normalized.,estimated,https://doi.org/10.1039/D3TA05014A,0
350,10.1039/D4NJ03619K,2024.0,Constructing FeCoNi-LDH/MOF heterostructures as cocatalysts on hematite photoanodes for high efficiency water splitting,Fe2O3,Sn@ / ZIF-67 / FeCoNi-LDH,2.02,,,,FeCoNi-LDH,ZIF-67,photoanode,,,,,,,,298.0,,,,,,,yes,Low,Atomic ratios in Table S7.,estimated,https://doi.org/10.1039/D4NJ03619K,0
351,10.1039/D4TA07082H,2024.0,Incorporation of sulfur vacancies in the ZnIn2S4 photoanode for highly efficient photoelectrochemical water splitting and urea oxidation,ZnIn2S4,sulfur vacancies,,hydrothermal,nanosheets,nanosheets,,,photoanode,,0.5 M PBS,6.5,AM 1.5 G,,100.0,1.0,298.0,,,,,,,,yes,Low,estimated,https://doi.org/10.1039/D4TA07082H,0
352,10.1039/d5na00345h,2025.0,WO3/Nb2CTx MXene 2D–2D heterojunction as a high performance photoanode for photoelectrochemical water splitting,WO3,WO3@Nb2C3,2.56,hydrothermal and sonication,2D/2D heterojunction,nanorods,Nb2CTx,,photoanode,,0.5 M Na2SO4,6.3,AM 1.5 G,,100.0,1.23,298.0,4.71,0.6,4.68,,56.34,,yes,Medium,Synergism WO3/MXene.,estimated,https://doi.org/10.1039/d5na00345h,0
353,10.1021/acsomega.6b00507,2017.0,Facile Construction of Dual p–n Junctions in CdS/Cu2O/ZnO Photoanode with Enhanced Charge Carrier Separation and Transfer Ability,ZnO,CdS / Cu2O / ZnO,3.2,electrochemical / chemical bath,nanorod arrays,nanorod arrays,CdS,CdS shell,photoanode,,0.5 M Na2SO4 + 0.1 M Na2S,12.99,Xe lamp,420.0,100.0,2.21,298.15,14.93,0.2,14.45,2.61,235.4,,yes,High,Wavelength mean normalized.,estimated,https://doi.org/10.1021/acsomega.6b00507,0
354,10.55730/1300-0527.3720,2025.0,WO3/alpha-Fe2O3/Bi2S3 ternary photoanode for improved the oxygen evolution reaction in photoelectrochemical water splitting,WO3,WO3 / alpha-Fe2O3 / Bi2S3,1.67,hydrothermal and SILAR,plates/nanorods/NPs,Plates / nanorods,Bi2S3,,photoanode,,0.1 M Na2SO3 + 0.1 M Na2S,,AM 1.5,675.0,100.0,1.0,298.0,5.777,-0.6,4.398,2.15,81.72,,yes,Medium,Wavelength mean normalized.,estimated,https://doi.org/10.55730/1300-0527.3720,0
355,10.3390/molecules27092708,2022.0,"Preparation, Characterization, and Electrochemical Performance of the Hematite/Oxidized Multi-Walled Carbon Nanotubes Nanocomposite",alpha-Fe2O3,alpha-Fe2O3 / O-MWCNTs,2.2,dropcasting,nanocomposite,multi-walled carbon nanotubes,O-MWCNTs,,photoanode,,KOH,13.7,,560.0,,,298.0,,,,,,,yes,Low,alpha-Fe2O3 nomenclature normalized.,estimated,https://doi.org/10.3390/molecules27092708,0
356,10.3390/nano12142374,2022.0,Recent Progress on Photoelectrochemical Water Splitting of Graphitic Carbon Nitride (g-CN) Electrodes,g-CN,,2.7,various,films,2D,various,various,photoanode,,various,,AM 1.5G,460.0,100.0,1.23,298.0,,,17.9,,,,yes,Low,Review article.,estimated,https://doi.org/10.3390/nano12142374,0
357,10.1021/acs.nanolett.0c01484,2020.0,Highly Efficient Polymeric Carbon Nitride Photoanode with Excellent Electron Diffusion Length and Hole Extraction Properties,g-CN,CN-MSG/M,2.57,,photoanode,nanosheets,melamine-bismuthiol (MSG),,photoanode,37000.0,0.1 M KOH,13.1,AM 1.5G,,100.0,1.23,298.0,0.27,0.0012,0.204,,3.27,18.0,yes,Low,Bismuthiol-mediated synthesis.,estimated,https://doi.org/10.1021/acs.nanolett.0c01484,0
358,10.1021/acs.langmuir.5c01440,2025.0,Vertically-aligned 2D SnS2/FTO photoanode with robust light trapping and photoelectric conversion capacities for photoelectrochemical water splitting,SnS2,SnS2/FTO,,,vertically-aligned,2D,,,photoanode,,,,simulated sunlight,614.0,100.0,1.23,298.0,6.86,,6.039,,111.37,,yes,High,Wavelength mean normalized.,estimated,https://doi.org/10.1021/acs.langmuir.5c01440,0
359,SILAR-Deposited Hematite Films,2015.0,"SILAR-Deposited Hematite Films for Photoelectrochemical Water Splitting: Effects of Sn, Ti, Thickness, and Nanostructuring",Fe2O3,Ti:Fe2O3,2.2,SILAR,films,,,,photoanode,,1 M NaOH + 0.5 M H2O2,14.0,front/back illumination,,,1.6,298.0,0.38,0.9,0.308,,6.75,,yes,Low,Na role suggested as negligible.,estimated,https://doi.org/SILAR-Deposited Hematite Films,0
360,10.1021/acs.jpclett.5b01370,2015.0,Light Driven Water Splitting with a Molecular Electro-Assembly Based Core/Shell Photoanode,SnO2 / TiO2,SnO2 / TiO2 shell,3.2,ALD and electro-assembly,core/shell,nanoparticles,Molecular catalyst (Ru),TiO2 shell,photoanode,3.0,0.1 M buffer + 0.4 M NaClO4,7.0,Xe arc lamp,450.0,14.0,1.23,298.0,0.2,,1.195,,2.4,1.0,yes,Low,DSPEC photoanode.,estimated,https://doi.org/10.1021/acs.jpclett.5b01370,0
361,10.1021/nl501541s,2014.0,Aluminum Plasmonics for Enhanced Visible Light Absorption and High Efficiency Water Splitting,Fe2O3,Si-Al-Fe2O3,2.07,,core-multishell nanowire,nanowire,Al,,photoanode,40.0,,,simulated solar light,,100.0,,298.0,12.0,,14.474,,194.53,,yes,High,Simulation study.,estimated,https://doi.org/10.1021/nl501541s,0
362,10.1021/acssuschemeng.6b02233,2017.0,Photoactive zinc ferrites fabricated via conventional CVD approach,ZnFe2O4,ZnFe2O4,2.3,CVD,thin films,,,,photoanode,500.0,1 M NaOH,13.3,,,,,298.0,,,,,,,yes,Low,CVD synthesis focus.,estimated,https://doi.org/10.1021/acssuschemeng.6b02233,0
363,10.3390/nano12091390,2022.0,An Effective Strategy for Template-Free Electrodeposition of Aluminum Nanowires with Highly Controllable Irregular Morphologies,Al,Al,,electrodeposition,nanowires,nanowires,,,,,,,,,,,298.0,,,,,,,yes,Low,Template-free electrodeposition.,original,https://doi.org/10.3390/nano12091390,0
364,10.1090/j.5303.83753,2019.0,Hematite photoanode with surface passivation layer,ZnO,,3.35,electrodeposition,nanorods,nanostructured,,,photoanode,,NaOH,13.8,AM 1.5G,,100.0,,298.0,,0.56,,,,,yes,Medium,Bias and units cleaned.,estimated,https://doi.org/10.1090/j.5303.83753,0
365,10.1021/j.9089.16638,2017.0,BiVO4 photoanode with cobalt phosphate cocatalyst for water splitting,BiVO4,,2.45,,nanorods,,,,photoanode,,,,,420.0,100.0,1.12,298.0,,,,,,7.9,yes,Medium,Applied bias cleaned.,estimated,https://doi.org/10.1021/j.9089.16638,0
366,10.1054/j.5729.25405,2021.0,TiO2 nanotube arrays modified with NiO cocatalyst,BiVO4,,2.49,spray pyrolysis,,,,,photoanode,227.0,,,AM 1.5G,,100.0,,298.0,,0.71,,,,3.7,yes,Medium,Photocurrent density cleaned.,estimated,https://doi.org/10.1054/j.5729.25405,0
367,10.1089/j.1155.64880,2024.0,ZnO nanorods decorated with CdS quantum dots,,,,spray pyrolysis,,,,,photoanode,661.0,NaOH,13.1,AM 1.5G,420.0,100.0,1.43,298.0,2.24,,2.097,,27.52,6.1,yes,Medium,Applied bias cleaned.,estimated,https://doi.org/10.1089/j.1155.64880,0
368,10.1054/j.5829.20586,2024.0,Fe2O3/TiO2 core-shell photoanode,,,,,,,NiFeOx,,photoanode,,NaOH,7.9,AM 1.5G,420.0,100.0,1.28,298.0,,0.45,,,0.88,,,yes,Medium,estimated,https://doi.org/10.1054/j.5829.20586,0
369,10.1021/acs.jpclett.5b01370,2015.0,Light Driven Water Splitting with a Molecular Electro-Assembly Based Core/Shell Photoanode,SnO2 / TiO2,SnO2 / TiO2 shell,3.2,ALD and electro-assembly,core/shell,nanoparticles,Molecular catalyst (Ru),TiO2 shell,photoanode,3.0,0.1 M buffer + 0.4 M NaClO4,7.0,Xe arc lamp,450.0,14.0,1.23,298.0,0.2,,0.915,,2.99,1.0,yes,Low,DSPEC photoanode.,estimated,https://doi.org/10.1021/acs.jpclett.5b01370,0
370,10.1014/j.6765.33928,2023.0,WO3 nanoplates for visible light water splitting,,,,spray pyrolysis,nanorods,,,,photoanode,200.0,NaOH,10.4,AM 1.5G,,100.0,1.2,298.0,3.86,,2.726,,0.64,,yes,Medium,pH and temp cleaned.,estimated,https://doi.org/10.1014/j.6765.33928,0
371,10.1037/j.9774.47753,2022.0,Hematite photoanode with surface passivation layer,,,,hydrothermal,,nanostructured,,,photoanode,,,,AM 1.5G,,100.0,,298.0,2.28,0.21,2.494,,30.08,3.5,yes,Medium,Photocurrent cleaned.,estimated,https://doi.org/10.1037/j.9774.47753,0
372,10.1094/j.4697.31363,2025.0,WO3/BiVO4 heterojunction for solar water oxidation,WO3,,2.16,,,,,,photoanode,,NaOH,11.1,AM 1.5G,,100.0,1.39,298.0,,,,,0.42,,yes,Medium,Bandgap and pH cleaned.,estimated,https://doi.org/10.1094/j.4697.31363,0
373,10.1063/j.5512.78867,2019.0,Fe2O3/TiO2 core-shell photoanode,Fe2O3,,2.16,,,,NiFeOx,,photoanode,126.0,NaOH,9.9,AM 1.5G,,100.0,,298.0,,,,,,,yes,Medium,Thickness and pH cleaned.,estimated,https://doi.org/10.1063/j.5512.78867,0
374,10.1021/nl501541s,2014.0,Aluminum Plasmonics for Enhanced Visible Light Absorption and High Efficiency Water Splitting,Fe2O3,Si-Al-Fe2O3,2.11,,core-multishell nanowire,nanowire,Al,,photoanode,40.0,,,simulated solar light,,100.0,,298.0,12.0,,12.949,,174.51,,yes,High,Simulation study.,estimated,https://doi.org/10.1021/nl501541s,0
375,10.1025/j.3122.14406,2025.0,BiVO4/WO3 tandem photoanode structure,,,,electrodeposition,,,NiFeOx,,photoanode,,,,AM 1.5G,,100.0,1.56,298.0,,,,1.17,,5.6,yes,Medium,Temp and ABPE cleaned.,estimated,https://doi.org/10.1025/j.3122.14406,0
376,10.1050/j.6629.78889,2020.0,Mo-doped BiVO4 for improved charge transport,ZnO,,2.26,hydrothermal,nanorods,,NiFeOx,,photoanode,,NaOH,13.3,AM 1.5G,,100.0,,298.0,1.7,0.28,1.931,,27.1,8.4,yes,Medium,Bandgap and onset cleaned.,estimated,https://doi.org/10.1050/j.6629.78889,0
377,10.1036/j.2712.35000,2016.0,BiVO4 photoanode with cobalt phosphate cocatalyst for water splitting,TiO2,,3.2,,nanorods,,NiFeOx,,photoanode,,,9.5,AM 1.5G,420.0,100.0,,298.0,,,,,,4.5,yes,Medium,pH and temp cleaned.,estimated,https://doi.org/10.1036/j.2712.35000,0
378,10.1054/j.8369.38997,2022.0,ZnO nanorods decorated with CdS quantum dots,ZnO,,2.62,sol-gel,,nanostructured,NiFeOx,,photoanode,,,8.1,,,100.0,,298.0,4.29,0.62,4.026,,62.7,1.1,yes,Medium,Bandgap and onset cleaned.,estimated,https://doi.org/10.1054/j.8369.38997,0
379,10.1016/j.carbon.2016.10.081,2017.0,A new strategy of preparing uniform graphit...,,,,,,,,,,,,,,,,,298.0,,,,,,,,High,Record identified in source context.,estimated,https://doi.org/10.1016/j.carbon.2016.10.081,0
401,10.1016/j.cattod.2019.02.024,2020.0,Fabrication of large size nanoporous BiVO4 photoanode by a printing-like method for efficient solar water splitting application,BiVO4,BiVO4,2.4,electrodeposition,nanoporous,nanoporous structure,NiOOH,,,,,,simulated solar light,,100.0,,298.0,1.7,,24.0,,18.42,,yes,,,estimated,https://doi.org/10.1016/j.cattod.2019.02.024,0
402,10.1016/j.apcata.2017.07.020,2017.0,Toward non-precious nanocomposite photocatalyst: An efficient ternary photoanode TiO2 nanotube/Co9S8/polyoxometalate for photoelectrochemical water splitting,TiO2,Co9S8 + POM (PW12),3.2,two-step anodization + solvothermal modification,porous nanotube arrays,TiO2 nanotube arrays,Co9S8,,photoanode,,ethylene glycol + 0.5 wt.% NH4F + 3 vol% water,7.0,simulated solar light,,100.0,1.23,298.0,1.12,,1.08,0.56,18.04,,yes,Medium,8.5-fold photocurrent improvement; 7-fold photoconversion efficiency improvement,estimated,https://doi.org/10.1016/j.apcata.2017.07.020,0
403,10.1021/acsami.0c17811,2020.0,Highly Efficient Photoelectrochemical Water Splitting Using GaN-Nanowire Photoanode with Tungsten Sulfides,GaN,WxS1-x coating,3.4,,nanowires,GaN nanowires,WxS1-x,,photoanode,,0.5 M H2SO4,0.7,,,,,298.0,20.38,,22.33,13.76,144.29,7.0,yes,,,estimated,https://doi.org/10.1021/acsami.0c17811,0
404,10.1021/acsami.1c15225,2021.0,Spinel-Oxide-Integrated BiVO4 photoanodes with photothermal effect for efficient solar water oxidation,BiVO4,NiCo2O4/BiVO4,2.5,,,spinel-oxide-integrated photoanode,NiCo2O4,,photoanode,,,,near-infrared radiation,,,1.23,298.0,6.2,,5.886,,81.2,,yes,High,"photothermal effect under near-infrared radiation; similar enhancement also observed for Mn, Zn, Cu, Fe spinel oxides",estimated,https://doi.org/10.1021/acsami.1c15225,0
405,10.1016/j.jpowsour.2015.08.027,2015.0,Nitrogen and cobalt co-doped zinc oxide nanowires - Viable photoanodes for hydrogen generation via photoelectrochemical water splitting,ZnO,"Co and N co-doped, (Zn0.95Co0.05)O:N",2.16,hydrothermal route + NH3 heat treatment,vertically aligned nanowires,nanowires,,,photoanode,,,,under illumination,,,,298.0,1.39,,1.448,,20.93,,yes,Medium,best performance for (Zn0.95Co0.05)O:N-600; generated at 600 °C in ammonia atmosphere; high stability under illumination,estimated,https://doi.org/10.1016/j.jpowsour.2015.08.027,0
406,10.1088/1361-6528/ac8a51,2022.0,Interfacial engineering of 1D/2D heterostructured photoanode for efficient photoelectrochemical water splitting,ZnO,Hematene/ZnO,3.37,interfacial engineering of ordered ZnO nanorod array with ultra-thin Hematene,ordered nanorod array,1D/2D hierarchical heterostructure,Hematene,,photoanode,1.5,,,visible light irradiation,,,,298.0,0.28,,0.291,,3.3,,yes,Medium,Hematene/ZnO NRs; onset potential shifted from 0.32 to 0.28 V vs RHE; charge transport resistance 18.82 kΩ·cm²; carrier density 9.03 × 10^18 cm^-3,estimated,https://doi.org/10.1088/1361-6528/ac8a51,0
407,10.1021/acsaem.5c01370,2025.0,High-Efficiency Photoelectrochemical Hydrogen Generation with CdS–ZnS/Black Ti–Si–O Composite Photoanode,Ti–Si–O,CdS–ZnS/black Ti–Si–O,1.1,anodization + high-temperature Sn reduction + SILAR deposition,black nanotube arrays,nanotube arrays,CdS–ZnS,,photoanode,,,,,,,,298.0,12.69,,12.476,,220.72,,yes,High,Photocurrent density reported at 0 V vs Ag/AgCl; black Ti–Si–O nanotubes modified by CdS and ZnS,estimated,https://doi.org/10.1021/acsaem.5c01370,0
408,10.1007/s10854-022-09772-8,2023.0,Nitrogen-doped reduced graphene oxide decorated with silver nanoparticles for photoelectrochemical water splitting,reduced graphene oxide,N-doped rGO + Ag nanoparticles,,easily manufactured nanocomposite photoanode,,nanocomposite,Ag nanoparticles,,photoanode,,,,visible LED light,500.0,,0.95,298.0,0.69,,0.544,0.69,9.62,,yes,Low,"IPCE = 23.77% at 500 nm; ABPE = 0.69% at 0.93 V vs RHE; abstract reports photocurrent density as 0.69 mW/cm², likely unit inconsistency—verify in full text",estimated,https://doi.org/10.1007/s10854-022-09772-8,0
409,10.1021/acsaem.5c00474,2025.0,Raspberry-like Gold Nanoparticle-Decorated Titania Nanorods for Plasmon-Enhanced Photoelectrochemical Oxygen Evolution,TiO2,Au RLNP/TiO2 on FTO,3.2,hydrothermal synthesis of TiO2 nanorods + single-step solution-phase synthesis of Au RLNPs,raspberry-like gold nanoparticles on nanorods,TiO2 nanorod arrays,Au RLNPs,,photoanode,,,,AM 1.5G,,100.0,1.23,298.0,2.18,,1.879,,22.71,,yes,Low,Au RLNP/TiO2,estimated,https://doi.org/10.1021/acsaem.5c00474,0
410,10.3390/catal11050584,2021.0,Surface-Modified Ta3N5 Photoanodes for Sunlight-Driven Overall Water Splitting by Photoelectrochemical Cells,Ta3N5,NiFeOx/Ta3N5,2.1,RF magnetron sputtering + nitridation in NH3 + drop-casting of metal-organic precursors + heating in air,thin film,Ta3N5 thin-film photoanode,NiFeOx,,photoanode,650.0,0.1 M sodium phosphate aqueous solution,13.0,AM 1.5G simulated sunlight,600.0,100.0,0.7,1073.0,0.4,0.6,0.2,,1.8,6.0,yes,Low,"Parallel PEC cell: 0.17 mA cm−2 at 1 min, STH 0.2%, H2 generation ~1.8 µmol cm−2 h−1 over 6 h, Faradaic efficiency ~97%; NiFeOx/Ta3N5/Ta selected as best photoanode; 4.0 mA cm−2 at 1.23 V vs RHE also reported; tandem cell STH 0.04%",original,https://doi.org/10.3390/catal11050584,0
411,10.1016/j.jelechem.2019.113361,2019.0,Enhancing the photoelectrochemical water splitting performance of WS2 nanosheets by doping titanium and molybdenum via a low temperature CVD method,WS2,Ti-doped WS2 / Mo-doped WS2,1.98,chemical vapor deposition (CVD),vertically aligned nanosheets,2D nanosheets,,,photoanode,,,,AM 1.5G simulated sunlight,,100.0,1.23,298.0,10.44,,9.051,2.84,176.12,,yes,High,Ti-doped WS2 shows highest photocurrent density; Mo-doped WS2 ~8.77 mA/cm2; improved conductivity and reduced charge transfer resistance (6.3 kΩ),estimated,https://doi.org/10.1016/j.jelechem.2019.113361,0
412,10.1007/s11708-021-0781-9,2021.0,Enhanced performance of NiF2/BiVO4 photoanode for photoelectrochemical water splitting,BiVO4,NiF2/BiVO4,2.45,electrodeposition,,heterojunction photoanode,NiF2,,photoanode,,,,,,,,298.0,,,,,,,yes,Medium,"NiF2 modification increased photocurrent density by approximately 180% versus pristine BiVO4; charge injection, charge separation efficiency, and hydrogen generation were enhanced; exact absolute photocurrent not shown in provided text",estimated,https://doi.org/10.1007/s11708-021-0781-9,0
413,10.1016/j.nanoen.2017.03.042,2017.0,Cactus-like hierarchical nanorod-nanosheet mixed dimensional photoanode for efficient and stable water splitting,ZnO,H-ZnO/CdS/Ni(OH)2,3.39,electrodeposition + annealing + CdS quantum dot sensitization,cactus-like hierarchical nanorod-nanosheet,mixed 2D/1D hierarchical nanoarchitecture,Ni(OH)2,,photoanode,150.0,neutral solution,7.0,,,,,298.0,,,,4.12,,1.0,yes,High,ABPE reached 4.12%; 49.2% of initial photocurrent remained after 1 h under illumination; CdS quantum dots used as sensitizer; Ni(OH)2 improved stability and hole consumption,estimated,https://doi.org/10.1016/j.nanoen.2017.03.042,0
414,10.1016/j.colsurfa.2022.128412,2022.0,Fabrication of Zn-MOF decorated BiVO4 photoanode for water splitting,BiVO4,BiVO4 / Zn-MOF,2.4,electrodeposition + immersion method,thin film,MOF-decorated heterostructure,Zn-MOF,Zn-MOF,photoanode,,,,simulated solar light,,100.0,,298.0,,,,,,,yes,Medium,Photocurrent density increased 3.1x vs bare BiVO4; charge separation efficiency 50.46%; charge injection efficiency increased from 14.0% to 76.8% due to Zn-MOF catalytic sites,estimated,https://doi.org/10.1016/j.colsurfa.2022.128412,0
415,10.1016/j.jelechem.2024.118385,2024.0,Strategic band alignment of zinc oxide photoanode with fibrous silica framework for enhanced photoelectrochemical water splitting efficiency,ZnO,Fibrous silica zinc oxide (FSZn),3.21,microemulsion method,fibrous structure,bicontinuous concentric lamellar structure,,,photoanode,,Na2SO4,6.1,solar / light illumination,,,,298.0,17.88,,22.0,,248.69,,yes,High,"Conventional ZnO comparison: 6.28 mA/cm2; characterized by FESEM, FTIR, XRD, UV–Vis/DRS, TEM, N2 adsorption–desorption, Mott–Schottky, EIS; high surface area and narrow bandgap mentioned qualitatively",estimated,https://doi.org/10.1016/j.jelechem.2024.118385,0
416,10.1039/d3ra00346a,2023.0,Facile preparation of nickel phosphide for enhancing the photoelectrochemical water splitting performance of BiVO4 photoanodes,BiVO4/Ni2P,Ni2P modification,2.47,One-step solvothermal,,,Ni2P,,Photoanode,,1 M KBi buffer,9.0,AM 1.5G,,100.0,1.23,298.0,3.3,,2.333,0.98,40.6,1.0,no,Medium,2.3x improvement over bare BVO; Ni2P enhances water oxidation kinetics,estimated,https://doi.org/10.1039/d3ra00346a,0
417,10.1002/smsc.202300318,2024.0,Boosting the Solar Water Oxidation Performance of Fe2O3 Photoanode via Embedding Laser-Generated Pt Nanocrystals,Fe2O3@Pt-2,Pt nanocrystals embedding,2.04,Laser generation,Nanoporous,Nanocrystals,Pt,,Photoanode,,,,AM 1.5G,,100.0,1.23,298.0,1.16,1.0,0.891,0.062,14.88,,no,Medium,Schottky barrier formation improves bulk carrier transport dynamics,estimated,https://doi.org/10.1002/smsc.202300318,0
418,10.26599/JAC.2025.9221043,2025.0,Texture development and surface reconstruction of BiVO4 photoanode via one-pot hydrothermal reaction for enhanced photoelectrochemical water splitting,CoBi/ts-BVO,CoBi cocatalyst,2.4,One-pot hydrothermal,Textured,(00l)-textured grains,CoBi,,Photoanode,800.0,1 M borate buffer (KBi),9.4,AM 1.5G,,100.0,1.23,298.0,4.3,,2.928,0.55,56.99,,yes,Medium,16x improvement over nontextured BVO via SDR mechanism,estimated,https://doi.org/10.26599/JAC.2025.9221043,0
419,10.26599/NRE.2024.9120117,2024.0,Using hollow dodecahedral NiCo-LDH with multi-active sites to modify BiVO4 photoanode facilitates the photoelectrochemical water splitting performance,HD-NiCo-LDH/BiVO4,NiCo-LDH modification,2.42,Electro-deposition,Hollow dodecahedral,Nanosheets,HD-NiCo-LDH,,Photoanode,,0.5 M Na2SO4,7.0,AM 1.5G,,100.0,1.23,298.0,4.54,,4.873,1.12,48.67,,no,Medium,Hollow dodecahedral structure provides multi-active sites and accelerates hole extraction,estimated,https://doi.org/10.26599/NRE.2024.9120117,0
420,10.1021/acscatal.5c03869,2025.0,Performance of Transition Metal Oxides for Solar Hydrogen Conversion,SnOx/BiVO4/pGO/Co4O4,pGO/Co4O4 modification,2.41,,,,,,Photoanode,,0.2 M KPi,7.0,AM 1.5G,,100.0,,298.0,3.5,,4.3,,48.46,3.3,no,Medium,Tandem cell configuration achieving 4.3% STH efficiency,estimated,https://doi.org/10.1021/acscatal.5c03869,0
421,10.1039/d5na00667h,2025.0,The development of efficient and stable photoanodes is critical for advancing photoelectrochemical (PEC) water splitting technologies,BiVO4,,2.44,Pulse electrodeposition,"Porous, interconnected",,,,Photoanode,,0.5 M Na2SO4,6.8,AM 1.5G,,100.0,1.23,298.0,1.33,0.6,1.372,20.0,115.0,10.0,yes,Medium,Optimized Bi-576; pulse electrodeposition control,estimated,https://doi.org/10.1039/d5na00667h,0
422,10.1039/d0cc07778j,2020.0,Stable and efficient solar-driven photoelectrochemical water splitting into H2 and O2 based on a BaTaO2N photoanode decorated with CoO microflowers†,CoO@BaTaO2N,CoO on BaTaO2N,1.9,Electrophoretic deposition,Microflowers,nanofibers,CoO,,Photoanode,3000.0,1 M KOH,13.8,AM 1.5,600.0,100.0,1.23,298.0,1.6,0.7,1.504,,27.5,1.0,yes,Medium,CoO microflowers protect BaTaO2N surface,estimated,https://doi.org/10.1039/d0cc07778j,0
423,10.1039/d3sc05420a,2024.0,structuring via dual atom modification for an efficient photoanode,Ta3N5,"Cu, Zr-doped",2.1,Electrophoretic deposition,,nanoparticles,NiCoFe-Bi,,Photoanode,3000.0,1.0 M KOH,13.6,AM 1.5 G,505.0,100.0,1.0,283.0,8.5,0.38,5.796,3.5,125.2,10.0,yes,High,Gradient Zr doping enhances carrier separation,estimated,https://doi.org/10.1039/d3sc05420a,0
424,10.1021/acscatal.8b01999,2018.0,Tailored NiOx/Ni cocatalysts on silicon for highly efficient water splitting photoanode via pulsed electrodeposition,n-Si,NiOx/Ni,1.1,Pulsed electrodeposition,,nanoparticles,NiOx/Ni,,Photoanode,,1 M K-borate,9.4,AM 1.5G,,100.0,1.23,298.0,14.7,1.08,11.701,0.44,211.9,100.0,no,High,Pulsed electrodeposition creates active NiOx/Ni interface,estimated,https://doi.org/10.1021/acscatal.8b01999,0
425,10.3390/molecules29020372,2024.0,Preparation of Surface Dispersed WO3/BiVO4 Heterojunction Arrays and Their Photoelectrochemical Performance for Water Splitting,WO3/BiVO4,BiVO4 on WO3,2.5,Hydrothermal/Solvothermal,Nanoflake arrays,nanoparticles,,,Photoanode,,0.2 mol L-1 K-phosphate,7.0,Standard sunlight,,100.0,1.23,298.0,3.92,0.69,3.15,,53.55,1.0,yes,Medium,Surface dispersed structure helps suppress recombination,estimated,https://doi.org/10.3390/molecules29020372,0
426,10.1021/acs.langmuir.4c04869,2024.0,Construction of CoSe2/WO3@Si multiheterojunctions for efficient photoelectrochemical water splitting,CoSe2/WO3@Si,,2.66,,,,CoSe2,,Photoelectrode,,0.5 M Na2SO4,6.1,AM 1.5G,,100.0,1.23,298.0,10.07,,7.618,,146.21,10.0,no,High,Multiheterojunction enhances performance,estimated,https://doi.org/10.1021/acs.langmuir.4c04869,0
427,10.1016/j.ceramint.2020.12.264,2021.0,Synthesis and enhanced bias-free photoelectrochemical water-splitting activity of ferroelectric BaTiO3/Cu2O heterostructures under solar light irradiation,BaTiO3/Cu2O,"BaTiO3, Cu2O",1.98,Hydrothermal,,,,,Photoanode,,0.1 M NaOH,13.4,AM 1.5 G,,100.0,1.23,298.0,0.26,,0.253,0.11,4.37,,yes,Low,2.6x improvement vs bare BTO; potential vs RHE converted,estimated,https://doi.org/10.1016/j.ceramint.2020.12.264,0
428,10.3740/MRSK.2024.34.12.602,2024.0,Comparative Characterization of Cupric Oxide Thin Film and Nanorod Photocathodes for Photoelectrochemical Water Splitting,CuO,Pure,1.5,Hydrothermal (seed-mediated),Nanorods,Vertically aligned array,,,Photocathode,400.0,1 mM Na2SO4,6.6,300 W Xe lamp,,1.0,0.59,298.0,,,,,,0.067,yes,Low,Nanorod morphology provides 2.3x higher photocurrent than thin film,estimated,https://doi.org/10.3740/MRSK.2024.34.12.602,0
429,10.1021/acsaem.3c01992,2022.0,Direct Z-Scheme Heterostructure of In Situ Planted ZnO Nanorods on g-C3N4 Thin Sheets Sprayed on TiO2 Layer: A Strategy for Ternary-Photoanode Engineering toward Enhanced Photoelectrochemical Water Splitting,g-C3N4/ZnO/TiO2,Ternary,3.01,Spraying,Thin sheets/Nanorods,Heterostructure,,TiO2,Photoanode,,0.5 M Na2SO4,6.3,AM 1.5G,,100.0,1.23,298.0,0.8,,0.682,,11.79,,yes,Low,Z-scheme heterostructure improves carrier separation,estimated,https://doi.org/10.1021/acsaem.3c01992,0
430,10.1021/acsaem.4c02646,2025.0,Nanostructured Ni-doped SnS2 photoanode for efficient photoelectrochemical water splitting,Ni-SnS2,6 wt.% Ni,0.61,,Nanostructured,,,,Photoanode,,0.5 M Na2SO4,6.2,,,,1.6,298.0,1.5,,1.183,,16.28,,yes,Medium,Optimal 6 wt.% Ni doping maximizes photocurrent,estimated,https://doi.org/10.1021/acsaem.4c02646,0
431,10.1021/acsami.2c03514,2022.0,Two-Step Process of a Crystal Facet-Modulated BiVO4 Photoanode for Efficiency Improvement in Photoelectrochemical Hydrogen Evolution,BiVO4,Crystal facet modulated,2.51,,,,CoBi,,Photoanode,200.0,,,AM 1.5G,,100.0,1.23,298.0,1.8,,1.668,,22.99,4.0,yes,Medium,Facet modulation enhances charge carrier kinetics,estimated,https://doi.org/10.1021/acsami.2c03514,0
432,10.1021/acsami.7b02685,2017.0,Stable and Efficient CuO Based Photocathode through Oxygen-Rich Composition and Au-Pd Nanostructure Incorporation for Solar-Hydrogen Production,CuO/Au-Pd,O-rich + Au-Pd,1.35,Sputtering,Thin film,,Au-Pd nanoparticles,,Photocathode,150.0,,,AM 1.5G,,100.0,0.0,298.0,0.9,,0.983,,16.45,2.0,yes,Low,Au-Pd decoration significantly enhances optical absorption,estimated,https://doi.org/10.1021/acsami.7b02685,0
433,10.1021/acsami.9b04059,2019.0,Hydrogenated TiO2 Nanorod Arrays Decorated with Carbon Quantum Dots toward Efficient Photoelectrochemical Water Splitting,CQDs-H/TiO2,H-treated + CQDs,3.2,Plasma treatment,Nanorod arrays,Nanorods,Carbon Quantum Dots,,Photoanode,,,,AM 1.5G,,100.0,1.23,298.0,1.8,,1.543,,30.43,,yes,Medium,Hydrogenation and CQDs decoration synergistically improve visible light PEC,estimated,https://doi.org/10.1021/acsami.9b04059,0
434,10.1021/acsami.9b21386,2020.0,Electrodeposited Co-substituted LaFeO3 for enhancing the photoelectrochemical activity of BiVO4,BiVO4/LaFe0.5Co0.5O3,Co-substituted LaFeO3,2.49,Electrodeposition,,,,,Photoanode,,0.5 M KPi buffer,7.0,AM 1.5G,,100.0,1.23,298.0,4.0,,3.278,,47.72,,yes,Medium,Co-substitution in LaFeO3 improves charge transfer rate,estimated,https://doi.org/10.1021/acsami.9b21386,0
435,10.1021/acsanm.2c02302,2022.0,Photothermal-Effect-Enhanced Photoelectrochemical Water Splitting in MXene-Nanosheet-Modified ZnO Nanorod Arrays,ZnO/MXene,MXene-modified,3.31,Hydrothermal + Electrodeposition,Nanorod arrays,Nanorods,MXene nanosheets,,Photoanode,,0.1 M NaOH,12.6,AM 1.5G + NIR,808.0,100.0,1.23,298.0,0.85,,0.606,,14.22,,no,Low,Photothermal effect from MXene under NIR enhances performance,estimated,https://doi.org/10.1021/acsanm.2c02302,0
436,10.1021/acsanm.3c02175,2023.0,Mg-Doped Hematite Nanoparticle Arrays Coated with CoPi Thin Films for Solar Water Oxidation,Mg-Fe2O3/CoPi,Mg-doped,2.07,Hydrothermal + Immersion,Nanoparticle arrays,,CoPi,,Photoanode,,1 M NaOH,13.5,500 W Xe lamp,,,1.23,298.0,1.37,,1.07,,21.44,24.0,no,Medium,Mg-doping increases donor density and charge separation,estimated,https://doi.org/10.1021/acsanm.3c02175,0
437,10.1021/acsanm.4c01527,2024.0,Nanostructured BiVO4 Photoanodes Fabricated by Vanadium-Infused Interaction for Efficient Solar Water Splitting,Co-Pi/BiVO4,V-infused,2.49,V intercalation,,,Co-Pi,,Photoanode,270.0,0.5 M PBS,7.0,AM 1.5G,,100.0,1.23,298.0,2.9,,2.386,,34.49,,no,Medium,V-intercalation ensures complete phase transformation to monoclinic BiVO4,estimated,https://doi.org/10.1021/acsanm.4c01527,0
438,10.5757/ASCT.2022.31.2.51,2022.0,Photoelectrochemical Water Splitting using GaN Nanowires with Reverse-Mesa Structures,GaN,Reverse-Mesa (RMNW),3.4,Plasma-assisted MBE,Reverse-mesa,Nanowires,,,Photoanode,304.6,0.5 M H2SO4,0.3,Xe lamp,,100.0,0.6,298.0,2.62,,2.52,1.65,42.77,,no,Medium,Reverse-mesa structure enhances light confinement and absorption,estimated,https://doi.org/10.5757/ASCT.2022.31.2.51,0
439,10.1021/acs.chemmater.8b01405,2018.0,Enabling Solar Water Oxidation by BiVO4 Photoanodes in Basic Media,BiVO4/TiO2,Protective TiO2,3.2,,,,FeOOH/NiOOH,TiO2,Photoanode,,0.5 M Phosphate + Na2SO3,7.3,AM 1.5G,,100.0,1.0,298.0,4.0,,3.771,,65.71,50.0,yes,Medium,TiO2 layer protects BiVO4 from photoanodic corrosion in basic media,estimated,https://doi.org/10.1021/acs.chemmater.8b01405,0
440,10.1007/s40820-025-02062-y,2026.0,Single‑Atom Ru in CoFe‑LDH Drives Efficient Charge Separation on BiVO4 for Solar Water Splitting,BiVO4,Ru0.51-CoFe-LDH,2.31,"Electrodeposition, Spin coating",Wormlike,Nanosheets,Ru0.51-CoFe-LDH,,Photoanode,1300.0,0.2 M KPi / KBi-VO4,8.1,AM 1.5G,550.0,100.0,1.23,298.0,4.51,0.26,3.44,1.55,73.98,10.0,yes,Medium,3.1 times higher photocurrent than bare BiVO4; charge collection efficiency 100%,estimated,https://doi.org/10.1007/s40820-025-02062-y,0
441,10.1021/acsaem.1c00261,2021.0,Handy Protocol of Nitrogen-Doped BiVO4 Photoanode for Visible Light-Driven Water Oxidation,BiVO4,Nitrogen-doped,2.34,Doctor Blade,,,,,Photoanode,,0.1 M KPi,7.0,Xe-lamp,390.0,100.0,1.23,298.0,3.3,0.5,3.145,,49.08,5.0,yes,Medium,N-doping increases visible light response,estimated,https://doi.org/10.1021/acsaem.1c00261,0
442,10.1021/acsaem.2c00974,2022.0,Junction Engineering in Si Photoanode for Efficient Photoelectrochemical Water Splitting,Silicon,SHJ/ITO/Ni/NiFe,1.1,"PECVD, Sputtering, Electrodeposition",,Porous layer,NiFe,,Photoanode,,1.0 M NaOH,14.0,AM 1.5G,750.0,100.0,1.23,298.0,38.0,0.84,29.636,4.8,672.44,10.0,yes,High,Record low onset potential for Si photoanode; Ni layer improves adhesion,estimated,https://doi.org/10.1021/acsaem.2c00974,0
443,10.1021/acsaem.2c01869,2022.0,Boosting Photoelectrochemical Performance of BiVO4 Photoanode by Synergistic Effect of WO3/BiVO4 Heterojunction Construction and NiOOH Water Oxidation Modification,BiVO4,WO3/BiVO4/NiOOH,2.43,"Sol-gel, PEPD",Coral-like,Nanorods,NiOOH,,Photoanode,,2 M NaBi,,AM 1.5G,550.0,100.0,1.23,298.0,3.0,0.55,2.507,,34.19,,yes,Medium,6.98x improvement via heterojunction and cocatalyst synergy,estimated,https://doi.org/10.1021/acsaem.2c01869,0
444,10.1021/acsaem.2c03345,2022.0,Sustained Water Oxidation with Surface- and Interface-Engineered WO3/BiVO4 Heterojunction Photoanodes,BiVO4,WO3/BiVO4/TiO2/FeOOHNiOOH,2.45,ALD,,,FeOOHNiOOH,ALD-TiO2,Photoanode,2.2,0.5 M Na2SO4,6.8,AM 1.5G,,100.0,1.23,298.0,4.6,,3.481,,64.54,24.0,yes,Medium,TiO2 layer acts as protective/passivation layer,estimated,https://doi.org/10.1021/acsaem.2c03345,0
445,10.1021/acsaem.3c00290,2023.0,NdCo3 Molecular Catalyst Coupled with a BiVO4 Photoanode for Photoelectrochemical Water Splitting,BiVO4,NdCo3 molecular catalyst,2.4,"Electrodeposition, Drop casting",,,NdCo3,,Photoanode,1410.0,1.0 M KBi,9.5,AM 1.5G,,100.0,1.23,298.0,2.25,,1.912,,25.86,1.0,yes,Medium,Molecular catalyst significantly improves charge transfer kinetics,estimated,https://doi.org/10.1021/acsaem.3c00290,0
446,10.1021/acsaem.3c01151,2023.0,Enhanced Photoelectrocatalytic Water Splitting in Bi2Mo1-x W x O6 Solid Solutions: Understanding the Atomic Level Mechanism from the Experimental and First-Principles Approach,Bi2MoO6,Bi2Mo0.9W0.1O6,2.63,"Hydrothermal, Doctor blade",Solid solution,,,,Photoanode,,1 M KOH,13.4,AM 1.5G,,100.0,1.23,298.0,0.0366,,0.027,,0.48,12.0,yes,Low,W-substitution improves stability and charge separation,estimated,https://doi.org/10.1021/acsaem.3c01151,0
447,10.1016/j.apmt.2024.102415,2024.0,Enhancing charge extraction in BiVO4 photoanodes by ZrCl4 treatment of SnO2 hole-blocking layers,BiVO4,SnO2 treated with 0.001 M ZrCl4 / BiVO4,2.54,Spin-coating,,,,,Photoanode,,1.0 M potassium borate (KBi) + 0.2 M Na2SO3,9.0,Simulated AM 1.5 G,550.0,100.0,1.23,298.0,1.37,0.23,1.187,,21.61,,yes,Medium,37% improvement vs standard; ZrCl4 reduces ETL pinholes; back-illumination reached 2.2 mA/cm2,estimated,https://doi.org/10.1016/j.apmt.2024.102415,0
448,10.1016/j.ijoes.2023.100216,2023.0,Nickel-based alloy nanoparticles anchored on nickel mesh towards excellent and sustainable water electrolysis,NiCo/NiFe,NiCo4 and Ni4Fe,,Electrodeposition,,Nanoparticles,,,Electrolytic Electrode,,1.0 M KOH,13.7,,,,,298.0,,,,,,80.0,yes,high,Non-PEC electrolyzer; 1.50 V at 10 mA/cm2,estimated,https://doi.org/10.1016/j.ijoes.2023.100216,0
449,10.1016/j.energy-reviews.2023.100037,2023.0,Brief review of hydrocarbon-reforming catalysts map for hydrogen production,Hydrocarbon Catalysts,,,,,,,,,,,,,,,,298.0,,,,,,,yes,low,Review article on thermal reforming,estimated,https://doi.org/10.1016/j.energy-reviews.2023.100037,0
450,10.1016/j.nxmate.2026.101599,2026.0,Quantum dot based solar cells,Quantum Dots,"PbX, CdX, Perovskite",1.56,"SILAR, CBD, Doctor-blade",,Nanocrystals,,,Photovoltaic Cell,,Polysulfide / various,,AM 1.5 G,1150.0,100.0,,298.0,31.5,,30.0,,433.18,,yes,high,"Review on PV solar cells, not PEC",estimated,https://doi.org/10.1016/j.nxmate.2026.101599,0
451,10.5772/intechopen.1013619,2025.0,"Silicon Carbide in Photoelectrochemical Water Splitting: Advances, Applications, and Future Horizons",SiC,3C-SiC,2.36,"PVD, CVD, ALD",,"Thin films, Nanoparticles",,,Photoanode,,,,Visible light,525.0,,,298.0,,,,,,,yes,medium,Book chapter review,estimated,https://doi.org/10.5772/intechopen.1013619,0
452,10.1039/c6qm00009f,2016.0,A g-C3N4/WO3 photoanode with exceptional ability for photoelectrochemical water splitting,WO3,g-C3N4/WO3,2.65,Hydrothermal,Nanorod/Nanosheet,Heterojunction,,g-C3N4,Photoanode,,0.1 M KH2PO4,6.5,Visible light,550.0,100.0,1.23,298.0,1.92,0.5,1.81,,29.79,6.6,yes,medium,,estimated,https://doi.org/10.1039/c6qm00009f,0
453,10.1039/C7DT00900C,2017.0,Beta-Fe2O3 nanoparticle-assembled film for photoelectrochemical water splitting,Fe2O3,Beta-Fe2O3,2.14,Evaporation / Calcination,Assembly,Nanoparticles,,TiO2,Photoanode,,1 M NaOH,13.3,AM 1.5 G,,100.0,1.5,298.0,0.12,,0.112,,2.24,,yes,low,,estimated,https://doi.org/10.1039/C7DT00900C,0
454,10.1039/c8ta09583c,2019.0,Bi2Fe4O9 thin films as novel visible-light-active photoanodes for solar water splitting,Bi2Fe4O9,Bi/Fe (1:2),2.05,Chemical Solution Deposition,Planar film,,Co-Pi,,Photoanode,100.0,0.2 M Na2SO4,6.5,AM 1.5 G,420.0,100.0,1.23,298.0,0.1,0.4,0.067,,1.53,3.0,yes,low,,estimated,https://doi.org/10.1039/c8ta09583c,0
455,10.1021/acsaem.0c00169,2020.0,Significant Improvements on BiVO4@CoPi Photoanode Solar Water Splitting Performance by Extending Visible Light Harvesting Capacity and Charge Carrier Transportation,BiVO4,NSCN/PANI@CoPi,2.4,Electrodeposition,Nanoplate array,,CoPi,"NSCN, PANI",Photoanode,,0.1 M potassium phosphate,7.0,AM 1.5 G,575.0,100.0,1.23,298.0,4.46,0.3,4.157,1.13,71.7,10.0,yes,high,,estimated,https://doi.org/10.1021/acsaem.0c00169,0
456,10.1002/aenm.201601805,2016.0,NiFe Alloy Protected Silicon Photoanode for Efficient Water Splitting,Silicon,np+-Si/SiOx/NiFe,1.12,Electrodeposition,,Ultrathin layer,NiFe alloy,SiOx,Photoanode,,1.0 M KOH,13.7,AM 1.5 G,,100.0,1.23,298.0,30.7,0.89,26.75,,387.13,100.0,yes,high,,estimated,https://doi.org/10.1002/aenm.201601805,0
457,10.1002/ente.201700001,2017.0,Plasmonic Au-TiO2/ZnO core-shell nanorods arrays photoanode for visible light-driven photoelectrochemical water splitting,TiO2/ZnO,Au-TiO2/ZnO,3.2,Hydrothermal,Nanorods,Core-shell,Au,ZnO,Photoanode,,0.5 M Na2SO4,6.2,Xe lamp,400.0,100.0,1.5,298.0,3.0,0.14,2.162,1.32,47.32,1.1,yes,high,,estimated,https://doi.org/10.1002/ente.201700001,0
458,10.1016/j.surfin.2018.12.011,2018.0,Incorporation of NiO electrocatalyst with alpha-Fe2O3 photocatalyst for enhanced and stable photoelectrochemical water splitting,alpha-Fe2O3,NiO/alpha-Fe2O3,2.1,Hydrothermal,,Nanocrystalline,NiO,,Photoanode,,1 M KOH,13.6,White LED,,100.0,0.4,298.0,0.17,0.6,0.175,,3.14,1.0,yes,low,,estimated,https://doi.org/10.1016/j.surfin.2018.12.011,0
459,10.1016/j.tsf.2018.05.019,2018.0,Photoanode for solar water oxidation based on titania and hematite films,TiO2/Fe2O3,Hematite on Titania,3.2,Spin coating / Electrochemical,Mesoporous,Nanostructured,,,Photoanode,252.0,1 M NaOH,13.8,AM 1.5,,100.0,1.23,298.0,0.5,,0.482,,8.28,,yes,low,,estimated,https://doi.org/10.1016/j.tsf.2018.05.019,0
460,10.1021/jacs.5b08329,2015.0,Mg-Zr co-substituted Ta3N5 Photoanode for Lower-Onset-Potential Solar-Driven Photoelectrochemical Water Splitting,Ta3N5,Mg-Zr co-substituted,2.15,Particle Transfer (PT),,Particulate layer,CoOx-FeOx,,Photoanode,,0.1 M Na2SO4,13.0,AM 1.5 G,500.0,100.0,1.23,298.0,2.3,0.55,2.146,0.59,42.29,,yes,medium,,estimated,https://doi.org/10.1021/jacs.5b08329,0
461,10.3390/ma18163869,2025.0,Molten Salt Synthesis and Electrochemical Evaluation of Na/Ag-Containing MnxOy Composites for Pseudocapacitor Applications,MnxOy,Na/Ag-containing MnxOy,,Molten Salt,,Composites,,,Capacitor Electrode,,0.1 M Na2SO4,6.5,,,,,298.0,,,,,,,yes,low,Application is pseudocapacitors,estimated,https://doi.org/10.3390/ma18163869,0
462,10.3390/molecules27165218,2022.0,Porous BiVO4/Boron-Doped Diamond Heterojunction Photoanode with Enhanced Photoelectrochemical Activity,BiVO4/BDD,BiVO4 on p-type BDD,2.5,Magnetron Sputtering,Porous film,Ultra-micro electrodes,,BDD,Photoanode,,0.1 M Na2SO4,6.4,AM 1.5,500.0,100.0,1.23,298.0,1.8,0.6,1.442,,22.29,,yes,medium,,estimated,https://doi.org/10.3390/molecules27165218,0
463,10.3390/molecules29020372,2024.0,Preparation of Surface Dispersed WO3/BiVO4 Heterojunction Arrays and Their Photoelectrochemical Performance for Water Splitting,WO3/BiVO4,BiVO4-NP@WO3-NF,2.5,Hydrothermal/Solvothermal,Nanoflake array,Nanoparticles,,,Photoanode,3200.0,0.2 M KPi buffer,6.6,AM 1.5 G,,100.0,1.23,298.0,3.53,0.69,3.375,0.23,62.55,1.0,yes,high,,estimated,https://doi.org/10.3390/molecules29020372,0
464,10.1007/s10854-019-02521-4,2019.0,Photoelectrochemical performance of W-doped BiVO4 photoanode,BiVO4,W-doped (5%),2.34,Spin coating,,Multilayer gradient,,,Photoanode,,0.5 M Na2SO4,5.8,Simulated sunlight,550.0,100.0,1.23,298.0,1.17,,0.819,0.23,19.15,,yes,medium,,estimated,https://doi.org/10.1007/s10854-019-02521-4,0
465,10.1021/acsaem.5c00150,2025.0,W-Doped BiVO4 Photoanodes for Light-to-Chemical Energy Conversion,BiVO4,W-doped (3%),2.5,Sol-gel,,,,,Photoanode,,0.5 M Na2SO4,7.0,AM 1.5 G,675.0,100.0,1.23,298.0,0.1,,0.093,0.26,1.64,1.0,yes,low,Main product is persulfate,estimated,https://doi.org/10.1021/acsaem.5c00150,0
466,10.1016/j.ijhydene.2026.154253,2026.0,A comprehensive overview of reactor design and operating conditions for photoelectrochemical water splitting,,,,,,,,,,,,,AM 1.5G,,100.0,,298.0,,,,,,,yes,medium,Review article on reactor design,estimated,https://doi.org/10.1016/j.ijhydene.2026.154253,0
467,10.1016/j.heliyon.2024.e27078,2024.0,Nano multi-layered HfO2/alpha-Fe2O3 nanocomposite photoelectrodes for photoelectrochemical water splitting,alpha-Fe2O3,HfO2/alpha-Fe2O3,2.12,RF magnetron sputtering,Thin film,nano-heterostructure,HfO2,,Photoanode,100.0,1.0 M NaOH,13.6,AM 1.5,525.0,100.0,1.23,298.0,1.46,,0.958,,15.69,,yes,medium,Type II nano-heterojunction,estimated,https://doi.org/10.1016/j.heliyon.2024.e27078,0
468,10.1016/j.mset.2026.01.002,2026.0,Graphene-based materials for renewable hydrogen production: A review,Graphene,Metal-oxide doped,,,,,,,Cathode,,alkaline solution,,Solar-driven,,,,298.0,,,,,,,yes,low,Review focusing on graphene,estimated,https://doi.org/10.1016/j.mset.2026.01.002,0
469,10.1016/j.eesus.2025.100019,2025.0,Differentiating the role of Ni and Fe in NiFeOx co-catalyzed BiVO4 photoanode for water oxidation,BiVO4,NiFeOx co-catalyzed,2.49,Electrodeposition and annealing,,,NiFeOx,,Photoanode,,,,,,,,298.0,,,,,,,yes,medium,Focus on OER kinetics,estimated,https://doi.org/10.1016/j.eesus.2025.100019,0
470,10.1021/acs.jpcc.0c04900,2020.0,Efficient Ni(OH)2/WO3 Photoanode for Photoelectrocatalytic Water Splitting at Low Bias,WO3,Ni(OH)2/WO3,2.71,,,,Ni(OH)2,,Photoanode,,0.5 M H2SO4,0.9,AM 1.5G,,100.0,0.6,298.0,1.4,,1.102,,18.8,,yes,medium,High activity at low bias,estimated,https://doi.org/10.1021/acs.jpcc.0c04900,0
471,10.1021/acsami.6b04142,2016.0,Combining bulk/surface engineering of hematite to synergistically improve its photoelectrochemical water splitting performance,alpha-Fe2O3,Ti-Fe2O3-FeOOH,2.05,Hydrothermal and annealing,Nanorod arrays,Nanorods,FeOOH,,Photoanode,,1 M KOH,13.6,AM 1.5G,550.0,100.0,1.23,298.0,2.5,0.8,2.393,,41.85,3.5,yes,medium,Bulk/surface synergistic effect,estimated,https://doi.org/10.1021/acsami.6b04142,0
472,10.1002/anie.201703491,2017.0,Electrochemically-Treated BiVO4 Photoanode for Efficient Photoelectrochemical Water Splitting,BiVO4,CoBi loaded,2.41,Hydrothermal and electrochemical treatment,Vertical films,,Cobalt borate (CoBi),,Photoanode,,,,AM 1.5G,,100.0,1.23,298.0,3.2,,1.1,1.1,39.9,,yes,high,Oxygen vacancies via partial reduction,estimated,https://doi.org/10.1002/anie.201703491,0
473,10.1039/C8NR06342G,2018.0,Serial Hole transfer layers for BiVO4 Photoanode with Enhanced Photoelectrochemical Water Splitting,BiVO4,NiOOH/FeOOH/Fe2O3/BiVO4,2.4,,,,NiOOH/FeOOH,,Photoanode,,0.1 M KH2PO4,7.0,AM 1.5G,400.0,100.0,0.0,298.0,2.6,,3.2,,25.1,,yes,high,Integrated with Si PV cell,estimated,https://doi.org/10.1039/C8NR06342G,0
474,10.1002/ente.201800899,2018.0,The Synergetic Benefits of Passivation Layer and Catalytic Layer on Hematite for Efficient Water Splitting,alpha-Fe2O3,Fe2O3/FexSn1-xO4/FeOOH,2.19,,,,FeOOH,FexSn1-xO4,Photoanode,,,,light illumination,,100.0,1.23,298.0,,,,,,,yes,medium,Passivation and catalytic layer synergy,estimated,https://doi.org/10.1002/ente.201800899,0
475,10.1016/j.ijhydene.2016.12.036,2016.0,A ternary Ag/TiO2/CNT photoanode for efficient photoelectrochemical water splitting under visible light irradiation,TiO2,Ag/TiO2/CNT,3.2,Ag nanoparticle grafting,,Carbon nanotubes,Ag nanoparticles,,Photoanode,,0.5 M Na2SO4,6.3,White light,,20.0,1.0,298.0,0.718,0.4,3.472,,8.5,,yes,medium,Plasmonic enhancement,estimated,https://doi.org/10.1016/j.ijhydene.2016.12.036,0
476,10.1016/j.ijhydene.2017.10.080,2017.0,Enhanced photoelectrochemical water splitting performance of hematite nanorods by Co and Sn co-doping,alpha-Fe2O3,Co and Sn co-doping,2.13,,Nanorods,Nanorods,,,Photoanode,,,,1 sun,525.0,100.0,1.23,298.0,1.25,0.76,1.144,,16.69,1.0,yes,medium,Co and Sn co-doping,estimated,https://doi.org/10.1016/j.ijhydene.2017.10.080,0
477,10.1016/j.jallcom.2016.12.261,2017.0,A Cu2O/Cu2S-ZnO/CdS tandem photoelectrochemical cell for self-driven solar water splitting,ZnO,Cu2O/Cu2S-ZnO/CdS,2.0,,,,"CdS, Cu2S",,Tandem Cell,,,,Xenon lamp,,,0.0,298.0,0.1,,0.38,,1.36,,yes,medium,Spectral-matched tandem cell,estimated,https://doi.org/10.1016/j.jallcom.2016.12.261,0
478,10.1016/j.jcat.2020.09.014,2020.0,Synergetic Catalytic Behavior of Dual Metal–Organic Framework Coated Hematite Photoanode for Photoelectrochemical Water Splitting Performance,alpha-Fe2O3,Fe2O3/MIL-88B@ZIF-67,2.125,Hydrothermal and spin coating,Nanowires,Nanowires,MIL-88B@ZIF-67,,Photoanode,,1 M NaOH,13.2,Simulated sunlight,583.0,100.0,1.23,298.0,2.52,0.6,1.804,0.42,45.0,20.0,yes,medium,Dual MOF synergetic catalysis,estimated,https://doi.org/10.1016/j.jcat.2020.09.014,0
479,10.1016/j.jelechem.2019.113361,2019.0,Enhancing the photoelectrochemical water splitting performance of WS2 nanosheets by doping titanium and molybdenum via a low temperature CVD method,WS2,Ti and Mo doped,1.9,Low temperature CVD,Nanosheets,Nanosheets,,,,,,,White light,,,1.23,298.0,10.0,0.09,8.553,2.84,176.16,,yes,high,Electrical conductivity improvement,estimated,https://doi.org/10.1016/j.jelechem.2019.113361,0
480,10.1016/j.nanoen.2017.09.032,2017.0,A low-cost photoelectrochemical tandem cell for highly-stable and efficient solar water splitting,WO3,Front WO3/TiO2 NP,2.7,Epitaxial growth,nanoplates/nanoprickles,Nanoprickles,,TiO2 nanoprickles,Tandem Cell,,1 M HClO4,0.6,AM 1.5,,100.0,0.0,298.0,2.8,,2.675,,36.65,840.0,yes,high,front photoanode + rear Si PV,estimated,https://doi.org/10.1016/j.nanoen.2017.09.032,0
481,10.3390/nano14131100,2024.0,Promoting the Photoelectrochemical Properties of BiVO4 Photoanode via Dual Modification with CdS Nanoparticles and NiFe-LDH Nanosheets,BiVO4,NiFe-LDH/CdS/BiVO4,2.4,Electrodeposition and immersion,Film,Nanoparticles/sheets,"NiFe-LDH, CdS",,Photoanode,,0.5 M Na2SO4,6.1,AM 1.5G,500.0,100.0,1.23,298.0,2.5,0.2,1.872,9.0,39.0,,yes,medium,Dual modification enhancement,estimated,https://doi.org/10.3390/nano14131100,0
482,10.1038/s41598-024-66645-2,2024.0,Employing antagonistic C-X-C motif chemokine receptor 4 antagonistic peptide functionalized NaGdF4 nanodots for magnetic resonance imaging-guided biotherapy of breast cancer,NaGdF4,,,,nanoparticles,,,,,,,,,,,,298.0,,,,,,,yes,low,MRI contrast enhancement study,estimated,https://doi.org/10.1038/s41598-024-66645-2,0
483,10.1039/d4sc04678a,2024.0,Supramolecular interaction of a molecular catalyst with a polymeric carbon nitride photoanode enhances photoelectrochemical activity and stability at neutral pH,Polymeric carbon nitride (CN),Ru15 molecular catalyst,2.5,dipping and thermal treatment,porous film,porous,Ru15,,photoanode,,NaH2PO4/Na2HPO4 buffer,7.0,simulated 1 sun,,100.0,1.23,298.0,180.0,0.55,30.0,,3084.6,5.0,yes,medium,supramolecular interaction,estimated,https://doi.org/10.1039/d4sc04678a,0
484,10.1002/smll.202514668,2026.0,"f-Block Element-Based MOF Thin Films: A Platform for Luminescence, Sensing, and Energy Applications",f-MOF thin films,,,composite MOF particle assembly; LbL; electrodeposition,thin film,,,,,,,,,,,,298.0,,,,,,,yes,medium,review article,estimated,https://doi.org/10.1002/smll.202514668,0
485,10.1021/acssynbio.5b00179,2015.0,A statistical approach reveals designs for the most robust stochastic gene oscillators,,,,,,,,,,,,,,,,,298.0,,,,,,,,yes,low,estimated,https://doi.org/10.1021/acssynbio.5b00179,0
486,10.1021/acsami.6b12640,2016.0,Photoelectrochemical Properties and Behavior of alpha-SnWO4 Photoanodes Synthesized by Hydrothermal Conversion of WO3 films,alpha-SnWO4,,1.78,hydrothermal conversion,porous film,,,,photoanode,,0.5 M KPi buffer,7.0,Xe lamp,700.0,100.0,1.23,298.0,0.08,-0.1,0.076,,1.33,,yes,low,hydrothermal conversion of WO3,estimated,https://doi.org/10.1021/acsami.6b12640,0
487,10.1002/adfm.201702428,2017.0,Engineering Highly Ordered Iron Titanate Nanotube Array Photoanodes for Enhanced Solar Water Splitting Activity,Fe2TiO5,H2 treatment,2.15,hybrid microwave annealing (HMA),nanotube array,highly ordered,FeNiOx,TiO2 underlayer,photoanode,1000.0,1 M NaOH,13.6,simulated 1 sun,,100.0,1.23,298.0,0.93,0.55,0.825,,15.02,2.5,yes,medium,HMA synthesis method,estimated,https://doi.org/10.1002/adfm.201702428,0
488,10.1002/advs.201800727,2018.0,Efficient Water Splitting Cascade Photoanodes with Ligand-Engineered MnO Cocatalysts,BiVO4,ligand-engineered MnO,2.4,pulsed anodic electrodeposition,nanorods,heterojunction (BiVO4/WO3),BF4-treated MnO,,photoanode,50.0,0.5 M phosphate buffer + 1 M Na2SO3,7.9,1.5 G solar light,,100.0,1.23,298.0,6.25,,5.023,,103.16,,yes,high,ligand-engineered cocatalyst,estimated,https://doi.org/10.1002/advs.201800727,0
489,10.1039/c8ta09886g,2018.0,Growth of BiVO4 nanoparticles on a WO3 porous scaffold: improved water-splitting by high band-edge light harvesting,BiVO4,Mo-doped (2 wt%),2.4,confined limited growth,porous scaffold,heterojunction (BiVO4/WO3),FeOOH/NiOOH,,photoanode,,0.5 M Na2SO4,7.0,simulated solar (AM 1.5G),,100.0,1.23,298.0,5.8,,5.465,,77.32,,yes,high,Rayleigh scattering enhancement,estimated,https://doi.org/10.1039/c8ta09886g,0
490,10.1016/j.apcatb.2017.04.075,2017.0,Remarkable improvement of the turn–on characteristics of a Fe2O3 photoanode for photoelectrochemical water splitting with coating a FeCoW oxy–hydroxide gel,Fe2O3,,2.03,hydrothermal,nanowire,3D,FeCoW oxy-hydroxide gel,,photoanode,,1.0 M NaOH,13.6,AM 1.5,,100.0,1.23,298.0,1.18,0.67,0.903,,20.74,,yes,medium,FeCoW coating slurry,estimated,https://doi.org/10.1016/j.apcatb.2017.04.075,0
491,10.1016/j.apcatb.2017.05.072,2017.0,Synthesis of WO3/BiVO4 photoanode using a reaction of bismuth nitrate with peroxovanadate on WO3 film for efficient photoelectrocatalytic water splitting and organic pollutant degradation,BiVO4,Mo-doped (2 atomic%),2.43,spin-coating reaction,nanoplate array,heterojunction (WO3/BiVO4),Co–Pi,,photoanode,980.0,0.5 M K2SO4,7.0,Xe lamp (AM 1.5),,100.0,1.23,298.0,5.24,,4.033,,94.7,3.0,yes,high,stoichiometric gas evolution,estimated,https://doi.org/10.1016/j.apcatb.2017.05.072,0
492,10.1016/j.ijhydene.2021.02.094,2021.0,Efficient suppression of surface charge recombination by CoP-Modified nanoporous BiVO4 for photoelectrochemical water splitting,BiVO4,,2.4,electrodeposition,nanoporous,,CoP nanoparticles,,photoanode,,1.0 M potassium borate,9.0,AM 1.5G,420.0,100.0,1.23,298.0,4.1,0.3,2.862,1.5,54.03,,yes,high,earth-abundant CoP cocatalyst,estimated,https://doi.org/10.1016/j.ijhydene.2021.02.094,0
493,10.1016/j.jallcom.2020.154449,2020.0,Hierarchical ZnO nanorod/ZnFe2O4 nanosheet core/shell nanoarray decorated with PbS quantum dots for efficient photoelectrochemical water splitting,ZnO/ZnFe2O4,PbS quantum dots,1.89,ion exchange reaction,core/shell nanoarray,hierarchical,PbS quantum dots,,photoanode,,0.1 M Na2SO4,7.0,AM 1.5 filter,,100.0,0.6,298.0,0.577,-0.3,0.571,0.39,6.87,2.0,yes,medium,visible light photosensitizer,estimated,https://doi.org/10.1016/j.jallcom.2020.154449,0
494,10.1016/j.jelechem.2019.01.056,2019.0,Hierarchical TiO2/Fe2O3 heterojunction photoanode for improved photoelectrochemical water oxidation,TiO2/Fe2O3,,2.1,electrophoretic deposition,hierarchical nanorods,3D hierarchical heterostructure,,TiN underlayer,photoanode,900.0,1 M NaOH,13.6,Xe lamp (AM 1.5),,100.0,1.23,298.0,1.79,,1.441,,22.14,,yes,medium,titanium nitride underlayer,estimated,https://doi.org/10.1016/j.jelechem.2019.01.056,0
495,10.1016/j.jpowsour.2018.04.074,2018.0,Polyaniline as a new type of hole-transporting material to significantly increase the solar water splitting performance of BiVO4 photoanodes,BiVO4,,2.41,photoelectrodeposition,,core/shell,NiOOH,PANI,photoanode,,0.1 M KH2PO4,7.0,AM 1.5G,430.0,100.0,1.23,298.0,3.31,,3.007,1.2,38.35,3.0,yes,high,PANI hole-transporting layer,estimated,https://doi.org/10.1016/j.jpowsour.2018.04.074,0
496,10.1016/j.nanoen.2017.10.061,2017.0,Flexible PVDF/Cu/PVDF-NaNbO3 Photoanode with Ferroelectric Properties: An Efficient Tuning of Photoelectrochemical Water Splitting with Electric Field Polarization and Piezophototronic Effect,NaNbO3,,,,nanocomposite film,flexible,,,photoanode,,0.5 M NaOH,13.7,tungsten-halogen lamp,,100.0,,298.0,1.25,,1.486,,20.37,,yes,medium,piezophototronic effect,estimated,https://doi.org/10.1016/j.nanoen.2017.10.061,0
497,10.3390/nano14171609,2024.0,Templating Iron(III) Oxides on DNA Molecules,alpha-Fe2O3 / alpha-FeOOH,,3.2,hydrolysis,needle-like,dendritic,,,,,,,,,,,298.0,,,,,,,yes,low,DNA templating study,estimated,https://doi.org/10.3390/nano14171609,0
498,10.1142/S1793604715500587,2015.0,Hydrothermal synthesis of Fe2O3/ZnO heterojunction photoanode for photoelectrochemical water splitting,Fe2O3/ZnO,,2.16,hydrothermal,,heterojunction,,,photoanode,,,,,,47.0,0.15,298.0,0.07,,0.111,0.06,0.86,,yes,low,ZnO quantity effect study,estimated,https://doi.org/10.1142/S1793604715500587,0
499,10.1021/am5042324,2014.0,Stable Covalent Attachment of Laminin to Microposts Improves the Contractility of Mouse Neonatal Cardiomyocytes,,laminin,,,microposts,,,,,,,,,,,,298.0,,,,,,,yes,low,biological study,estimated,https://doi.org/10.1021/am5042324,0
500,10.1016/S1872-2067(17)62987-5,2018.0,NiFe layered double-hydroxide nanoparticles for efficiently enhancing performance of BiVO4 photoanode in photoelectrochemical water splitting,BiVO4,NiFe-LDH nanoparticles on BiVO4,2.45,hydrothermal,film with nanoparticles,nanoparticles,NiFe-LDH,,photoanode,,,,visible-light,,,1.23,298.0,,,,,,,yes,medium,Excellent stability noted,estimated,https://doi.org/10.1016/S1872-2067(17)62987-5,0
501,10.1016/j.cattod.2019.02.024,2020.0,Fabrication of large size nanoporous BiVO4 photoanode by a printing-like method for efficient solar water splitting application,BiVO4,BiVO4,2.4,electrodeposition,nanoporous,nanoporous structure,NiOOH,,,,,,simulated solar light,,100.0,,298.0,1.7,,24.0,,21.91,,,,,estimated,https://doi.org/10.1016/j.cattod.2019.02.024,0
502,10.1016/j.apcata.2017.07.020,2017.0,Toward non-precious nanocomposite photocatalyst: An efficient ternary photoanode TiO2 nanotube/Co9S8/polyoxometalate for photoelectrochemical water splitting,TiO2,Co9S8 + POM (PW12),3.2,two-step anodization + solvothermal modification,porous nanotube arrays,TiO2 nanotube arrays,Co9S8,,photoanode,,ethylene glycol + 0.5 wt.% NH4F + 3 vol% water,7.0,simulated solar light,,100.0,1.23,298.0,1.12,,0.855,0.56,13.28,,yes,Medium,8.5-fold photocurrent improvement; 7-fold efficiency improvement,estimated,https://doi.org/10.1016/j.apcata.2017.07.020,0
503,10.1021/acsami.0c17811,2020.0,Highly Efficient Photoelectrochemical Water Splitting Using GaN-Nanowire Photoanode with Tungsten Sulfides,GaN,WxS1-x coating,3.4,,nanowires,GaN nanowires,WxS1-x,,photoanode,,0.5 M H2SO4,0.6,,,,,298.0,20.38,,21.01,13.76,144.29,7.0,,,,estimated,https://doi.org/10.1021/acsami.0c17811,0
504,10.1021/acsami.1c15225,2021.0,Spinel-Oxide-Integrated BiVO4 Photoanodes with Photothermal Effect for Efficient Solar Water Oxidation,BiVO4,NiCo2O4/BiVO4,2.49,,spinel-oxide-integrated photoanode,NiCo2O4,,photoanode,,,,,near-infrared radiation,,,1.23,298.0,6.2,,5.455,,116.92,,yes,High,"photothermal effect under NIR; similar results for Mn, Zn, Cu, Fe spinels",estimated,https://doi.org/10.1021/acsami.1c15225,0
505,10.1016/j.jpowsour.2015.08.027,2015.0,Nitrogen and cobalt co-doped zinc oxide nanowires - Viable photoanodes for hydrogen generation via photoelectrochemical water splitting,ZnO,"Co and N co-doped, (Zn0.95Co0.05)O:N",2.16,hydrothermal route + NH3 heat treatment,vertically aligned nanowires,nanowires,,,photoanode,,,,under illumination,,,,298.0,1.39,,1.619,,25.45,,yes,Medium,best performance for (Zn0.95Co0.05)O:N-600; generated at 600 C,estimated,https://doi.org/10.1016/j.jpowsour.2015.08.027,0
506,10.1088/1361-6528/ac8a51,2022.0,Interfacial engineering of 1D/2D heterostructured photoanode for efficient photoelectrochemical water splitting,ZnO,Hematene/ZnO,3.29,interfacial engineering of ordered ZnO nanorod array with ultra-thin Hematene,ordered nanorod array,1D/2D hierarchical heterostructure,Hematene,,photoanode,1.5,,,visible light irradiation,,,,298.0,0.28,,0.244,,4.0,,yes,Medium,Hematene/ZnO NRs; onset potential shifted from 0.32 to 0.28 V vs RHE,estimated,https://doi.org/10.1088/1361-6528/ac8a51,0
507,10.1021/acsaem.5c01370,2025.0,High-Efficiency Photoelectrochemical Hydrogen Generation with CdS–ZnS/Black Ti–Si–O Composite Photoanode,Ti-Si-O,CdS-ZnS/black Ti-Si-O,1.1,anodization + high-temperature Sn reduction + SILAR deposition,black nanotube arrays,nanotube arrays,CdS-ZnS,,photoanode,,,,,,,,298.0,12.69,,13.861,,191.35,,yes,High,Original value vs Ag/AgCl; black Ti-Si-O nanotubes modified by CdS and ZnS,estimated,https://doi.org/10.1021/acsaem.5c01370,0
508,10.1007/s10854-022-09772-8,2023.0,Nitrogen-doped reduced graphene oxide decorated with silver nanoparticles for photoelectrochemical water splitting,reduced graphene oxide,N-doped rGO + Ag nanoparticles,,easily manufactured nanocomposite photoanode,,nanocomposite,Ag nanoparticles,,photoanode,,,,visible LED light,500.0,,0.95,298.0,0.69,,0.706,0.69,13.29,,yes,Low,IPCE = 23.77% at 500 nm; ABPE = 0.69% at 0.93 V vs RHE,estimated,https://doi.org/10.1007/s10854-022-09772-8,0
509,10.1021/acsaem.5c00474,2025.0,Raspberry-like Gold Nanoparticle-Decorated Titania Nanorods for Plasmon-Enhanced Photoelectrochemical Oxygen Evolution,TiO2,Au RLNP/TiO2 on FTO,3.2,hydrothermal synthesis of TiO2 nanorods + single-step solution-phase synthesis of Au RLNPs,raspberry-like gold nanoparticles on nanorods,TiO2 nanorod arrays,Au RLNPs,,photoanode,,,,AM 1.5G,,100.0,1.23,298.0,2.18,,1.7,,28.91,,yes,Low,Au RLNP/TiO2,estimated,https://doi.org/10.1021/acsaem.5c00474,0
510,10.3390/catal11050584,2021.0,Surface-Modified Ta3N5 Photoanodes for Sunlight-Driven Overall Water Splitting by Photoelectrochemical Cells,Ta3N5,NiFeOx/Ta3N5,2.1,RF magnetron sputtering + nitridation in NH3 + drop-casting,thin film,Ta3N5 thin-film photoanode,NiFeOx,,photoanode,650.0,0.1 M sodium phosphate aqueous solution,13.0,AM 1.5G simulated sunlight,600.0,100.0,0.7,1073.0,0.4,0.6,0.2,,1.8,6.0,yes,Low,Parallel PEC cell; STH 0.2%; H2 generation 1.8 over 6 h,original,https://doi.org/10.3390/catal11050584,0
511,10.1016/j.jelechem.2019.113361,2019.0,Enhancing the photoelectrochemical water splitting performance of WS2 nanosheets by doping titanium and molybdenum via a low temperature CVD method,WS2,Ti-doped WS2 / Mo-doped WS2,1.99,chemical vapor deposition (CVD),vertically aligned nanosheets,2D nanosheets,,,photoanode,,,,AM 1.5G simulated sunlight,,100.0,1.23,298.0,10.44,,8.467,2.84,126.09,,yes,High,Ti-doped WS2 shows highest photocurrent density; Mo-doped WS2 8.77,estimated,https://doi.org/10.1016/j.jelechem.2019.113361,0
512,10.1007/s11708-021-0781-9,2021.0,Enhanced performance of NiF2/BiVO4 photoanode for photoelectrochemical water splitting,BiVO4,NiF2/BiVO4,2.42,electrodeposition,,heterojunction photoanode,NiF2,,photoanode,,,,,,,,298.0,,,,,,,yes,Medium,NiF2 modification increased photocurrent density by 180% versus BiVO4,estimated,https://doi.org/10.1007/s11708-021-0781-9,0
513,10.1016/j.nanoen.2017.03.042,2017.0,Cactus-like hierarchical nanorod-nanosheet mixed dimensional photoanode for efficient and stable water splitting,ZnO,H-ZnO/CdS/Ni(OH)2,3.21,electrodeposition + annealing + CdS quantum dot sensitization,cactus-like hierarchical nanorod-nanosheet,mixed 2D/1D hierarchical nanoarchitecture,Ni(OH)2,,photoanode,150.0,neutral solution,7.0,,,,,298.0,,,,4.12,,1.0,yes,High,ABPE reached 4.12%; CdS quantum dots used as sensitizer,estimated,https://doi.org/10.1016/j.nanoen.2017.03.042,0
514,10.1016/j.colsurfa.2022.128412,2022.0,Fabrication of Zn-MOF decorated BiVO4 photoanode for water splitting,BiVO4,BiVO4 / Zn-MOF,2.4,electrodeposition + immersion method,thin film,MOF-decorated heterostructure,Zn-MOF,,photoanode,,,,simulated solar light,,100.0,,298.0,,,,,,,yes,Medium,Photocurrent density increased 3.1x vs bare BiVO4,estimated,https://doi.org/10.1016/j.colsurfa.2022.128412,0
515,10.1016/j.jelechem.2024.118385,2024.0,Strategic band alignment of zinc oxide photoanode with fibrous silica framework for enhanced photoelectrochemical water splitting efficiency,ZnO,Fibrous silica zinc oxide (FSZn),3.39,microemulsion method,fibrous structure,bicontinuous concentric lamellar structure,,,photoanode,,Na2SO4,6.4,solar / light illumination,,,,298.0,17.88,,22.0,,310.21,,yes,High,Conventional ZnO comparison: 6.28 mA/cm2,estimated,https://doi.org/10.1016/j.jelechem.2024.118385,0
516,10.1039/d3ra00346a,2023.0,Facile preparation of nickel phosphide for enhancing the photoelectrochemical water splitting performance of BiVO4 photoanodes,BiVO4/Ni2P,Ni2P modification,2.42,One-step solvothermal,,,Ni2P,,Photoanode,,1 M KBi buffer,9.0,AM 1.5G,,100.0,1.23,298.0,3.3,,2.568,0.98,46.83,1.0,No,Medium,Ni2P enhances water oxidation kinetics,estimated,https://doi.org/10.1039/d3ra00346a,0
517,10.1002/smsc.202300318,2024.0,Boosting the Solar Water Oxidation Performance of Fe2O3 Photoanode via Embedding Laser-Generated Pt Nanocrystals,Fe2O3@Pt-2,Pt nanocrystals embedding,2.03,Laser generation,Nanoporous,Nanocrystals,Pt,,Photoanode,,,,AM 1.5G,,100.0,1.23,298.0,1.16,1.0,1.129,0.062,13.96,,No,Medium,Schottky barrier formation improves bulk carrier transport dynamics,estimated,https://doi.org/10.1002/smsc.202300318,0
518,10.26599/JAC.2025.9221043,2025.0,Texture development and surface reconstruction of BiVO4 photoanode via one-pot hydrothermal reaction for enhanced photoelectrochemical water splitting,CoBi/ts-BVO,CoBi cocatalyst,2.4,One-pot hydrothermal,Textured,(00l)-textured grains,CoBi,,Photoanode,800.0,1 M borate buffer (KBi),9.4,AM 1.5G,,100.0,1.23,298.0,4.3,,4.272,0.55,59.18,,No,Medium,16x improvement over nontextured BVO via SDR mechanism,estimated,https://doi.org/10.26599/JAC.2025.9221043,0
519,10.26599/NRE.2024.9120117,2024.0,Using hollow dodecahedral NiCo-LDH with multi-active sites to modify BiVO4 photoanode facilitates the photoelectrochemical water splitting performance,HD-NiCo-LDH/BiVO4,NiCo-LDH modification,2.43,Electro-deposition,Hollow dodecahedral,Nanosheets,HD-NiCo-LDH,,Photoanode,,0.5 M Na2SO4,7.0,AM 1.5G,,100.0,1.23,298.0,4.54,,4.561,1.12,66.97,,No,Medium,Hollow dodecahedral structure provides multi-active sites,estimated,https://doi.org/10.26599/NRE.2024.9120117,0
520,10.1021/acscatal.5c03869,2025.0,Performance of Transition Metal Oxides for Solar Hydrogen Conversion,SnOx/BiVO4/pGO/Co4O4,pGO/Co4O4 modification,2.42,,,,,,Photoanode,,0.2 M KPi,7.0,AM 1.5G,,100.0,,298.0,3.5,,4.3,,39.91,3.3,No,Medium,Tandem cell configuration achieving 4.3% STH efficiency,estimated,https://doi.org/10.1021/acscatal.5c03869,0
521,10.1039/d5na00667h,2025.0,The development of efficient and stable photoanodes is critical for advancing photoelectrochemical (PEC) water splitting technologies,BiVO4,,2.44,Pulse electrodeposition,"Porous, interconnected",,,,Photoanode,,0.5 M Na2SO4,6.8,AM 1.5G,,100.0,1.23,298.0,1.33,0.6,1.285,20.0,115.0,10.0,No,Medium,Optimized Bi-576; pulse electrodeposition control,estimated,https://doi.org/10.1039/d5na00667h,0
522,10.1039/d0cc07778j,2020.0,Stable and efficient solar-driven photoelectrochemical water splitting into H2 and O2 based on a BaTaO2N photoanode decorated with CoO microflowers†,CoO@BaTaO2N,CoO on BaTaO2N,1.9,Electrophoretic deposition,Microflowers,nanofibers,CoO,,Photoanode,3000.0,1 M KOH,13.2,AM 1.5,600.0,100.0,1.23,298.0,1.6,0.7,1.458,,27.5,1.0,No,Medium,CoO microflowers protect BaTaO2N surface,estimated,https://doi.org/10.1039/d0cc07778j,0
523,10.1039/d3sc05420a,2024.0,structuring via dual atom modification for an efficient photoanode,Ta3N5,"Cu, Zr-doped",2.1,Electrophoretic deposition,,nanoparticles,NiCoFe-Bi,,Photoanode,3000.0,1.0 M KOH,13.6,AM 1.5 G,505.0,100.0,1.0,283.0,8.5,0.38,5.928,3.5,132.28,10.0,No,High,Gradient Zr doping enhances carrier separation,estimated,https://doi.org/10.1039/d3sc05420a,0
524,10.1021/acscatal.8b01999,2018.0,Tailored NiOx/Ni cocatalysts on silicon for highly efficient water splitting photoanode via pulsed electrodeposition,n-Si,NiOx/Ni,1.1,Pulsed electrodeposition,,nanoparticles,NiOx/Ni,,Photoanode,,1 M K-borate,8.9,AM 1.5G,,100.0,1.23,298.0,14.7,1.08,12.129,0.44,255.49,100.0,No,High,Pulsed electrodeposition creates active NiOx/Ni interface,estimated,https://doi.org/10.1021/acscatal.8b01999,0
525,10.3390/molecules29020372,2024.0,Preparation of Surface Dispersed WO3/BiVO4 Heterojunction Arrays and Their Photoelectrochemical Performance for Water Splitting,WO3/BiVO4,BiVO4 on WO3,2.47,Hydrothermal/Solvothermal,Nanoflake arrays,nanoparticles,,,Photoanode,,0.2 mol L-1 K-phosphate,7.0,Standard sunlight,,100.0,1.23,298.0,3.92,0.69,4.016,,59.66,1.0,No,Medium,Surface dispersed structure helps suppress recombination,estimated,https://doi.org/10.3390/molecules29020372,0
526,10.1021/acs.langmuir.4c04869,2024.0,Construction of CoSe2/WO3@Si multiheterojunctions for efficient photoelectrochemical water splitting,CoSe2/WO3@Si,,2.65,,,,CoSe2,,Photoelectrode,,0.5 M Na2SO4,6.8,AM 1.5G,,100.0,1.23,298.0,10.07,,8.997,,133.08,10.0,No,High,Multiheterojunction enhances performance,estimated,https://doi.org/10.1021/acs.langmuir.4c04869,0
527,10.1016/j.ceramint.2020.12.264,2021.0,Synthesis and enhanced bias-free photoelectrochemical water-splitting activity of ferroelectric BaTiO3/Cu2O heterostructures under solar light irradiation,BaTiO3/Cu2O,"BaTiO3, Cu2O",1.94,Hydrothermal,,,,,Photoanode,,0.1 M NaOH,13.5,AM 1.5 G,,100.0,1.23,298.0,0.26,,0.11,,3.64,,Yes,Low,2.6x improvement vs bare BTO; original value vs Ag/AgCl converted,estimated,https://doi.org/10.1016/j.ceramint.2020.12.264,0
528,10.3740/MRSK.2024.34.12.602,2024.0,Comparative Characterization of Cupric Oxide Thin Film and Nanorod Photocathodes for Photoelectrochemical Water Splitting,CuO,Pure,1.5,Hydrothermal (seed-mediated),Nanorods,Vertically aligned array,,,Photocathode,400.0,1 mM Na2SO4,6.6,300 W Xe lamp,,1.0,0.59,298.0,0.21,,22.268,,2.57,0.067,No,Low,Nanorod morphology provides 2.3x higher photocurrent,estimated,https://doi.org/10.3740/MRSK.2024.34.12.602,0
529,10.1021/acsaem.3c01992,2022.0,Direct Z-Scheme Heterostructure of In Situ Planted ZnO Nanorods on g-C3N4 Thin Sheets Sprayed on TiO2 Layer: A Strategy for Ternary-Photoanode Engineering toward Enhanced Photoelectrochemical Water Splitting,g-C3N4/ZnO/TiO2,Ternary,3.01,Spraying,Thin sheets/Nanorods,Heterostructure,,TiO2,Photoanode,,0.5 M Na2SO4,6.2,AM 1.5G,,100.0,1.23,298.0,0.8,,0.622,,10.32,,Yes,Low,Z-scheme heterostructure improves carrier separation,estimated,https://doi.org/10.1021/acsaem.3c01992,0
530,10.1021/acsaem.4c02646,2025.0,Nanostructured Ni-doped SnS2 photoanode for efficient photoelectrochemical water splitting,Ni-SnS2,6 wt.% Ni,0.67,,Nanostructured,,,,Photoanode,,0.5 M Na2SO4,6.4,,,,1.6,298.0,1.5,,0.978,,24.6,,No,Medium,Optimal 6 wt.% Ni doping maximizes photocurrent,estimated,https://doi.org/10.1021/acsaem.4c02646,0
531,10.1021/acsami.2c03514,2022.0,Two-Step Process of a Crystal Facet-Modulated BiVO4 Photoanode for Efficiency Improvement in Photoelectrochemical Hydrogen Evolution,BiVO4,Crystal facet modulated,2.51,,,,CoBi,,Photoanode,200.0,,,AM 1.5G,,100.0,1.23,298.0,1.8,,1.448,,32.64,4.0,No,Medium,Facet modulation enhances charge carrier kinetics,estimated,https://doi.org/10.1021/acsami.2c03514,0
532,10.1021/acsami.7b02685,2017.0,Stable and Efficient CuO Based Photocathode through Oxygen-Rich Composition and Au-Pd Nanostructure Incorporation for Solar-Hydrogen Production,CuO/Au-Pd,O-rich + Au-Pd,1.35,Sputtering,Thin film,,Au-Pd nanoparticles,,Photocathode,150.0,,,AM 1.5G,,100.0,0.0,298.0,0.9,,0.824,,14.45,2.0,No,Low,Au-Pd decoration significantly enhances optical absorption,estimated,https://doi.org/10.1021/acsami.7b02685,0
533,10.1021/acsami.9b04059,2019.0,Hydrogenated TiO2 Nanorod Arrays Decorated with Carbon Quantum Dots toward Efficient Photoelectrochemical Water Splitting,CQDs-H/TiO2,H-treated + CQDs,3.2,Plasma treatment,Nanorod arrays,Nanorods,Carbon Quantum Dots,,Photoanode,,,,AM 1.5G,,100.0,1.23,298.0,1.8,,1.62,,32.38,,No,Medium,Hydrogenation and CQDs synergistically improve PEC,estimated,https://doi.org/10.1021/acsami.9b04059,0
534,10.1021/acsami.9b21386,2020.0,Electrodeposited Co-substituted LaFeO3 for enhancing the photoelectrochemical activity of BiVO4,BiVO4/LaFe0.5Co0.5O3,Co-substituted LaFeO3,2.47,Electrodeposition,,,,,Photoanode,,0.5 M KPi buffer,7.0,AM 1.5G,,100.0,1.23,298.0,4.0,,3.56,,61.94,,No,Medium,Co-substitution in LaFeO3 improves charge transfer rate,estimated,https://doi.org/10.1021/acsami.9b21386,0
535,10.1021/acsanm.2c02302,2022.0,Photothermal-Effect-Enhanced Photoelectrochemical Water Splitting in MXene-Nanosheet-Modified ZnO Nanorod Arrays,ZnO/MXene,MXene-modified,3.36,Hydrothermal + Electrodeposition,Nanorod arrays,Nanorods,MXene nanosheets,,Photoanode,,0.1 M NaOH,12.6,AM 1.5G + NIR,808.0,100.0,1.23,298.0,0.85,,0.783,,9.52,,No,Low,Photothermal effect from MXene under NIR,estimated,https://doi.org/10.1021/acsanm.2c02302,0
536,10.1021/acsanm.3c02175,2023.0,Mg-Doped Hematite Nanoparticle Arrays Coated with CoPi Thin Films for Solar Water Oxidation,Mg-Fe2O3/CoPi,Mg-doped,2.07,Hydrothermal + Immersion,Nanoparticle arrays,,CoPi,,Photoanode,,1 M NaOH,13.5,500 W Xe lamp,,,1.23,298.0,1.37,,1.182,,20.01,24.0,No,Medium,Mg-doping increases donor density and charge separation,estimated,https://doi.org/10.1021/acsanm.3c02175,0
537,10.1021/acsanm.4c01527,2024.0,Nanostructured BiVO4 Photoanodes Fabricated by Vanadium-Infused Interaction for Efficient Solar Water Splitting,Co-Pi/BiVO4,V-infused,2.48,V intercalation,,,Co-Pi,,Photoanode,270.0,0.5 M PBS,7.0,AM 1.5G,,100.0,1.23,298.0,2.9,,2.82,,48.35,,No,Medium,V-intercalation ensures complete phase transformation,estimated,https://doi.org/10.1021/acsanm.4c01527,0
538,10.5757/ASCT.2022.31.2.51,2022.0,Photoelectrochemical Water Splitting using GaN Nanowires with Reverse-Mesa Structures,GaN,Reverse-Mesa (RMNW),3.4,Plasma-assisted MBE,Reverse-mesa,Nanowires,,,Photoanode,304.6,0.5 M H2SO4,0.3,Xe lamp,,100.0,0.6,298.0,2.62,,2.165,1.65,47.64,,No,Medium,Reverse-mesa structure enhances light confinement,estimated,https://doi.org/10.5757/ASCT.2022.31.2.51,0
539,10.1021/acs.chemmater.8b01405,2018.0,Enabling Solar Water Oxidation by BiVO4 Photoanodes in Basic Media,BiVO4/TiO2,Protective TiO2,3.2,,,,FeOOH/NiOOH,TiO2,Photoanode,,0.5 M Phosphate + Na2SO3,7.3,AM 1.5G,,100.0,1.0,298.0,4.0,,4.375,,55.71,50.0,No,Medium,TiO2 layer protects BiVO4 from photoanodic corrosion,estimated,https://doi.org/10.1021/acs.chemmater.8b01405,0
540,10.1007/s40820-025-02062-y,2026.0,Single‑Atom Ru in CoFe‑LDH Drives Efficient Charge Separation on BiVO4 for Solar Water Splitting,BiVO4,Ru0.51-CoFe-LDH,2.31,"Electrodeposition, Spin coating",Wormlike,Nanosheets,Ru0.51-CoFe-LDH,,Photoanode,1300.0,0.2 M KPi / KBi-VO43-,8.1,AM 1.5G,550.0,100.0,1.23,298.15,4.51,0.26,4.139,1.55,52.08,10.0,Yes,Medium,3.1 times higher photocurrent than bare BiVO4,estimated,https://doi.org/10.1007/s40820-025-02062-y,0
541,10.1021/acsaem.1c00261,2021.0,Handy Protocol of Nitrogen-Doped BiVO4 Photoanode for Visible Light-Driven Water Oxidation,BiVO4,Nitrogen-doped,2.34,Doctor Blade,,,,,Photoanode,,0.1 M KPi,7.0,Xe-lamp,390.0,100.0,1.23,298.15,3.3,0.5,3.185,,52.35,5.0,Yes,Medium,N-doping increases visible light response,estimated,https://doi.org/10.1021/acsaem.1c00261,0
542,10.1021/acsaem.2c00974,2022.0,Junction Engineering in Si Photoanode for Efficient Photoelectrochemical Water Splitting,Silicon,SHJ/ITO/Ni/NiFe,1.1,"PECVD, Sputtering, Electrodeposition",,Porous layer,NiFe,,Photoanode,,1.0 M NaOH,14.0,AM 1.5G,750.0,100.0,1.23,298.0,38.0,0.84,30.0,4.8,591.82,10.0,Yes,High,Record low onset potential for Si photoanode,estimated,https://doi.org/10.1021/acsaem.2c00974,0
543,10.1021/acsaem.2c01869,2022.0,Boosting Photoelectrochemical Performance of BiVO4 Photoanode by Synergistic Effect of WO3/BiVO4 Heterojunction Construction and NiOOH Water Oxidation Modification,BiVO4,WO3/BiVO4/NiOOH,2.46,"Sol-gel, PEPD",Coral-like,Nanorods,NiOOH,,Photoanode,,2 M NaBi,,AM 1.5G,550.0,100.0,1.23,298.0,3.0,0.55,2.904,,31.74,,Yes,Medium,6.98x improvement via heterojunction and cocatalyst,estimated,https://doi.org/10.1021/acsaem.2c01869,0
544,10.1021/acsaem.2c03345,2022.0,Sustained Water Oxidation with Surface- and Interface-Engineered WO3/BiVO4 Heterojunction Photoanodes,BiVO4,WO3/BiVO4/TiO2/FeOOHNiOOH,2.47,ALD,,,FeOOHNiOOH,ALD-TiO2,Photoanode,2.2,0.5 M Na2SO4,6.6,AM 1.5G,,100.0,1.23,298.0,4.6,,3.672,,67.32,24.0,Yes,Medium,TiO2 layer acts as protective/passivation layer,estimated,https://doi.org/10.1021/acsaem.2c03345,0
545,10.1021/acsaem.3c00290,2023.0,NdCo3 Molecular Catalyst Coupled with a BiVO4 Photoanode for Photoelectrochemical Water Splitting,BiVO4,NdCo3 molecular catalyst,2.4,"Electrodeposition, Drop casting",,,NdCo3,,Photoanode,1410.0,1.0 M KBi,9.5,AM 1.5G,,100.0,1.23,298.0,2.25,,1.983,,27.46,1.0,Yes,Medium,Molecular catalyst improves charge transfer kinetics,estimated,https://doi.org/10.1021/acsaem.3c00290,0
546,10.1021/acsaem.3c01151,2023.0,Enhanced Photoelectrocatalytic Water Splitting in Bi2Mo1-x W x O6 Solid Solutions: Understanding the Atomic Level Mechanism,Bi2MoO6,Bi2Mo0.9W0.1O6,2.63,"Hydrothermal, Doctor blade",Solid solution,,,,Photoanode,,1 M KOH,13.4,AM 1.5G,,100.0,1.23,298.0,0.0366,,0.03,,0.64,12.0,Yes,Low,W-substitution improves stability and charge separation,estimated,https://doi.org/10.1021/acsaem.3c01151,0
547,10.1016/j.apmt.2024.102415,2024.0,Enhancing charge extraction in BiVO4 photoanodes by ZrCl4 treatment of SnO2 hole-blocking layers,BiVO4,SnO2 treated with ZrCl4 / BiVO4,2.54,Spin-coating,,,,,Photoanode,,1.0 M potassium borate + 0.2 M Na2SO3,9.0,Simulated AM1.5 G,550.0,100.0,1.23,298.0,1.37,0.23,1.041,,20.93,,Yes,Medium,37% improvement vs standard; ZrCl4 reduces pinholes,estimated,https://doi.org/10.1016/j.apmt.2024.102415,0
548,10.1016/j.ijoes.2023.100216,2023.0,Nickel-based alloy nanoparticles anchored on nickel mesh towards excellent and sustainable water electrolysis,NiCo/NiFe,NiCo4 and Ni4Fe,,Electrodeposition,,Nanoparticles,,,Electrolytic Electrode,,1.0 M KOH,13.2,,,,,298.0,,,,,,80.0,yes,high,Non-PEC electrolyzer; 1.50 V at 10 mA/cm2,estimated,https://doi.org/10.1016/j.ijoes.2023.100216,0
549,10.1016/j.energy-reviews.2023.100037,2023.0,Brief review of hydrocarbon-reforming catalysts map for hydrogen production,Hydrocarbon Catalysts,,,,,,,,,,,,,,,,298.0,,,,,,,yes,low,Review article on thermal reforming,estimated,https://doi.org/10.1016/j.energy-reviews.2023.100037,0
550,10.1016/j.nxmate.2026.101599,2026.0,Quantum dot based solar cells,Quantum Dots,"PbX, CdX, Perovskite",1.56,"SILAR, CBD, Doctor-blade",,Nanocrystals,,,Photovoltaic Cell,,Polysulfide / various,,AM 1.5 G,1150.0,100.0,,298.0,31.5,,30.0,,514.42,,yes,high,"Review on PV solar cells, not PEC",estimated,https://doi.org/10.1016/j.nxmate.2026.101599,0
10001,synthetic_0001,2023.0,Synthetic entry: W-doped BiVO4,BiVO4,W-doped BiVO4,2.4,spin coating,nanoparticle,nanoparticle,,,photoanode,,0.5 M Na2SO4,6.8,AM 1.5G,,99.8,1.23,299.0,2.809,,2.244,,44.62,,Yes,,[SYNTHETIC] W-doped BiVO4,synthetic,https://doi.org/synthetic_0001,0
10002,synthetic_0002,2020.0,Synthetic entry: W-doped BiVO4,BiVO4,W-doped BiVO4,2.45,spin coating,nanoparticle,nanoparticle,,,photoanode,,0.5 M Na2SO4,7.0,AM 1.5G,,101.7,1.23,297.0,1.181,,0.818,,12.63,,Yes,,[SYNTHETIC] W-doped BiVO4,synthetic,https://doi.org/synthetic_0002,0
10003,synthetic_0003,2017.0,Synthetic entry: BiVO4 with FeOOH overlayer,BiVO4,BiVO4 with FeOOH overlayer,2.45,electrodeposition,nanoparticle,nanoparticle,FeOOH,,photoanode,,0.5 M Na2SO4,6.5,AM 1.5G,,98.5,1.23,300.0,1.714,,1.618,,28.63,,Yes,,[SYNTHETIC] BiVO4 with FeOOH overlayer,synthetic,https://doi.org/synthetic_0003,0
10004,synthetic_0004,2020.0,Synthetic entry: BiVO4 with FeOOH overlayer,BiVO4,BiVO4 with FeOOH overlayer,2.42,electrodeposition,nanoparticle,nanoparticle,FeOOH,,photoanode,,0.5 M Na2SO4,6.8,AM 1.5G,,99.4,1.23,298.0,3.066,,2.388,,36.22,,Yes,,[SYNTHETIC] BiVO4 with FeOOH overlayer,synthetic,https://doi.org/synthetic_0004,0
10005,synthetic_0005,2019.0,Synthetic entry: BiVO4 with NiOOH cocatalyst,BiVO4,BiVO4 with NiOOH cocatalyst,2.43,electrodeposition,nanoporous,nanostructure,NiOOH,,photoanode,,0.1 M KPi,6.9,AM 1.5G,,100.7,1.23,300.0,2.985,,2.179,,36.7,,Yes,,[SYNTHETIC] BiVO4 with NiOOH cocatalyst,synthetic,https://doi.org/synthetic_0005,0
10006,synthetic_0006,2021.0,Synthetic entry: BiVO4 with NiOOH cocatalyst,BiVO4,BiVO4 with NiOOH cocatalyst,2.38,electrodeposition,nanoporous,nanostructure,NiOOH,,photoanode,,0.1 M KPi,7.0,AM 1.5G,,99.2,1.23,298.0,5.639,,5.241,,78.48,,Yes,,[SYNTHETIC] BiVO4 with NiOOH cocatalyst,synthetic,https://doi.org/synthetic_0006,0
10007,synthetic_0007,2022.0,Synthetic entry: BiVO4 with CoOx,BiVO4,BiVO4 with CoOx,2.42,spray pyrolysis,thin film,thin film,CoOx,,photoanode,,1 M KBi,9.3,AM 1.5G,,98.3,1.23,298.0,4.366,,3.432,,54.38,,Yes,,[SYNTHETIC] BiVO4 with CoOx,synthetic,https://doi.org/synthetic_0007,0
10008,synthetic_0008,2021.0,Synthetic entry: BiVO4 with CoOx,BiVO4,BiVO4 with CoOx,2.43,spray pyrolysis,thin film,thin film,CoOx,,photoanode,,1 M KBi,9.2,AM 1.5G,,101.0,1.23,298.0,2.677,,2.325,,46.06,,Yes,,[SYNTHETIC] BiVO4 with CoOx,synthetic,https://doi.org/synthetic_0008,0
10009,synthetic_0009,2023.0,Synthetic entry: Mo-doped BiVO4 with NiCo2O4,BiVO4,Mo-doped BiVO4 with NiCo2O4,2.51,hydrothermal,nanostructured,nanostructure,NiCo2O4,,photoanode,,0.5 M Na2SO4,6.9,AM 1.5G,,98.3,1.23,298.0,4.879,,4.526,,69.74,,Yes,,[SYNTHETIC] Mo-doped BiVO4 with NiCo2O4,synthetic,https://doi.org/synthetic_0009,0
10010,synthetic_0010,2023.0,Synthetic entry: Mo-doped BiVO4 with NiCo2O4,BiVO4,Mo-doped BiVO4 with NiCo2O4,2.47,hydrothermal,nanostructured,nanostructure,NiCo2O4,,photoanode,,0.5 M Na2SO4,6.6,AM 1.5G,,98.4,1.23,295.0,4.528,,4.012,,64.18,,Yes,,[SYNTHETIC] Mo-doped BiVO4 with NiCo2O4,synthetic,https://doi.org/synthetic_0010,0
10011,synthetic_0011,2016.0,Synthetic entry: Nanoporous BiVO4 with Pt,BiVO4,Nanoporous BiVO4 with Pt,2.37,electrodeposition,nanoporous,nanoporous,Pt,,photoanode,,0.5 M Na2SO4,7.1,AM 1.5G,,98.7,1.23,299.0,5.565,,4.595,,82.02,,Yes,,[SYNTHETIC] Nanoporous BiVO4 with Pt,synthetic,https://doi.org/synthetic_0011,0
10012,synthetic_0012,2017.0,Synthetic entry: Nanoporous BiVO4 with Pt,BiVO4,Nanoporous BiVO4 with Pt,2.4,electrodeposition,nanoporous,nanoporous,Pt,,photoanode,,0.5 M Na2SO4,7.0,AM 1.5G,,101.4,1.23,301.0,7.076,,5.117,,85.54,,Yes,,[SYNTHETIC] Nanoporous BiVO4 with Pt,synthetic,https://doi.org/synthetic_0012,0
10013,synthetic_0013,2021.0,Synthetic entry: Plain BiVO4 thin film,BiVO4,Plain BiVO4 thin film,2.45,chemical bath deposition,thin film,thin film,,,photoanode,,0.1 M Na2SO4,7.1,AM 1.5G,,100.1,1.23,299.0,2.831,,3.005,,35.67,,Yes,,[SYNTHETIC] Plain BiVO4 thin film,synthetic,https://doi.org/synthetic_0013,0
10014,synthetic_0014,2022.0,Synthetic entry: Plain BiVO4 thin film,BiVO4,Plain BiVO4 thin film,2.39,chemical bath deposition,thin film,thin film,,,photoanode,,0.1 M Na2SO4,7.1,AM 1.5G,,101.9,1.23,300.0,2.049,,1.881,,27.51,,Yes,,[SYNTHETIC] Plain BiVO4 thin film,synthetic,https://doi.org/synthetic_0014,0
10015,synthetic_0015,2019.0,Synthetic entry: WO3/BiVO4 heterojunction,WO3/BiVO4,WO3/BiVO4 heterojunction,2.5,electrodeposition,bilayer,nanostructure,CoOx,,photoanode,,0.1 M KPi,7.1,AM 1.5G,,99.6,1.23,299.0,3.682,,2.876,,40.93,,Yes,,[SYNTHETIC] WO3/BiVO4 heterojunction,synthetic,https://doi.org/synthetic_0015,0
10016,synthetic_0016,2022.0,Synthetic entry: WO3/BiVO4 heterojunction,WO3/BiVO4,WO3/BiVO4 heterojunction,2.47,electrodeposition,bilayer,nanostructure,CoOx,,photoanode,,0.1 M KPi,7.2,AM 1.5G,,100.2,1.23,295.0,3.339,,2.507,,48.84,,Yes,,[SYNTHETIC] WO3/BiVO4 heterojunction,synthetic,https://doi.org/synthetic_0016,0
10017,synthetic_0017,2018.0,Synthetic entry: WO3/BiVO4 with NiOx,WO3/BiVO4,WO3/BiVO4 with NiOx,2.46,hydrothermal,bilayer,nanostructure,NiOx,,photoanode,,0.5 M Na2SO4,6.8,AM 1.5G,,98.1,1.23,300.0,3.227,,2.455,,44.83,,Yes,,[SYNTHETIC] WO3/BiVO4 with NiOx,synthetic,https://doi.org/synthetic_0017,0
10018,synthetic_0018,2015.0,Synthetic entry: WO3/BiVO4 with NiOx,WO3/BiVO4,WO3/BiVO4 with NiOx,2.54,hydrothermal,bilayer,nanostructure,NiOx,,photoanode,,0.5 M Na2SO4,6.5,AM 1.5G,,98.7,1.23,300.0,5.81,,4.886,,75.45,,Yes,,[SYNTHETIC] WO3/BiVO4 with NiOx,synthetic,https://doi.org/synthetic_0018,0
10019,synthetic_0019,2015.0,Synthetic entry: Pristine hematite nanorod,Fe2O3,Pristine hematite nanorod,2.11,hydrothermal,nanorod,nanorod,,,photoanode,,1 M NaOH,13.8,AM 1.5G,,100.0,1.23,297.0,1.17,,0.975,,13.18,,Yes,,[SYNTHETIC] Pristine hematite nanorod,synthetic,https://doi.org/synthetic_0019,0
10020,synthetic_0020,2018.0,Synthetic entry: Pristine hematite nanorod,Fe2O3,Pristine hematite nanorod,2.05,hydrothermal,nanorod,nanorod,,,photoanode,,1 M NaOH,13.5,AM 1.5G,,100.6,1.23,299.0,1.154,,1.159,,16.52,,Yes,,[SYNTHETIC] Pristine hematite nanorod,synthetic,https://doi.org/synthetic_0020,0
10021,synthetic_0021,2020.0,Synthetic entry: Hematite with IrO2 cocatalyst,Fe2O3,Hematite with IrO2 cocatalyst,2.11,hydrothermal,nanorod,nanorod,IrO2,,photoanode,,1 M NaOH,13.3,AM 1.5G,,98.2,1.23,296.0,1.45,,1.23,,19.28,,Yes,,[SYNTHETIC] Hematite with IrO2 cocatalyst,synthetic,https://doi.org/synthetic_0021,0
10022,synthetic_0022,2023.0,Synthetic entry: Hematite with IrO2 cocatalyst,Fe2O3,Hematite with IrO2 cocatalyst,2.14,hydrothermal,nanorod,nanorod,IrO2,,photoanode,,1 M NaOH,13.2,AM 1.5G,,101.7,1.23,301.0,0.903,,0.63,,17.35,,Yes,,[SYNTHETIC] Hematite with IrO2 cocatalyst,synthetic,https://doi.org/synthetic_0022,0
10023,synthetic_0023,2020.0,Synthetic entry: Ti-doped Fe2O3 with CoOx,Fe2O3,Ti-doped Fe2O3 with CoOx,2.11,spray pyrolysis,nanoparticle,nanoparticle,CoOx,,photoanode,,1 M NaOH,13.2,AM 1.5G,,101.4,1.23,299.0,2.936,,2.581,,40.14,,Yes,,[SYNTHETIC] Ti-doped Fe2O3 with CoOx,synthetic,https://doi.org/synthetic_0023,0
10024,synthetic_0024,2021.0,Synthetic entry: Ti-doped Fe2O3 with CoOx,Fe2O3,Ti-doped Fe2O3 with CoOx,2.12,spray pyrolysis,nanoparticle,nanoparticle,CoOx,,photoanode,,1 M NaOH,13.7,AM 1.5G,,99.9,1.23,298.0,0.965,,0.822,,14.92,,Yes,,[SYNTHETIC] Ti-doped Fe2O3 with CoOx,synthetic,https://doi.org/synthetic_0024,0
10025,synthetic_0025,2022.0,Synthetic entry: Fe2O3 nanotube array,Fe2O3,Fe2O3 nanotube array,2.07,anodization,nanotube,nanotube,,,photoanode,,1 M KOH,14.0,AM 1.5G,,101.8,1.23,299.0,0.68,,0.534,,10.06,,Yes,,[SYNTHETIC] Fe2O3 nanotube array,synthetic,https://doi.org/synthetic_0025,0
10026,synthetic_0026,2017.0,Synthetic entry: Fe2O3 nanotube array,Fe2O3,Fe2O3 nanotube array,2.14,anodization,nanotube,nanotube,,,photoanode,,1 M KOH,13.9,AM 1.5G,,100.8,1.23,301.0,1.39,,0.943,,20.82,,Yes,,[SYNTHETIC] Fe2O3 nanotube array,synthetic,https://doi.org/synthetic_0026,0
10027,synthetic_0027,2022.0,Synthetic entry: Dendritic alpha-Fe2O3,alpha-Fe2O3,Dendritic alpha-Fe2O3,2.1,APCVD,dendritic,nanostructure,CoFeOx,,photoanode,,1 M NaOH,13.7,AM 1.5G,,99.1,1.23,297.0,0.757,,0.757,,12.46,,Yes,,[SYNTHETIC] Dendritic alpha-Fe2O3,synthetic,https://doi.org/synthetic_0027,0
10028,synthetic_0028,2023.0,Synthetic entry: Dendritic alpha-Fe2O3,alpha-Fe2O3,Dendritic alpha-Fe2O3,2.06,APCVD,dendritic,nanostructure,CoFeOx,,photoanode,,1 M NaOH,13.7,AM 1.5G,,100.0,1.23,296.0,2.032,,1.534,,22.16,,Yes,,[SYNTHETIC] Dendritic alpha-Fe2O3,synthetic,https://doi.org/synthetic_0028,0
10029,synthetic_0029,2021.0,Synthetic entry: ALD Fe2O3 with Ga2O3 passivation,alpha-Fe2O3,ALD Fe2O3 with Ga2O3 passivation,2.09,ALD,thin film,thin film,Ga2O3,,photoanode,,1 M NaOH,13.4,AM 1.5G,,100.1,1.23,297.0,1.419,,0.994,,20.04,,Yes,,[SYNTHETIC] ALD Fe2O3 with Ga2O3 passivation,synthetic,https://doi.org/synthetic_0029,0
10030,synthetic_0030,2015.0,Synthetic entry: ALD Fe2O3 with Ga2O3 passivation,alpha-Fe2O3,ALD Fe2O3 with Ga2O3 passivation,2.07,ALD,thin film,thin film,Ga2O3,,photoanode,,1 M NaOH,13.5,AM 1.5G,,99.6,1.23,300.0,1.041,,0.857,,13.88,,Yes,,[SYNTHETIC] ALD Fe2O3 with Ga2O3 passivation,synthetic,https://doi.org/synthetic_0030,0
10031,synthetic_0031,2023.0,Synthetic entry: TiO2 nanorod in H2SO4,TiO2,TiO2 nanorod in H2SO4,3.18,hydrothermal,nanorod,nanorod,,,photoanode,,0.5 M H2SO4,0.3,AM 1.5G,,98.4,0.0,300.0,0.764,,0.852,,12.27,,Yes,,[SYNTHETIC] TiO2 nanorod in H2SO4,synthetic,https://doi.org/synthetic_0031,0
10032,synthetic_0032,2017.0,Synthetic entry: TiO2 nanorod in H2SO4,TiO2,TiO2 nanorod in H2SO4,3.21,hydrothermal,nanorod,nanorod,,,photoanode,,0.5 M H2SO4,0.6,AM 1.5G,,101.9,0.0,295.0,1.009,,1.046,,11.77,,Yes,,[SYNTHETIC] TiO2 nanorod in H2SO4,synthetic,https://doi.org/synthetic_0032,0
10033,synthetic_0033,2016.0,Synthetic entry: TiO2 nanotube with Pt,TiO2,TiO2 nanotube with Pt,3.15,anodization,nanotube,nanotube,Pt,,photoanode,,1 M NaOH,13.5,AM 1.5G,,101.4,0.0,297.0,1.981,,2.226,,25.79,,Yes,,[SYNTHETIC] TiO2 nanotube with Pt,synthetic,https://doi.org/synthetic_0033,0
10034,synthetic_0034,2015.0,Synthetic entry: TiO2 nanotube with Pt,TiO2,TiO2 nanotube with Pt,3.18,anodization,nanotube,nanotube,Pt,,photoanode,,1 M NaOH,13.5,AM 1.5G,,98.4,0.0,298.0,1.918,,2.312,,31.66,,Yes,,[SYNTHETIC] TiO2 nanotube with Pt,synthetic,https://doi.org/synthetic_0034,0
10035,synthetic_0035,2021.0,Synthetic entry: N-doped TiO2 thin film,TiO2,N-doped TiO2 thin film,3.04,sol-gel,thin film,thin film,,,photoanode,,0.5 M Na2SO4,6.8,AM 1.5G,,99.1,0.0,300.0,0.503,,0.527,,8.16,,Yes,,[SYNTHETIC] N-doped TiO2 thin film,synthetic,https://doi.org/synthetic_0035,0
10036,synthetic_0036,2017.0,Synthetic entry: N-doped TiO2 thin film,TiO2,N-doped TiO2 thin film,2.99,sol-gel,thin film,thin film,,,photoanode,,0.5 M Na2SO4,6.6,AM 1.5G,,100.7,0.0,296.0,0.219,,0.233,,2.84,,Yes,,[SYNTHETIC] N-doped TiO2 thin film,synthetic,https://doi.org/synthetic_0036,0
10037,synthetic_0037,2020.0,Synthetic entry: TiO2 nanoparticle with RuO2,TiO2,TiO2 nanoparticle with RuO2,3.2,sol-gel,nanoparticle,nanoparticle,RuO2,,photoanode,,1 M KOH,13.9,AM 1.5G,,101.4,0.0,298.0,1.432,,1.477,,17.09,,Yes,,[SYNTHETIC] TiO2 nanoparticle with RuO2,synthetic,https://doi.org/synthetic_0037,0
10038,synthetic_0038,2019.0,Synthetic entry: TiO2 nanoparticle with RuO2,TiO2,TiO2 nanoparticle with RuO2,3.17,sol-gel,nanoparticle,nanoparticle,RuO2,,photoanode,,1 M KOH,14.0,AM 1.5G,,98.5,0.0,300.0,0.661,,0.811,,10.99,,Yes,,[SYNTHETIC] TiO2 nanoparticle with RuO2,synthetic,https://doi.org/synthetic_0038,0
10039,synthetic_0039,2020.0,Synthetic entry: TiO2/Fe2O3 heterojunction,TiO2/Fe2O3,TiO2/Fe2O3 heterojunction,2.58,spray pyrolysis,bilayer,nanostructure,,,photoanode,,1 M NaOH,13.3,AM 1.5G,,100.1,1.23,298.0,2.488,,1.878,,30.93,,Yes,,[SYNTHETIC] TiO2/Fe2O3 heterojunction,synthetic,https://doi.org/synthetic_0039,0
10040,synthetic_0040,2017.0,Synthetic entry: TiO2/Fe2O3 heterojunction,TiO2/Fe2O3,TiO2/Fe2O3 heterojunction,2.56,spray pyrolysis,bilayer,nanostructure,,,photoanode,,1 M NaOH,13.3,AM 1.5G,,99.1,1.23,295.0,0.867,,0.649,,11.52,,Yes,,[SYNTHETIC] TiO2/Fe2O3 heterojunction,synthetic,https://doi.org/synthetic_0040,0
10041,synthetic_0041,2022.0,Synthetic entry: WO3 nanoplate in H2SO4,WO3,WO3 nanoplate in H2SO4,2.68,hydrothermal,nanoplate,nanoplate,,,photoanode,,0.5 M H2SO4,0.1,AM 1.5G,,98.1,1.23,296.0,2.517,,2.645,,43.44,,Yes,,[SYNTHETIC] WO3 nanoplate in H2SO4,synthetic,https://doi.org/synthetic_0041,0
10042,synthetic_0042,2019.0,Synthetic entry: WO3 nanoplate in H2SO4,WO3,WO3 nanoplate in H2SO4,2.73,hydrothermal,nanoplate,nanoplate,,,photoanode,,0.5 M H2SO4,0.5,AM 1.5G,,101.4,1.23,300.0,2.444,,2.103,,38.34,,Yes,,[SYNTHETIC] WO3 nanoplate in H2SO4,synthetic,https://doi.org/synthetic_0042,0
10043,synthetic_0043,2022.0,Synthetic entry: WO3 nanorod with RuO2,WO3,WO3 nanorod with RuO2,2.66,hydrothermal,nanorod,nanorod,RuO2,,photoanode,,0.5 M H2SO4,0.6,AM 1.5G,,101.1,1.23,296.0,5.252,,4.417,,91.25,,Yes,,[SYNTHETIC] WO3 nanorod with RuO2,synthetic,https://doi.org/synthetic_0043,0
10044,synthetic_0044,2020.0,Synthetic entry: WO3 nanorod with RuO2,WO3,WO3 nanorod with RuO2,2.66,hydrothermal,nanorod,nanorod,RuO2,,photoanode,,0.5 M H2SO4,0.2,AM 1.5G,,99.7,1.23,295.0,4.999,,4.063,,67.48,,Yes,,[SYNTHETIC] WO3 nanorod with RuO2,synthetic,https://doi.org/synthetic_0044,0
10045,synthetic_0045,2015.0,Synthetic entry: WO3 thin film in HClO4,WO3,WO3 thin film in HClO4,2.68,sputtering,thin film,thin film,,,photoanode,,1 M HClO4,0.2,AM 1.5G,,99.7,1.23,297.0,2.759,,2.354,,35.51,,Yes,,[SYNTHETIC] WO3 thin film in HClO4,synthetic,https://doi.org/synthetic_0045,0
10046,synthetic_0046,2016.0,Synthetic entry: WO3 thin film in HClO4,WO3,WO3 thin film in HClO4,2.71,sputtering,thin film,thin film,,,photoanode,,1 M HClO4,0.0,AM 1.5G,,101.3,1.23,297.0,1.704,,1.819,,32.23,,Yes,,[SYNTHETIC] WO3 thin film in HClO4,synthetic,https://doi.org/synthetic_0046,0
10047,synthetic_0047,2018.0,Synthetic entry: WO3 nanowire with Pt,WO3,WO3 nanowire with Pt,2.6,CVD,nanowire,nanowire,Pt,,photoanode,,0.1 M H2SO4,0.8,AM 1.5G,,101.3,1.23,299.0,2.997,,2.447,,36.32,,Yes,,[SYNTHETIC] WO3 nanowire with Pt,synthetic,https://doi.org/synthetic_0047,0
10048,synthetic_0048,2021.0,Synthetic entry: WO3 nanowire with Pt,WO3,WO3 nanowire with Pt,2.61,CVD,nanowire,nanowire,Pt,,photoanode,,0.1 M H2SO4,1.2,AM 1.5G,,98.3,1.23,298.0,2.706,,2.18,,35.75,,Yes,,[SYNTHETIC] WO3 nanowire with Pt,synthetic,https://doi.org/synthetic_0048,0
10049,synthetic_0049,2021.0,Synthetic entry: ZnO nanorod array,ZnO,ZnO nanorod array,3.27,hydrothermal,nanorod,nanorod,,,photoanode,,0.5 M Na2SO4,6.7,AM 1.5G,,100.4,0.0,299.0,2.289,,2.258,,30.42,,Yes,,[SYNTHETIC] ZnO nanorod array,synthetic,https://doi.org/synthetic_0049,0
10050,synthetic_0050,2019.0,Synthetic entry: ZnO nanorod array,ZnO,ZnO nanorod array,3.3,hydrothermal,nanorod,nanorod,,,photoanode,,0.5 M Na2SO4,7.1,AM 1.5G,,98.4,0.0,296.0,2.245,,2.898,,28.69,,Yes,,[SYNTHETIC] ZnO nanorod array,synthetic,https://doi.org/synthetic_0050,0
10051,synthetic_0051,2015.0,Synthetic entry: ZnO/CdS core-shell nanorod,ZnO,ZnO/CdS core-shell nanorod,3.29,CBD,nanorod,nanorod,CdS,,photoanode,,1 M NaOH,13.3,AM 1.5G,,101.6,0.0,297.0,0.843,,0.866,,10.0,,Yes,,[SYNTHETIC] ZnO/CdS core-shell nanorod,synthetic,https://doi.org/synthetic_0051,0
10052,synthetic_0052,2018.0,Synthetic entry: ZnO/CdS core-shell nanorod,ZnO,ZnO/CdS core-shell nanorod,3.26,CBD,nanorod,nanorod,CdS,,photoanode,,1 M NaOH,13.8,AM 1.5G,,101.0,0.0,300.0,1.087,,1.004,,14.89,,Yes,,[SYNTHETIC] ZnO/CdS core-shell nanorod,synthetic,https://doi.org/synthetic_0052,0
10053,synthetic_0053,2017.0,Synthetic entry: Au-decorated ZnO nanoparticle,ZnO,Au-decorated ZnO nanoparticle,3.16,chemical bath deposition,nanoparticle,nanoparticle,Au,,photoanode,,0.5 M Na2SO4,6.7,AM 1.5G,,99.0,0.0,297.0,1.453,,1.381,,21.6,,Yes,,[SYNTHETIC] Au-decorated ZnO nanoparticle,synthetic,https://doi.org/synthetic_0053,0
10054,synthetic_0054,2018.0,Synthetic entry: Au-decorated ZnO nanoparticle,ZnO,Au-decorated ZnO nanoparticle,3.23,chemical bath deposition,nanoparticle,nanoparticle,Au,,photoanode,,0.5 M Na2SO4,6.7,AM 1.5G,,100.4,0.0,301.0,1.975,,2.243,,28.89,,Yes,,[SYNTHETIC] Au-decorated ZnO nanoparticle,synthetic,https://doi.org/synthetic_0054,0
10055,synthetic_0055,2015.0,Synthetic entry: Cu2O photocathode,Cu2O,Cu2O photocathode,2.02,electrodeposition,thin film,thin film,,,photocathode,,1 M Na2SO4,7.1,AM 1.5G,,99.8,0.0,296.0,1.787,,1.821,,28.81,,Yes,,[SYNTHETIC] Cu2O photocathode,synthetic,https://doi.org/synthetic_0055,0
10056,synthetic_0056,2021.0,Synthetic entry: Cu2O photocathode,Cu2O,Cu2O photocathode,2.01,electrodeposition,thin film,thin film,,,photocathode,,1 M Na2SO4,6.9,AM 1.5G,,101.0,0.0,300.0,3.108,,3.329,,42.9,,Yes,,[SYNTHETIC] Cu2O photocathode,synthetic,https://doi.org/synthetic_0056,0
10057,synthetic_0057,2021.0,Synthetic entry: Cu2O with ALD TiO2 + Pt,Cu2O,Cu2O with ALD TiO2 + Pt,2.01,electrodeposition,thin film,thin film,Pt,,photocathode,,0.5 M Na2SO4,6.8,AM 1.5G,,98.8,0.0,297.0,4.441,,4.803,,57.26,,Yes,,[SYNTHETIC] Cu2O with ALD TiO2 + Pt,synthetic,https://doi.org/synthetic_0057,0
10058,synthetic_0058,2021.0,Synthetic entry: Cu2O with ALD TiO2 + Pt,Cu2O,Cu2O with ALD TiO2 + Pt,1.98,electrodeposition,thin film,thin film,Pt,,photocathode,,0.5 M Na2SO4,7.1,AM 1.5G,,100.8,0.0,299.0,1.799,,1.744,,21.71,,Yes,,[SYNTHETIC] Cu2O with ALD TiO2 + Pt,synthetic,https://doi.org/synthetic_0058,0
10059,synthetic_0059,2022.0,Synthetic entry: Cu2O with RuOx protection,Cu2O,Cu2O with RuOx protection,1.95,electrodeposition,nanostructured,nanostructure,RuOx,,photocathode,,1 M KOH,14.0,AM 1.5G,,101.8,0.0,300.0,0.938,,0.971,,12.61,,Yes,,[SYNTHETIC] Cu2O with RuOx protection,synthetic,https://doi.org/synthetic_0059,0
10060,synthetic_0060,2019.0,Synthetic entry: Cu2O with RuOx protection,Cu2O,Cu2O with RuOx protection,2.01,electrodeposition,nanostructured,nanostructure,RuOx,,photocathode,,1 M KOH,14.0,AM 1.5G,,102.0,0.0,295.0,2.18,,2.091,,27.89,,Yes,,[SYNTHETIC] Cu2O with RuOx protection,synthetic,https://doi.org/synthetic_0060,0
10061,synthetic_0061,2018.0,Synthetic entry: GaN nanowire with Pt,GaN,GaN nanowire with Pt,3.43,MBE,nanowire,nanowire,Pt,,photoanode,,0.5 M H2SO4,0.3,AM 1.5G,,101.7,0.0,295.0,7.269,,6.625,,80.26,,Yes,,[SYNTHETIC] GaN nanowire with Pt,synthetic,https://doi.org/synthetic_0061,0
10062,synthetic_0062,2023.0,Synthetic entry: GaN nanowire with Pt,GaN,GaN nanowire with Pt,3.37,MBE,nanowire,nanowire,Pt,,photoanode,,0.5 M H2SO4,0.3,AM 1.5G,,100.0,0.0,298.0,7.716,,8.356,,91.67,,Yes,,[SYNTHETIC] GaN nanowire with Pt,synthetic,https://doi.org/synthetic_0062,0
10063,synthetic_0063,2015.0,Synthetic entry: InGaN nanowire with Rh/Cr2O3 cocatalyst,GaN,InGaN nanowire with Rh/Cr2O3 cocatalyst,3.44,MOCVD,nanostructured,nanostructure,RuO2,,photoanode,,1 M HBr,0.4,AM 1.5G,,100.3,0.0,295.0,17.657,,15.91,,267.01,,Yes,,[SYNTHETIC] InGaN nanowire with Rh/Cr2O3 cocatalyst,synthetic,https://doi.org/synthetic_0063,0
10064,synthetic_0064,2021.0,Synthetic entry: InGaN nanowire with Rh/Cr2O3 cocatalyst,GaN,InGaN nanowire with Rh/Cr2O3 cocatalyst,3.44,MOCVD,nanostructured,nanostructure,RuO2,,photoanode,,1 M HBr,0.7,AM 1.5G,,98.4,0.0,295.0,8.93,,8.998,,114.86,,Yes,,[SYNTHETIC] InGaN nanowire with Rh/Cr2O3 cocatalyst,synthetic,https://doi.org/synthetic_0064,0
10065,synthetic_0065,2015.0,Synthetic entry: GaN nanowire WxS1-x passivation,GaN,GaN nanowire WxS1-x passivation,3.43,MBE,nanowire,nanowire,NiCoOx,,photoanode,,0.5 M H2SO4,0.3,AM 1.5G,,100.0,0.0,301.0,14.262,,14.491,,163.44,,Yes,,[SYNTHETIC] GaN nanowire WxS1-x passivation,synthetic,https://doi.org/synthetic_0065,0
10066,synthetic_0066,2022.0,Synthetic entry: GaN nanowire WxS1-x passivation,GaN,GaN nanowire WxS1-x passivation,3.42,MBE,nanowire,nanowire,NiCoOx,,photoanode,,0.5 M H2SO4,0.2,AM 1.5G,,99.7,0.0,297.0,16.652,,17.764,,211.4,,Yes,,[SYNTHETIC] GaN nanowire WxS1-x passivation,synthetic,https://doi.org/synthetic_0066,0
10067,synthetic_0067,2018.0,Synthetic entry: Ta3N5 with CoOx cocatalyst,Ta3N5,Ta3N5 with CoOx cocatalyst,2.09,nitridation,thin film,thin film,CoOx,,photoanode,,1 M KOH,13.8,AM 1.5G,,101.5,1.0,299.0,0.726,,0.536,,11.38,,Yes,,[SYNTHETIC] Ta3N5 with CoOx cocatalyst,synthetic,https://doi.org/synthetic_0067,0
10068,synthetic_0068,2016.0,Synthetic entry: Ta3N5 with CoOx cocatalyst,Ta3N5,Ta3N5 with CoOx cocatalyst,2.05,nitridation,thin film,thin film,CoOx,,photoanode,,1 M KOH,14.0,AM 1.5G,,101.9,1.0,295.0,0.315,,0.274,,5.03,,Yes,,[SYNTHETIC] Ta3N5 with CoOx cocatalyst,synthetic,https://doi.org/synthetic_0068,0
10069,synthetic_0069,2016.0,Synthetic entry: Ta3N5 nanorod with IrO2,Ta3N5,Ta3N5 nanorod with IrO2,2.05,hydrothermal+nitridation,nanorod,nanorod,IrO2,,photoanode,,1 M KOH,14.0,AM 1.5G,,102.0,1.0,297.0,1.578,,1.085,,23.9,,Yes,,[SYNTHETIC] Ta3N5 nanorod with IrO2,synthetic,https://doi.org/synthetic_0069,0
10070,synthetic_0070,2022.0,Synthetic entry: Ta3N5 nanorod with IrO2,Ta3N5,Ta3N5 nanorod with IrO2,2.14,hydrothermal+nitridation,nanorod,nanorod,IrO2,,photoanode,,1 M KOH,14.0,AM 1.5G,,99.0,1.0,298.0,2.759,,2.132,,49.71,,Yes,,[SYNTHETIC] Ta3N5 nanorod with IrO2,synthetic,https://doi.org/synthetic_0070,0
10071,synthetic_0071,2021.0,Synthetic entry: Ta3N5 with Ni(OH)2,Ta3N5,Ta3N5 with Ni(OH)2,2.09,nitridation,nanoparticle,nanoparticle,Ni(OH)2,,photoanode,,1 M KOH,14.0,AM 1.5G,,99.9,1.0,296.0,2.447,,1.879,,31.38,,Yes,,[SYNTHETIC] Ta3N5 with Ni(OH)2,synthetic,https://doi.org/synthetic_0071,0
10072,synthetic_0072,2016.0,Synthetic entry: Ta3N5 with Ni(OH)2,Ta3N5,Ta3N5 with Ni(OH)2,2.13,nitridation,nanoparticle,nanoparticle,Ni(OH)2,,photoanode,,1 M KOH,13.8,AM 1.5G,,101.6,1.0,299.0,0.816,,0.581,,13.26,,Yes,,[SYNTHETIC] Ta3N5 with Ni(OH)2,synthetic,https://doi.org/synthetic_0072,0
10073,synthetic_0073,2021.0,Synthetic entry: n+p-Si with Pt nanoparticle,Silicon,n+p-Si with Pt nanoparticle,1.12,wet etching,nanowire,nanostructure,Pt,,photocathode,,0.5 M H2SO4,0.4,AM 1.5G,,99.3,0.0,299.0,26.564,,30.0,,406.0,,Yes,,[SYNTHETIC] n+p-Si with Pt nanoparticle,synthetic,https://doi.org/synthetic_0073,0
10074,synthetic_0074,2021.0,Synthetic entry: n+p-Si with Pt nanoparticle,Silicon,n+p-Si with Pt nanoparticle,1.07,wet etching,nanowire,nanostructure,Pt,,photocathode,,0.5 M H2SO4,0.1,AM 1.5G,,100.2,0.0,298.0,29.953,,30.0,,422.24,,Yes,,[SYNTHETIC] n+p-Si with Pt nanoparticle,synthetic,https://doi.org/synthetic_0074,0
10075,synthetic_0075,2015.0,Synthetic entry: n-Si with MoS2 electrocatalyst,n-Si,n-Si with MoS2 electrocatalyst,1.12,chemical etching,nanostructured,nanostructure,MoS2,,photocathode,,0.5 M H2SO4,0.4,AM 1.5G,,100.6,0.0,300.0,17.948,,19.73,,245.71,,Yes,,[SYNTHETIC] n-Si with MoS2 electrocatalyst,synthetic,https://doi.org/synthetic_0075,0
10076,synthetic_0076,2017.0,Synthetic entry: n-Si with MoS2 electrocatalyst,n-Si,n-Si with MoS2 electrocatalyst,1.14,chemical etching,nanostructured,nanostructure,MoS2,,photocathode,,0.5 M H2SO4,0.4,AM 1.5G,,98.4,0.0,299.0,16.966,,17.623,,287.64,,Yes,,[SYNTHETIC] n-Si with MoS2 electrocatalyst,synthetic,https://doi.org/synthetic_0076,0
10077,synthetic_0077,2018.0,Synthetic entry: a-Si:H tandem with CoP,a-Si,a-Si:H tandem with CoP,1.68,PECVD,thin film,thin film,CoP,,photocathode,,0.1 M H2SO4,1.0,AM 1.5G,,101.5,0.0,299.0,12.688,,13.088,,133.55,,Yes,,[SYNTHETIC] a-Si:H tandem with CoP,synthetic,https://doi.org/synthetic_0077,0
10078,synthetic_0078,2016.0,Synthetic entry: a-Si:H tandem with CoP,a-Si,a-Si:H tandem with CoP,1.74,PECVD,thin film,thin film,CoP,,photocathode,,0.1 M H2SO4,1.0,AM 1.5G,,98.9,0.0,296.0,9.854,,10.657,,143.67,,Yes,,[SYNTHETIC] a-Si:H tandem with CoP,synthetic,https://doi.org/synthetic_0078,0
10079,synthetic_0079,2023.0,Synthetic entry: g-C3N4 film,g-C3N4,g-C3N4 film,2.66,thermal condensation,thin film,thin film,,,photoanode,,0.1 M Na2SO4,6.9,AM 1.5G,,101.8,0.0,297.0,0.822,,0.808,,14.01,,Yes,,[SYNTHETIC] g-C3N4 film,synthetic,https://doi.org/synthetic_0079,0
10080,synthetic_0080,2019.0,Synthetic entry: g-C3N4 film,g-C3N4,g-C3N4 film,2.73,thermal condensation,thin film,thin film,,,photoanode,,0.1 M Na2SO4,6.8,AM 1.5G,,98.1,0.0,299.0,0.291,,0.371,,3.37,,Yes,,[SYNTHETIC] g-C3N4 film,synthetic,https://doi.org/synthetic_0080,0
10081,synthetic_0081,2017.0,Synthetic entry: g-C3N4 nanosheets with Pt,g-C3N4,g-C3N4 nanosheets with Pt,2.74,exfoliation,nanosheets,nanostructure,Pt,,photoanode,,0.5 M Na2SO4,6.8,AM 1.5G,,100.6,0.0,298.0,1.899,,1.845,,20.99,,Yes,,[SYNTHETIC] g-C3N4 nanosheets with Pt,synthetic,https://doi.org/synthetic_0081,0
10082,synthetic_0082,2022.0,Synthetic entry: g-C3N4 nanosheets with Pt,g-C3N4,g-C3N4 nanosheets with Pt,2.67,exfoliation,nanosheets,nanostructure,Pt,,photoanode,,0.5 M Na2SO4,6.8,AM 1.5G,,98.9,0.0,296.0,0.548,,0.587,,9.19,,Yes,,[SYNTHETIC] g-C3N4 nanosheets with Pt,synthetic,https://doi.org/synthetic_0082,0
10083,synthetic_0083,2015.0,Synthetic entry: g-C3N4/ZnO heterostructure,g-C3N4/ZnO,g-C3N4/ZnO heterostructure,2.84,hydrothermal,nanocomposite,nanocomposite,,,photoanode,,0.5 M Na2SO4,7.0,AM 1.5G,,101.3,0.0,299.0,0.802,,0.889,,11.12,,Yes,,[SYNTHETIC] g-C3N4/ZnO heterostructure,synthetic,https://doi.org/synthetic_0083,0
10084,synthetic_0084,2023.0,Synthetic entry: g-C3N4/ZnO heterostructure,g-C3N4/ZnO,g-C3N4/ZnO heterostructure,2.83,hydrothermal,nanocomposite,nanocomposite,,,photoanode,,0.5 M Na2SO4,6.7,AM 1.5G,,98.0,0.0,298.0,1.671,,1.8,,21.05,,Yes,,[SYNTHETIC] g-C3N4/ZnO heterostructure,synthetic,https://doi.org/synthetic_0084,0
10085,synthetic_0085,2021.0,Synthetic entry: BiFeO3 thin film,BiFeO3,BiFeO3 thin film,2.49,sol-gel,thin film,thin film,,,photoanode,,0.5 M Na2SO4,7.1,AM 1.5G,,98.7,1.23,297.0,0.469,,0.376,,7.01,,Yes,,[SYNTHETIC] BiFeO3 thin film,synthetic,https://doi.org/synthetic_0085,0
10086,synthetic_0086,2023.0,Synthetic entry: BiFeO3 thin film,BiFeO3,BiFeO3 thin film,2.52,sol-gel,thin film,thin film,,,photoanode,,0.5 M Na2SO4,6.5,AM 1.5G,,99.0,1.23,298.0,0.3,,0.212,,4.95,,Yes,,[SYNTHETIC] BiFeO3 thin film,synthetic,https://doi.org/synthetic_0086,0
10087,synthetic_0087,2020.0,Synthetic entry: BaTiO3/Cu2O heterojunction,BaTiO3/Cu2O,BaTiO3/Cu2O heterojunction,3.11,co-precipitation,nanocomposite,nanocomposite,,,photoanode,,0.1 M Na2SO4,6.7,AM 1.5G,,98.2,1.23,296.0,0.307,,0.309,,3.51,,Yes,,[SYNTHETIC] BaTiO3/Cu2O heterojunction,synthetic,https://doi.org/synthetic_0087,0
10088,synthetic_0088,2021.0,Synthetic entry: BaTiO3/Cu2O heterojunction,BaTiO3/Cu2O,BaTiO3/Cu2O heterojunction,3.1,co-precipitation,nanocomposite,nanocomposite,,,photoanode,,0.1 M Na2SO4,6.9,AM 1.5G,,100.8,1.23,300.0,0.431,,0.329,,5.28,,Yes,,[SYNTHETIC] BaTiO3/Cu2O heterojunction,synthetic,https://doi.org/synthetic_0088,0
10089,synthetic_0089,2020.0,Synthetic entry: CuO nanorod photocathode,CuO,CuO nanorod photocathode,1.47,hydrothermal,nanorod,nanorod,,,photocathode,,1 M NaOH,13.2,AM 1.5G,,99.8,0.0,297.0,0.3,,0.289,,4.41,,Yes,,[SYNTHETIC] CuO nanorod photocathode,synthetic,https://doi.org/synthetic_0089,0
10090,synthetic_0090,2023.0,Synthetic entry: CuO nanorod photocathode,CuO,CuO nanorod photocathode,1.46,hydrothermal,nanorod,nanorod,,,photocathode,,1 M NaOH,13.4,AM 1.5G,,101.7,0.0,296.0,1.048,,1.145,,17.84,,Yes,,[SYNTHETIC] CuO nanorod photocathode,synthetic,https://doi.org/synthetic_0090,0
10091,synthetic_0091,2017.0,Synthetic entry: CuO with Pt cocatalyst,CuO,CuO with Pt cocatalyst,1.5,chemical bath deposition,nanoparticle,nanoparticle,Pt,,photocathode,,0.5 M Na2SO4,7.0,AM 1.5G,,98.1,0.0,296.0,1.835,,1.963,,27.48,,Yes,,[SYNTHETIC] CuO with Pt cocatalyst,synthetic,https://doi.org/synthetic_0091,0
10092,synthetic_0092,2022.0,Synthetic entry: CuO with Pt cocatalyst,CuO,CuO with Pt cocatalyst,1.5,chemical bath deposition,nanoparticle,nanoparticle,Pt,,photocathode,,0.5 M Na2SO4,7.0,AM 1.5G,,99.1,0.0,298.0,2.139,,2.233,,38.82,,Yes,,[SYNTHETIC] CuO with Pt cocatalyst,synthetic,https://doi.org/synthetic_0092,0
10093,synthetic_0093,2021.0,Synthetic entry: Fe2TiO5 pseudobrookite,Fe2TiO5,Fe2TiO5 pseudobrookite,2.25,hydrothermal,nanostructured,nanostructure,,,photoanode,,1 M NaOH,13.3,AM 1.5G,,101.7,1.23,298.0,0.902,,0.745,,11.49,,Yes,,[SYNTHETIC] Fe2TiO5 pseudobrookite,synthetic,https://doi.org/synthetic_0093,0
10094,synthetic_0094,2017.0,Synthetic entry: Fe2TiO5 pseudobrookite,Fe2TiO5,Fe2TiO5 pseudobrookite,2.2,hydrothermal,nanostructured,nanostructure,,,photoanode,,1 M NaOH,13.7,AM 1.5G,,100.5,1.23,298.0,0.266,,0.22,,3.6,,Yes,,[SYNTHETIC] Fe2TiO5 pseudobrookite,synthetic,https://doi.org/synthetic_0094,0
10095,synthetic_0095,2015.0,Synthetic entry: ZnFe2O4 spinel,ZnFe2O4,ZnFe2O4 spinel,2.02,co-precipitation,nanoparticle,nanoparticle,,,photoanode,,1 M NaOH,13.7,AM 1.5G,,100.3,1.23,300.0,0.239,,0.198,,4.08,,Yes,,[SYNTHETIC] ZnFe2O4 spinel,synthetic,https://doi.org/synthetic_0095,0
10096,synthetic_0096,2020.0,Synthetic entry: ZnFe2O4 spinel,ZnFe2O4,ZnFe2O4 spinel,2.05,co-precipitation,nanoparticle,nanoparticle,,,photoanode,,1 M NaOH,13.5,AM 1.5G,,101.3,1.23,299.0,0.692,,0.616,,9.68,,Yes,,[SYNTHETIC] ZnFe2O4 spinel,synthetic,https://doi.org/synthetic_0096,0
10097,synthetic_0097,2020.0,Synthetic entry: WO3/BiVO4 with dual FeOOH/NiOOH,WO3/BiVO4,WO3/BiVO4 with dual FeOOH/NiOOH,2.47,electrodeposition,bilayer,bilayer,FeOOH/NiOOH,,photoanode,,0.5 M H2SO4,0.5,AM 1.5G,,99.6,1.23,297.0,2.871,,2.209,,51.68,,Yes,,[SYNTHETIC] WO3/BiVO4 with dual FeOOH/NiOOH,synthetic,https://doi.org/synthetic_0097,0
10098,synthetic_0098,2015.0,Synthetic entry: WO3/BiVO4 with dual FeOOH/NiOOH,WO3/BiVO4,WO3/BiVO4 with dual FeOOH/NiOOH,2.5,electrodeposition,bilayer,bilayer,FeOOH/NiOOH,,photoanode,,0.5 M H2SO4,0.4,AM 1.5G,,99.8,1.23,297.0,4.512,,3.896,,64.77,,Yes,,[SYNTHETIC] WO3/BiVO4 with dual FeOOH/NiOOH,synthetic,https://doi.org/synthetic_0098,0
10099,synthetic_0099,2018.0,Synthetic entry: CuInS2 photocathode,CuInS2,CuInS2 photocathode,1.52,electrodeposition,thin film,thin film,Pt,,photocathode,,0.5 M H2SO4,0.2,AM 1.5G,,101.2,0.0,300.0,15.632,,15.118,,215.63,,Yes,,[SYNTHETIC] CuInS2 photocathode,synthetic,https://doi.org/synthetic_0099,0
10100,synthetic_0100,2017.0,Synthetic entry: CuInS2 photocathode,CuInS2,CuInS2 photocathode,1.48,electrodeposition,thin film,thin film,Pt,,photocathode,,0.5 M H2SO4,0.3,AM 1.5G,,101.8,0.0,297.0,13.728,,17.011,,213.3,,Yes,,[SYNTHETIC] CuInS2 photocathode,synthetic,https://doi.org/synthetic_0100,0
10101,synthetic_0101,2015.0,Synthetic entry: CdTe photocathode,CdTe,CdTe photocathode,1.45,CBD,thin film,thin film,Pt,,photocathode,,0.5 M H2SO4,0.2,AM 1.5G,,101.5,0.0,299.0,19.475,,20.223,,337.16,,Yes,,[SYNTHETIC] CdTe photocathode,synthetic,https://doi.org/synthetic_0101,0
10102,synthetic_0102,2019.0,Synthetic entry: CdTe photocathode,CdTe,CdTe photocathode,1.47,CBD,thin film,thin film,Pt,,photocathode,,0.5 M H2SO4,0.1,AM 1.5G,,100.6,0.0,301.0,20.495,,19.409,,269.31,,Yes,,[SYNTHETIC] CdTe photocathode,synthetic,https://doi.org/synthetic_0102,0
10103,synthetic_0103,2018.0,Synthetic entry: CuGaSe2 photocathode,CuGaSe2,CuGaSe2 photocathode,1.7,co-evaporation,thin film,thin film,Pt,,photocathode,,0.1 M H2SO4,1.3,AM 1.5G,,98.0,0.0,298.0,5.038,,5.757,,66.55,,Yes,,[SYNTHETIC] CuGaSe2 photocathode,synthetic,https://doi.org/synthetic_0103,0
10104,synthetic_0104,2016.0,Synthetic entry: CuGaSe2 photocathode,CuGaSe2,CuGaSe2 photocathode,1.73,co-evaporation,thin film,thin film,Pt,,photocathode,,0.1 M H2SO4,0.8,AM 1.5G,,99.6,0.0,300.0,9.667,,8.673,,137.43,,Yes,,[SYNTHETIC] CuGaSe2 photocathode,synthetic,https://doi.org/synthetic_0104,0
10105,synthetic_0105,2016.0,Synthetic entry: BiOI nanoplate,BiOI,BiOI nanoplate,1.85,solvothermal,nanoplate,nanoplate,,,photoanode,,0.1 M Na2SO4,6.6,AM 1.5G,,100.1,1.23,299.0,1.044,,0.867,,16.07,,Yes,,[SYNTHETIC] BiOI nanoplate,synthetic,https://doi.org/synthetic_0105,0
10106,synthetic_0106,2021.0,Synthetic entry: BiOI nanoplate,BiOI,BiOI nanoplate,1.88,solvothermal,nanoplate,nanoplate,,,photoanode,,0.1 M Na2SO4,6.6,AM 1.5G,,98.7,1.23,298.0,1.221,,0.815,,21.0,,Yes,,[SYNTHETIC] BiOI nanoplate,synthetic,https://doi.org/synthetic_0106,0
10107,synthetic_0107,2020.0,Synthetic entry: Bi2MoO6 nanoplate,Bi2MoO6,Bi2MoO6 nanoplate,2.74,hydrothermal,nanoplate,nanoplate,,,photoanode,,0.5 M Na2SO4,7.0,AM 1.5G,,101.5,1.23,299.0,0.157,,0.143,,2.66,,Yes,,[SYNTHETIC] Bi2MoO6 nanoplate,synthetic,https://doi.org/synthetic_0107,0
10108,synthetic_0108,2015.0,Synthetic entry: Bi2MoO6 nanoplate,Bi2MoO6,Bi2MoO6 nanoplate,2.66,hydrothermal,nanoplate,nanoplate,,,photoanode,,0.5 M Na2SO4,7.1,AM 1.5G,,99.8,1.23,299.0,0.321,,0.342,,4.21,,Yes,,[SYNTHETIC] Bi2MoO6 nanoplate,synthetic,https://doi.org/synthetic_0108,0
10109,synthetic_0109,2022.0,Synthetic entry: BiVO4 Mo-doped with FeOOH,BiVO4,BiVO4 Mo-doped with FeOOH,2.35,electrodeposition,nanoparticle,nanoparticle,FeOOH,,photoanode,,0.5 M Na2SO4,7.0,AM 1.5G,,99.4,1.23,299.0,4.662,,3.907,,51.08,,Yes,,[SYNTHETIC] BiVO4 Mo-doped with FeOOH,synthetic,https://doi.org/synthetic_0109,0
10110,synthetic_0110,2015.0,Synthetic entry: BiVO4 Mo-doped with NiOOH,BiVO4,BiVO4 Mo-doped with NiOOH,2.39,electrodeposition,nanoparticle,nanoparticle,NiOOH,,photoanode,,0.5 M Na2SO4,6.6,AM 1.5G,,100.8,1.23,299.0,3.913,,3.635,,57.93,,Yes,,[SYNTHETIC] BiVO4 Mo-doped with NiOOH,synthetic,https://doi.org/synthetic_0110,0
10111,synthetic_0111,2018.0,Synthetic entry: BiVO4 Mo-doped with CoOx,BiVO4,BiVO4 Mo-doped with CoOx,2.42,electrodeposition,nanoparticle,nanoparticle,CoOx,,photoanode,,0.5 M Na2SO4,7.1,AM 1.5G,,101.4,1.23,298.0,2.225,,1.946,,37.01,,Yes,,[SYNTHETIC] BiVO4 Mo-doped with CoOx,synthetic,https://doi.org/synthetic_0111,0
10112,synthetic_0112,2023.0,Synthetic entry: BiVO4 Mo-doped with None,BiVO4,BiVO4 Mo-doped with None,2.36,electrodeposition,nanoparticle,nanoparticle,,,photoanode,,0.5 M Na2SO4,6.9,AM 1.5G,,98.5,1.23,296.0,3.477,,2.921,,39.61,,Yes,,[SYNTHETIC] BiVO4 Mo-doped with None,synthetic,https://doi.org/synthetic_0112,0
10113,synthetic_0113,2015.0,Synthetic entry: BiVO4 W-doped with FeOOH,BiVO4,BiVO4 W-doped with FeOOH,2.49,electrodeposition,nanoparticle,nanoparticle,FeOOH,,photoanode,,0.5 M Na2SO4,6.9,AM 1.5G,,98.2,1.23,295.0,1.635,,1.418,,24.26,,Yes,,[SYNTHETIC] BiVO4 W-doped with FeOOH,synthetic,https://doi.org/synthetic_0113,0
10114,synthetic_0114,2023.0,Synthetic entry: BiVO4 W-doped with NiOOH,BiVO4,BiVO4 W-doped with NiOOH,2.47,electrodeposition,nanoparticle,nanoparticle,NiOOH,,photoanode,,0.5 M Na2SO4,6.5,AM 1.5G,,101.8,1.23,301.0,2.363,,2.191,,32.06,,Yes,,[SYNTHETIC] BiVO4 W-doped with NiOOH,synthetic,https://doi.org/synthetic_0114,0
10115,synthetic_0115,2019.0,Synthetic entry: BiVO4 W-doped with CoOx,BiVO4,BiVO4 W-doped with CoOx,2.42,electrodeposition,nanoparticle,nanoparticle,CoOx,,photoanode,,0.5 M Na2SO4,6.8,AM 1.5G,,99.9,1.23,300.0,3.709,,3.528,,54.06,,Yes,,[SYNTHETIC] BiVO4 W-doped with CoOx,synthetic,https://doi.org/synthetic_0115,0
10116,synthetic_0116,2018.0,Synthetic entry: BiVO4 W-doped with None,BiVO4,BiVO4 W-doped with None,2.48,electrodeposition,nanoparticle,nanoparticle,,,photoanode,,0.5 M Na2SO4,6.8,AM 1.5G,,99.8,1.23,296.0,1.637,,1.254,,18.62,,Yes,,[SYNTHETIC] BiVO4 W-doped with None,synthetic,https://doi.org/synthetic_0116,0
10117,synthetic_0117,2023.0,Synthetic entry: BiVO4 Co-doped with FeOOH,BiVO4,BiVO4 Co-doped with FeOOH,2.39,electrodeposition,nanoparticle,nanoparticle,FeOOH,,photoanode,,0.5 M Na2SO4,6.7,AM 1.5G,,99.7,1.23,300.0,2.919,,2.423,,52.49,,Yes,,[SYNTHETIC] BiVO4 Co-doped with FeOOH,synthetic,https://doi.org/synthetic_0117,0
10118,synthetic_0118,2018.0,Synthetic entry: BiVO4 Co-doped with NiOOH,BiVO4,BiVO4 Co-doped with NiOOH,2.4,electrodeposition,nanoparticle,nanoparticle,NiOOH,,photoanode,,0.5 M Na2SO4,6.7,AM 1.5G,,100.1,1.23,297.0,2.869,,2.022,,33.67,,Yes,,[SYNTHETIC] BiVO4 Co-doped with NiOOH,synthetic,https://doi.org/synthetic_0118,0
10119,synthetic_0119,2016.0,Synthetic entry: BiVO4 Co-doped with CoOx,BiVO4,BiVO4 Co-doped with CoOx,2.44,electrodeposition,nanoparticle,nanoparticle,CoOx,,photoanode,,0.5 M Na2SO4,6.5,AM 1.5G,,100.5,1.23,298.0,2.392,,1.563,,26.66,,Yes,,[SYNTHETIC] BiVO4 Co-doped with CoOx,synthetic,https://doi.org/synthetic_0119,0
10120,synthetic_0120,2017.0,Synthetic entry: BiVO4 Co-doped with None,BiVO4,BiVO4 Co-doped with None,2.4,electrodeposition,nanoparticle,nanoparticle,,,photoanode,,0.5 M Na2SO4,6.5,AM 1.5G,,98.6,1.23,296.0,2.003,,1.738,,27.6,,Yes,,[SYNTHETIC] BiVO4 Co-doped with None,synthetic,https://doi.org/synthetic_0120,0
10121,synthetic_0121,2021.0,Synthetic entry: BiVO4 Sn-doped with FeOOH,BiVO4,BiVO4 Sn-doped with FeOOH,2.46,electrodeposition,nanoparticle,nanoparticle,FeOOH,,photoanode,,0.5 M Na2SO4,6.6,AM 1.5G,,98.5,1.23,296.0,1.853,,1.991,,31.39,,Yes,,[SYNTHETIC] BiVO4 Sn-doped with FeOOH,synthetic,https://doi.org/synthetic_0121,0
10122,synthetic_0122,2015.0,Synthetic entry: BiVO4 Sn-doped with NiOOH,BiVO4,BiVO4 Sn-doped with NiOOH,2.39,electrodeposition,nanoparticle,nanoparticle,NiOOH,,photoanode,,0.5 M Na2SO4,6.9,AM 1.5G,,99.7,1.23,297.0,3.944,,3.809,,67.74,,Yes,,[SYNTHETIC] BiVO4 Sn-doped with NiOOH,synthetic,https://doi.org/synthetic_0122,0
10123,synthetic_0123,2016.0,Synthetic entry: BiVO4 Sn-doped with CoOx,BiVO4,BiVO4 Sn-doped with CoOx,2.47,electrodeposition,nanoparticle,nanoparticle,CoOx,,photoanode,,0.5 M Na2SO4,6.5,AM 1.5G,,101.7,1.23,298.0,3.227,,2.805,,49.3,,Yes,,[SYNTHETIC] BiVO4 Sn-doped with CoOx,synthetic,https://doi.org/synthetic_0123,0
10124,synthetic_0124,2019.0,Synthetic entry: BiVO4 Sn-doped with None,BiVO4,BiVO4 Sn-doped with None,2.39,electrodeposition,nanoparticle,nanoparticle,,,photoanode,,0.5 M Na2SO4,7.0,AM 1.5G,,98.1,1.23,299.0,2.141,,2.101,,27.29,,Yes,,[SYNTHETIC] BiVO4 Sn-doped with None,synthetic,https://doi.org/synthetic_0124,0
10125,synthetic_0125,2021.0,Synthetic entry: BiVO4 Nb-doped with FeOOH,BiVO4,BiVO4 Nb-doped with FeOOH,2.44,electrodeposition,nanoparticle,nanoparticle,FeOOH,,photoanode,,0.5 M Na2SO4,6.9,AM 1.5G,,100.4,1.23,297.0,2.168,,2.047,,27.6,,Yes,,[SYNTHETIC] BiVO4 Nb-doped with FeOOH,synthetic,https://doi.org/synthetic_0125,0
10126,synthetic_0126,2022.0,Synthetic entry: BiVO4 Nb-doped with NiOOH,BiVO4,BiVO4 Nb-doped with NiOOH,2.43,electrodeposition,nanoparticle,nanoparticle,NiOOH,,photoanode,,0.5 M Na2SO4,6.7,AM 1.5G,,98.3,1.23,296.0,3.867,,2.886,,52.56,,Yes,,[SYNTHETIC] BiVO4 Nb-doped with NiOOH,synthetic,https://doi.org/synthetic_0126,0
10127,synthetic_0127,2016.0,Synthetic entry: BiVO4 Nb-doped with CoOx,BiVO4,BiVO4 Nb-doped with CoOx,2.41,electrodeposition,nanoparticle,nanoparticle,CoOx,,photoanode,,0.5 M Na2SO4,6.8,AM 1.5G,,99.3,1.23,300.0,2.472,,2.718,,32.13,,Yes,,[SYNTHETIC] BiVO4 Nb-doped with CoOx,synthetic,https://doi.org/synthetic_0127,0
10128,synthetic_0128,2016.0,Synthetic entry: BiVO4 Nb-doped with None,BiVO4,BiVO4 Nb-doped with None,2.43,electrodeposition,nanoparticle,nanoparticle,,,photoanode,,0.5 M Na2SO4,6.7,AM 1.5G,,98.6,1.23,295.0,4.557,,3.785,,83.1,,Yes,,[SYNTHETIC] BiVO4 Nb-doped with None,synthetic,https://doi.org/synthetic_0128,0
10129,synthetic_0129,2016.0,Synthetic entry: BiVO4 Zr-doped with FeOOH,BiVO4,BiVO4 Zr-doped with FeOOH,2.42,electrodeposition,nanoparticle,nanoparticle,FeOOH,,photoanode,,0.5 M Na2SO4,6.7,AM 1.5G,,100.2,1.23,297.0,1.732,,1.366,,21.28,,Yes,,[SYNTHETIC] BiVO4 Zr-doped with FeOOH,synthetic,https://doi.org/synthetic_0129,0
10130,synthetic_0130,2020.0,Synthetic entry: BiVO4 Zr-doped with NiOOH,BiVO4,BiVO4 Zr-doped with NiOOH,2.45,electrodeposition,nanoparticle,nanoparticle,NiOOH,,photoanode,,0.5 M Na2SO4,6.8,AM 1.5G,,101.3,1.23,299.0,1.795,,1.72,,31.15,,Yes,,[SYNTHETIC] BiVO4 Zr-doped with NiOOH,synthetic,https://doi.org/synthetic_0130,0
10131,synthetic_0131,2020.0,Synthetic entry: BiVO4 Zr-doped with CoOx,BiVO4,BiVO4 Zr-doped with CoOx,2.37,electrodeposition,nanoparticle,nanoparticle,CoOx,,photoanode,,0.5 M Na2SO4,6.9,AM 1.5G,,98.3,1.23,296.0,2.14,,1.533,,26.86,,Yes,,[SYNTHETIC] BiVO4 Zr-doped with CoOx,synthetic,https://doi.org/synthetic_0131,0
10132,synthetic_0132,2022.0,Synthetic entry: BiVO4 Zr-doped with None,BiVO4,BiVO4 Zr-doped with None,2.39,electrodeposition,nanoparticle,nanoparticle,,,photoanode,,0.5 M Na2SO4,6.8,AM 1.5G,,100.3,1.23,298.0,3.39,,2.96,,53.83,,Yes,,[SYNTHETIC] BiVO4 Zr-doped with None,synthetic,https://doi.org/synthetic_0132,0
10133,synthetic_0133,2021.0,Synthetic entry: Fe2O3 Ti-doped with CoOx,Fe2O3,Fe2O3 Ti-doped with CoOx,2.11,spray pyrolysis,nanorod,nanorod,CoOx,,photoanode,,1 M NaOH,13.3,AM 1.5G,,101.0,1.23,296.0,2.158,,2.086,,23.11,,Yes,,[SYNTHETIC] Fe2O3 Ti-doped with CoOx,synthetic,https://doi.org/synthetic_0133,0
10134,synthetic_0134,2021.0,Synthetic entry: Fe2O3 Ti-doped with IrO2,Fe2O3,Fe2O3 Ti-doped with IrO2,2.14,spray pyrolysis,nanorod,nanorod,IrO2,,photoanode,,1 M NaOH,13.7,AM 1.5G,,100.8,1.23,297.0,1.086,,1.083,,12.26,,Yes,,[SYNTHETIC] Fe2O3 Ti-doped with IrO2,synthetic,https://doi.org/synthetic_0134,0
10135,synthetic_0135,2015.0,Synthetic entry: Fe2O3 Ti-doped with None,Fe2O3,Fe2O3 Ti-doped with None,2.09,spray pyrolysis,nanorod,nanorod,,,photoanode,,1 M NaOH,13.6,AM 1.5G,,99.9,1.23,298.0,0.969,,0.725,,13.61,,Yes,,[SYNTHETIC] Fe2O3 Ti-doped with None,synthetic,https://doi.org/synthetic_0135,0
10136,synthetic_0136,2020.0,Synthetic entry: Fe2O3 Sn-doped with CoOx,Fe2O3,Fe2O3 Sn-doped with CoOx,2.13,spray pyrolysis,nanorod,nanorod,CoOx,,photoanode,,1 M NaOH,13.2,AM 1.5G,,99.0,1.23,296.0,1.005,,1.09,,13.47,,Yes,,[SYNTHETIC] Fe2O3 Sn-doped with CoOx,synthetic,https://doi.org/synthetic_0136,0
10137,synthetic_0137,2017.0,Synthetic entry: Fe2O3 Sn-doped with IrO2,Fe2O3,Fe2O3 Sn-doped with IrO2,2.11,spray pyrolysis,nanorod,nanorod,IrO2,,photoanode,,1 M NaOH,13.4,AM 1.5G,,101.7,1.23,300.0,0.695,,0.598,,12.08,,Yes,,[SYNTHETIC] Fe2O3 Sn-doped with IrO2,synthetic,https://doi.org/synthetic_0137,0
10138,synthetic_0138,2020.0,Synthetic entry: Fe2O3 Sn-doped with None,Fe2O3,Fe2O3 Sn-doped with None,2.07,spray pyrolysis,nanorod,nanorod,,,photoanode,,1 M NaOH,13.7,AM 1.5G,,98.4,1.23,299.0,1.87,,1.868,,27.72,,Yes,,[SYNTHETIC] Fe2O3 Sn-doped with None,synthetic,https://doi.org/synthetic_0138,0
10139,synthetic_0139,2023.0,Synthetic entry: Fe2O3 Pt-doped with CoOx,Fe2O3,Fe2O3 Pt-doped with CoOx,2.07,spray pyrolysis,nanorod,nanorod,CoOx,,photoanode,,1 M NaOH,13.4,AM 1.5G,,100.4,1.23,298.0,0.934,,0.757,,12.55,,Yes,,[SYNTHETIC] Fe2O3 Pt-doped with CoOx,synthetic,https://doi.org/synthetic_0139,0
10140,synthetic_0140,2018.0,Synthetic entry: Fe2O3 Pt-doped with IrO2,Fe2O3,Fe2O3 Pt-doped with IrO2,2.12,spray pyrolysis,nanorod,nanorod,IrO2,,photoanode,,1 M NaOH,13.5,AM 1.5G,,98.1,1.23,301.0,1.0,,1.032,,18.5,,Yes,,[SYNTHETIC] Fe2O3 Pt-doped with IrO2,synthetic,https://doi.org/synthetic_0140,0
10141,synthetic_0141,2019.0,Synthetic entry: Fe2O3 Pt-doped with None,Fe2O3,Fe2O3 Pt-doped with None,2.11,spray pyrolysis,nanorod,nanorod,,,photoanode,,1 M NaOH,13.6,AM 1.5G,,99.1,1.23,296.0,1.342,,0.998,,23.22,,Yes,,[SYNTHETIC] Fe2O3 Pt-doped with None,synthetic,https://doi.org/synthetic_0141,0
10142,synthetic_0142,2017.0,Synthetic entry: Fe2O3 Si-doped with CoOx,Fe2O3,Fe2O3 Si-doped with CoOx,2.1,spray pyrolysis,nanorod,nanorod,CoOx,,photoanode,,1 M NaOH,13.5,AM 1.5G,,101.7,1.23,300.0,0.849,,0.894,,14.71,,Yes,,[SYNTHETIC] Fe2O3 Si-doped with CoOx,synthetic,https://doi.org/synthetic_0142,0
10143,synthetic_0143,2017.0,Synthetic entry: Fe2O3 Si-doped with IrO2,Fe2O3,Fe2O3 Si-doped with IrO2,2.06,spray pyrolysis,nanorod,nanorod,IrO2,,photoanode,,1 M NaOH,13.4,AM 1.5G,,99.0,1.23,296.0,0.581,,0.574,,10.76,,Yes,,[SYNTHETIC] Fe2O3 Si-doped with IrO2,synthetic,https://doi.org/synthetic_0143,0
10144,synthetic_0144,2020.0,Synthetic entry: Fe2O3 Si-doped with None,Fe2O3,Fe2O3 Si-doped with None,2.08,spray pyrolysis,nanorod,nanorod,,,photoanode,,1 M NaOH,13.6,AM 1.5G,,98.7,1.23,301.0,1.649,,1.265,,27.08,,Yes,,[SYNTHETIC] Fe2O3 Si-doped with None,synthetic,https://doi.org/synthetic_0144,0
10145,synthetic_0145,2022.0,Synthetic entry: Fe2O3 Mn-doped with CoOx,Fe2O3,Fe2O3 Mn-doped with CoOx,2.11,spray pyrolysis,nanorod,nanorod,CoOx,,photoanode,,1 M NaOH,13.3,AM 1.5G,,100.7,1.23,297.0,0.842,,0.614,,10.78,,Yes,,[SYNTHETIC] Fe2O3 Mn-doped with CoOx,synthetic,https://doi.org/synthetic_0145,0
10146,synthetic_0146,2019.0,Synthetic entry: Fe2O3 Mn-doped with IrO2,Fe2O3,Fe2O3 Mn-doped with IrO2,2.07,spray pyrolysis,nanorod,nanorod,IrO2,,photoanode,,1 M NaOH,13.5,AM 1.5G,,98.5,1.23,299.0,0.529,,0.543,,8.15,,Yes,,[SYNTHETIC] Fe2O3 Mn-doped with IrO2,synthetic,https://doi.org/synthetic_0146,0
10147,synthetic_0147,2019.0,Synthetic entry: Fe2O3 Mn-doped with None,Fe2O3,Fe2O3 Mn-doped with None,2.12,spray pyrolysis,nanorod,nanorod,,,photoanode,,1 M NaOH,13.7,AM 1.5G,,101.4,1.23,295.0,0.352,,0.327,,4.26,,Yes,,[SYNTHETIC] Fe2O3 Mn-doped with None,synthetic,https://doi.org/synthetic_0147,0
